Iteration	Posterior	Likelihood	Prior	rate01	rate_log_sd	tree_length
0	-3426.2	-3595.449	169.2494	0.3581252	1.565367	2.320686
6	-3420.02	-3588.428	168.4078	0.3184091	1.388792	3.001176
12	-3416.089	-3585.163	169.0739	0.349596	1.467608	2.504309
18	-3419.361	-3587.954	168.5929	0.349596	1.465553	2.802001
24	-3410.496	-3579.321	168.8251	0.4004779	1.443643	2.610126
30	-3412.153	-3581.028	168.8754	0.4004779	1.310306	2.661366
36	-3413.425	-3582.393	168.9678	0.4176247	1.404877	2.525365
42	-3407.684	-3574.152	166.4689	0.4022479	1.121477	4.183516
48	-3411.152	-3578.455	167.3034	0.3885928	1.088743	3.739839
54	-3420.657	-3587.463	166.8061	0.4092171	1.177402	3.951809
60	-3426.613	-3593.183	166.5699	0.3427528	1.17978	4.161407
66	-3416.68	-3583.443	166.7632	0.3943724	1.221075	3.967643
72	-3424.647	-3593.786	169.1394	0.4471882	1.568997	2.279246
78	-3431.996	-3601.027	169.0307	0.4476083	1.397268	2.45652
84	-3427.238	-3595.66	168.4227	0.3506883	1.359657	2.967615
90	-3418.395	-3585.423	167.0284	0.4308748	1.28404	3.739506
96	-3424.225	-3593.036	168.8114	0.4308748	1.346293	2.643432
102	-3422.34	-3590.988	168.6474	0.3724445	1.401027	2.779354
108	-3417.63	-3585.629	167.9993	0.4291173	1.43306	3.084995
114	-3417.152	-3585.737	168.5852	0.4225282	1.340717	2.794884
120	-3412.117	-3580.167	168.05	0.3719013	1.249649	3.229332
126	-3404.819	-3572.966	168.1469	0.412472	1.200465	3.154031
132	-3425.506	-3593.8	168.2944	0.5543145	1.243572	2.895436
138	-3408.646	-3577.942	169.2958	0.362032	1.49218	2.332572
144	-3422.651	-3592.092	169.4418	0.4443372	1.541156	2.104661
150	-3422.318	-3591.822	169.5042	0.3936895	1.520703	2.139116
156	-3420.218	-3589.683	169.465	0.2733719	1.511909	2.339414
162	-3415.037	-3584.766	169.7291	0.4521276	1.555669	1.894118
168	-3411.765	-3580.388	168.6235	0.4000287	1.484154	2.70984
174	-3409.663	-3578.871	169.208	0.3283833	1.463597	2.451444
180	-3417.651	-3586.139	168.4871	0.4351234	1.350696	2.834386
186	-3432.274	-3601.238	168.9638	0.2957536	1.387987	2.695909
192	-3420.094	-3589.058	168.9646	0.2937578	1.471627	2.646913
198	-3416.041	-3585.1	169.0598	0.3661044	1.490233	2.477493
204	-3427.911	-3596.773	168.8615	0.3661044	1.402713	2.655006
210	-3424.503	-3592.383	167.8796	0.3725303	1.32189	3.286563
216	-3412.666	-3581.294	168.6282	0.3310212	1.404746	2.841749
222	-3426.321	-3594.248	167.9271	0.3712259	1.292846	3.277206
228	-3439.529	-3608.132	168.603	0.4517079	1.292846	2.780969
234	-3432.053	-3601.87	169.8168	0.3463017	1.68219	1.887762
240	-3433.255	-3603.059	169.8042	0.380715	1.764742	1.791091
246	-3426.768	-3596.6	169.8322	0.3611056	1.853079	1.737671
252	-3421.023	-3590.527	169.5033	0.3356445	1.758291	2.062002
258	-3418.402	-3588.233	169.8305	0.3726094	1.610358	1.89023
264	-3412.112	-3581	168.8879	0.5169715	1.403673	2.46823
270	-3414.92	-3583.544	168.6247	0.391475	1.454356	2.73754
276	-3416.518	-3585.371	168.8532	0.447505	1.461376	2.52755
282	-3427.05	-3597.063	170.013	0.3171594	1.569746	1.874008
288	-3436.05	-3605.871	169.8208	0.3797755	1.610869	1.886643
294	-3428.011	-3597.998	169.9875	0.3334503	1.65095	1.811055
300	-3420.201	-3589.586	169.385	0.293972	1.393659	2.433355
306	-3414.544	-3583.349	168.8054	0.3603561	1.474165	2.652839
312	-3417.838	-3586.365	168.5271	0.4197552	1.461396	2.759872
318	-3420.612	-3590.151	169.5389	0.3707985	1.517977	2.14793
324	-3422.258	-3592.259	170.001	0.3459209	1.518898	1.874071
330	-3427.622	-3597.325	169.7033	0.4335187	1.595801	1.907051
336	-3411.684	-3581.177	169.4929	0.3264319	1.595801	2.188247
342	-3407.955	-3577.735	169.7794	0.3845034	1.595801	1.918628
348	-3398.238	-3568.366	170.1283	0.3948835	1.67051	1.608423
354	-3411.679	-3581.538	169.8594	0.3967067	1.727062	1.757006
360	-3406.973	-3577.154	170.1816	0.4351506	1.72306	1.474013
366	-3409.06	-3578.94	169.8798	0.4477857	1.72306	1.678483
372	-3410.611	-3580.055	169.4441	0.3858727	1.604809	2.133448
378	-3406.176	-3576.077	169.9018	0.3323779	1.582176	1.918222
384	-3406.487	-3575.536	169.0493	0.4022681	1.531826	2.412948
390	-3416.06	-3585.231	169.171	0.3560979	1.509778	2.408334
396	-3427.876	-3597.126	169.2494	0.4342034	1.486772	2.276473
402	-3426.353	-3595.694	169.3407	0.4151003	1.571679	2.185669
408	-3406.673	-3576.337	169.6644	0.3855762	1.511475	2.050449
414	-3419.205	-3588.206	169.0015	0.3855762	1.484161	2.493294
420	-3410.851	-3579.649	168.7977	0.3415471	1.436703	2.704973
426	-3400.444	-3569.916	169.4717	0.362141	1.437256	2.255105
432	-3408.475	-3578.195	169.7194	0.3426236	1.583572	2.024665
438	-3413.45	-3583.105	169.6551	0.3913948	1.677519	1.938182
444	-3410.96	-3580.482	169.5221	0.3932821	1.520385	2.128187
450	-3414.087	-3583.525	169.4386	0.4864982	1.435111	2.128187
456	-3413.146	-3582.632	169.4861	0.3931009	1.614883	2.090039
462	-3414.979	-3584.35	169.3713	0.3931009	1.490884	2.245306
468	-3420.858	-3589.787	168.9291	0.4271174	1.444283	2.513951
474	-3421.868	-3590.849	168.9818	0.457567	1.306294	2.532975
480	-3404.016	-3573.396	169.38	0.4300116	1.433417	2.231739
486	-3411.365	-3580.461	169.0959	0.4126765	1.433417	2.433089
492	-3421.203	-3590.137	168.9343	0.4126765	1.573084	2.446893
498	-3405.512	-3574.454	168.9425	0.4126765	1.475155	2.503101
504	-3411.613	-3580.08	168.4677	0.5263423	1.36505	2.742887
510	-3412.6	-3581.798	169.1988	0.3122448	1.391013	2.52518
516	-3420.669	-3589.381	168.7113	0.2994179	1.354373	2.865155
522	-3412.552	-3582.462	169.9106	0.2929075	1.665706	1.916386
528	-3413.467	-3583	169.5325	0.3923149	1.654376	2.034389
534	-3415.526	-3585.599	170.0729	0.2943404	1.715825	1.768225
540	-3402.127	-3571.876	169.7494	0.3547793	1.517561	2.03152
546	-3400.6	-3569.73	169.1293	0.360787	1.364726	2.519348
552	-3403.754	-3573.008	169.2546	0.3517687	1.425279	2.4146
558	-3409.449	-3578.119	168.6694	0.4955931	1.42011	2.61583
564	-3424.219	-3592.592	168.3729	0.5127895	1.338734	2.829965
570	-3412.119	-3581.171	169.0517	0.5241859	1.433792	2.338487
576	-3416.575	-3585.882	169.3069	0.4313578	1.433792	2.276904
582	-3411.832	-3581.503	169.6704	0.3987989	1.516074	2.02631
588	-3424.622	-3594.298	169.6753	0.4071152	1.620567	1.942506
594	-3424.501	-3594.18	169.6794	0.4561992	1.721917	1.809319
600	-3418.315	-3587.534	169.219	0.4045535	1.439343	2.361353
606	-3420.39	-3589.073	168.6828	0.3489374	1.328292	2.831603
612	-3419.075	-3587.753	168.6773	0.4026107	1.354921	2.753001
618	-3429.27	-3598.173	168.9039	0.3583722	1.452349	2.60805
624	-3438.042	-3608.382	170.3392	0.3709219	1.795363	1.392144
630	-3426.026	-3596.409	170.3827	0.3709219	1.780261	1.36987
636	-3420.808	-3591.092	170.2833	0.4430776	1.829301	1.300094
642	-3425.895	-3593.817	167.9216	0.4508492	1.250456	3.21635
648	-3419.204	-3587.755	168.5513	0.4508492	1.355858	2.77502
654	-3427.423	-3596.229	168.8058	0.5939761	1.336708	2.487499
660	-3420.899	-3590.169	169.2706	0.4355919	1.477863	2.266934
666	-3410.833	-3579.775	168.942	0.3732588	1.436508	2.575415
672	-3402.896	-3572.488	169.5921	0.3703037	1.488248	2.133309
678	-3420.873	-3590.131	169.2575	0.4694459	1.419316	2.274394
684	-3416.958	-3586.023	169.0652	0.4158812	1.444991	2.441377
690	-3423.165	-3592.466	169.301	0.4382879	1.529087	2.211247
696	-3428.75	-3598.396	169.6469	0.4562366	1.707892	1.841342
702	-3416.912	-3585.492	168.58	0.4299004	1.402195	2.752288
708	-3419.786	-3588.04	168.2538	0.3706074	1.348505	3.050902
714	-3419.755	-3588.324	168.5698	0.4416637	1.461491	2.709156
720	-3418.203	-3586.424	168.2206	0.4416637	1.404762	2.955638
726	-3416.265	-3585.263	168.9976	0.3743573	1.385487	2.571169
732	-3421.878	-3591.468	169.5898	0.5711795	1.576271	1.842583
738	-3413.581	-3583.338	169.7573	0.448146	1.609973	1.842583
744	-3413.141	-3583.052	169.9106	0.448146	1.676357	1.68938
750	-3411.218	-3581.366	170.1482	0.3893874	1.736648	1.55341
756	-3417.081	-3587.265	170.1839	0.3893874	1.806867	1.474263
762	-3421.741	-3591.648	169.9075	0.3893874	1.759689	1.71037
768	-3410.613	-3581.122	170.5091	0.3417823	1.773511	1.323028
774	-3416.958	-3586.938	169.9805	0.4237254	1.785526	1.59247
780	-3420.731	-3590.256	169.5246	0.4074963	1.598683	2.057112
786	-3426.22	-3595.745	169.5249	0.3998428	1.612974	2.057112
792	-3427.389	-3597.064	169.6758	0.4004695	1.66168	1.923035
798	-3429.674	-3599.425	169.7507	0.3653043	1.652228	1.925994
804	-3407.727	-3577.736	170.0085	0.4372298	1.682591	1.628903
810	-3418.303	-3588.034	169.7315	0.4372298	1.546642	1.91672
816	-3409.909	-3579.372	169.4631	0.3684349	1.512127	2.204052
822	-3409.902	-3578.7	168.798	0.3684349	1.404967	2.689758
828	-3418.436	-3586.492	168.0558	0.4060602	1.322267	3.143033
834	-3429.588	-3598.832	169.2436	0.394953	1.466164	2.340431
840	-3425.983	-3594.498	168.515	0.3452886	1.467328	2.85377
846	-3429.008	-3596.782	167.7734	0.3897867	1.345504	3.314944
852	-3431.56	-3600.709	169.1493	0.4209395	1.43339	2.389653
858	-3428.728	-3597.211	168.4836	0.345432	1.332899	2.953747
864	-3411.403	-3580.214	168.8108	0.3056002	1.439552	2.744026
870	-3420.062	-3588.779	168.7171	0.3592623	1.399429	2.754253
876	-3437.645	-3606.109	168.4644	0.4962121	1.398812	2.754253
882	-3419.983	-3588.298	168.315	0.4962121	1.398812	2.845214
888	-3412.732	-3581.073	168.3405	0.4969277	1.39718	2.830013
894	-3415.669	-3584.397	168.7273	0.4615028	1.423249	2.61401
900	-3418.426	-3586.832	168.4061	0.4272982	1.454785	2.829098
906	-3416.792	-3585.32	168.528	0.3681516	1.447437	2.829098
912	-3414.58	-3582.99	168.4104	0.4795631	1.474836	2.757896
918	-3419.646	-3588.423	168.7775	0.3459782	1.360982	2.757896
924	-3413.493	-3582.181	168.6878	0.4357706	1.497137	2.621119
930	-3420.827	-3589.504	168.6774	0.3733634	1.352658	2.789406
936	-3412.334	-3581.65	169.3164	0.4766815	1.556742	2.139472
942	-3419.421	-3589.271	169.8501	0.4625388	1.56172	1.794401
948	-3421.171	-3590.845	169.6741	0.508988	1.619961	1.82158
954	-3422.833	-3592.988	170.1557	0.4393426	1.720786	1.489535
960	-3418.37	-3588.512	170.1425	0.4121216	1.797367	1.479722
966	-3421.539	-3591.962	170.4224	0.3233477	1.863555	1.352421
972	-3429.361	-3599.509	170.1484	0.4227463	2.047577	1.262175
978	-3421.982	-3592.149	170.1669	0.5042164	1.929038	1.226972
984	-3416.035	-3586.386	170.3511	0.3414446	1.815028	1.415324
990	-3416.012	-3586.343	170.3312	0.4234227	1.900507	1.231283
996	-3423.145	-3593.467	170.3227	0.4234227	1.909025	1.231283
1002	-3424.627	-3595.117	170.4898	0.3688732	2.01342	1.085524
1008	-3432.775	-3603.119	170.3437	0.3519956	1.988069	1.265285
1014	-3422.352	-3591.079	168.7274	0.3883167	1.465016	2.671841
1020	-3426.811	-3596.081	169.2706	0.3294383	1.443032	2.423523
1026	-3417.417	-3585.774	168.3571	0.322929	1.315664	3.06922
1032	-3420.264	-3588.195	167.9308	0.3761237	1.386769	3.213672
1038	-3423.459	-3591.704	168.2444	0.3761237	1.379969	3.031003
1044	-3422.12	-3591.095	168.9744	0.3179109	1.439137	2.626599
1050	-3415.145	-3584.63	169.4853	0.4323395	1.563903	2.075385
1056	-3418.936	-3586.92	167.9842	0.3559289	1.45183	3.167963
1062	-3419.85	-3586.802	166.9518	0.4013558	1.279523	3.81817
1068	-3410.212	-3576.413	166.2005	0.4027724	1.117303	4.337339
1074	-3412.385	-3580.125	167.7403	0.4027724	1.180368	3.416571
1080	-3408.42	-3575.306	166.886	0.4562167	1.224714	3.829493
1086	-3407.482	-3574.165	166.6829	0.3577882	1.220844	4.055638
1092	-3410.248	-3576.86	166.6124	0.3697244	1.266876	4.055638
1098	-3399.799	-3567.005	167.2062	0.32546	1.235454	3.787092
1104	-3411.727	-3578.44	166.7124	0.3892693	1.101538	4.070612
1110	-3416.059	-3584.08	168.0211	0.3536118	1.282989	3.248978
1116	-3427.482	-3595.075	167.5929	0.3764122	1.236205	3.500368
1122	-3423.279	-3591.38	168.1006	0.5435427	1.220525	3.035865
1128	-3414.349	-3582.916	168.5672	0.5033202	1.314587	2.735726
1134	-3415.483	-3584.21	168.7272	0.3228699	1.352549	2.824188
1140	-3420.181	-3588.832	168.6518	0.3886656	1.355798	2.784538
1146	-3422.288	-3590.085	167.7969	0.4485681	1.34335	3.237582
1152	-3419.623	-3587.999	168.3763	0.4021086	1.352317	2.93775
1158	-3411.45	-3579.515	168.0652	0.4021086	1.373027	3.111717
1164	-3425.84	-3593.308	167.4679	0.4388165	1.43396	3.388273
1170	-3418.994	-3585.978	166.984	0.4645226	1.176185	3.792683
1176	-3427.647	-3594.754	167.1067	0.3896388	1.169921	3.805245
1182	-3417.468	-3584.645	167.1765	0.4286394	1.049774	3.791582
1188	-3404.68	-3570.826	166.1459	0.3719521	1.119143	4.40138
1194	-3414.435	-3581.596	167.161	0.3350129	1.108655	3.873964
1200	-3402.805	-3570.108	167.3027	0.4521511	1.121283	3.65287
1206	-3411.769	-3579.629	167.86	0.4120662	1.199057	3.324945
1212	-3406.728	-3575.724	168.9958	0.3991419	1.382429	2.543811
1218	-3410.372	-3578.283	167.9111	0.4504104	1.359716	3.158224
1224	-3399.567	-3567.936	168.3693	0.3796116	1.341768	2.974821
1230	-3405.648	-3572.573	166.9245	0.4086996	1.218878	3.860658
1236	-3404.392	-3571.151	166.7585	0.4390957	1.183073	3.944118
1242	-3409.29	-3577.83	168.5392	0.4882226	1.329203	2.759208
1248	-3403.161	-3571.71	168.5489	0.3759461	1.3535	2.863801
1254	-3401.044	-3568.994	167.9499	0.3145757	1.3877	3.279267
1260	-3413.082	-3580.061	166.9788	0.3094319	1.319306	3.890302
1266	-3414.317	-3580.466	166.15	0.3811331	1.146002	4.373547
1272	-3430.146	-3600.018	169.8718	0.3551826	1.633957	1.870418
1278	-3427.927	-3597.818	169.8912	0.3993833	1.694981	1.753623
1284	-3418.609	-3587.947	169.3373	0.4551946	1.523974	2.171464
1290	-3420.337	-3589.596	169.2591	0.328146	1.50377	2.394262
1296	-3427.213	-3596.338	169.1251	0.4473939	1.459158	2.358105
1302	-3432.312	-3601.066	168.7543	0.422729	1.336474	2.693859
1308	-3414.63	-3582.58	167.9501	0.4799975	1.403336	3.078389
1314	-3418.034	-3585.29	167.2567	0.4582618	1.244088	3.602083
1320	-3411.931	-3578.264	166.3333	0.3778664	1.261034	4.208372
1326	-3417.242	-3584.21	166.9681	0.3342878	1.161624	3.955071
1332	-3420.984	-3588.016	167.0321	0.3169966	1.135866	3.955071
1338	-3419.785	-3586.715	166.9305	0.3474855	1.137152	3.974413
1344	-3424.453	-3590.376	165.9226	0.3613994	1.101176	4.549349
1350	-3414.436	-3581.326	166.8904	0.3705338	1.210002	3.92828
1356	-3409.086	-3576.876	167.7903	0.4466949	1.188948	3.334478
1362	-3423.16	-3591.122	167.962	0.3295028	1.308798	3.299064
1368	-3416.861	-3584.252	167.3912	0.3792221	1.272579	3.593272
1374	-3414.975	-3583.221	168.2468	0.3502911	1.224893	3.153759
1380	-3422.762	-3589.613	166.8509	0.3691374	1.109729	4.009912
1386	-3422.604	-3589.388	166.7833	0.3691374	1.177279	4.009912
1392	-3418.507	-3586.307	167.8004	0.404888	1.345277	3.281978
1398	-3415.567	-3583.411	167.8441	0.4010737	1.342212	3.262283
1404	-3424.199	-3591.871	167.6724	0.3884979	1.333239	3.383004
1410	-3416.422	-3583.256	166.8341	0.3263629	1.242414	3.995419
1416	-3405.14	-3573.51	168.3699	0.331112	1.391696	3.005255
1422	-3406.563	-3575.28	168.7164	0.3358942	1.360281	2.808722
1428	-3408.776	-3577.405	168.6296	0.3568292	1.402595	2.808722
1434	-3417.95	-3587.332	169.3818	0.3568292	1.488501	2.28694
1440	-3430.563	-3600.396	169.8331	0.3502627	1.603801	1.924159
1446	-3414.13	-3583.256	169.1266	0.3641891	1.399952	2.494686
1452	-3417.318	-3586.456	169.1382	0.3641891	1.446683	2.458137
1458	-3406.87	-3575.227	168.3566	0.4148365	1.462223	2.868672
1464	-3411.84	-3581.8	169.96	0.4185852	1.571067	1.766626
1470	-3411.099	-3579.346	168.2474	0.4220483	1.306148	3.020286
1476	-3415.717	-3584.216	168.4995	0.337296	1.406957	2.910037
1482	-3422.224	-3590.56	168.3356	0.4820507	1.314051	2.898407
1488	-3423.537	-3591.918	168.3805	0.4227684	1.374373	2.898407
1494	-3423.06	-3590.912	167.8515	0.3433927	1.305641	3.348266
1500	-3432.169	-3600.412	168.243	0.4177079	1.358469	2.996423
1506	-3423.601	-3591.976	168.3758	0.4177079	1.342139	2.926377
1512	-3432.664	-3601.222	168.559	0.3376231	1.319703	2.926377
1518	-3417.095	-3584.365	167.2696	0.2773454	1.204372	3.832855
1524	-3409.86	-3578.877	169.0163	0.3308131	1.328578	2.651283
1530	-3411.586	-3580.011	168.4251	0.4046145	1.252625	2.965472
1536	-3416.205	-3585.279	169.0736	0.3094877	1.379966	2.613608
1542	-3418.944	-3587.937	168.9934	0.4223856	1.571761	2.399024
1548	-3419.336	-3588.416	169.0808	0.395834	1.465893	2.442428
1554	-3423.576	-3591.752	168.1754	0.319315	1.367693	3.151272
1560	-3410.448	-3579.167	168.7199	0.402126	1.428413	2.68241
1566	-3422.767	-3591.009	168.2422	0.4440003	1.351472	2.972152
1572	-3423.46	-3591.845	168.3852	0.4743992	1.373318	2.840441
1578	-3429.767	-3596.814	167.0465	0.395736	1.23146	3.797599
1584	-3418.379	-3585.659	167.2798	0.4764229	1.207728	3.591461
1590	-3419.466	-3587.85	168.3836	0.3416275	1.420273	2.966236
1596	-3423.085	-3591.371	168.2854	0.4201747	1.304197	3.000764
1602	-3415.24	-3584.25	169.0105	0.3570846	1.403004	2.57426
1608	-3415.958	-3584.63	168.6711	0.4592027	1.457051	2.63035
1614	-3414.459	-3583.015	168.5562	0.3844404	1.420078	2.808686
1620	-3424.797	-3592.481	167.6833	0.3844404	1.320218	3.388971
1626	-3424.954	-3593.184	168.2303	0.3840002	1.292579	3.082316
1632	-3422.011	-3589.889	167.8784	0.3638657	1.344882	3.284109
1638	-3417.723	-3585.742	168.0189	0.3638657	1.296726	3.229567
1644	-3414.796	-3582.991	168.1949	0.4608575	1.245881	3.045914
1650	-3409.878	-3578.633	168.7559	0.3764485	1.381952	2.719792
1656	-3418.407	-3587.54	169.1325	0.4933222	1.461979	2.301148
1662	-3406.056	-3575.455	169.3987	0.4163284	1.551359	2.159726
1668	-3415.127	-3584.609	169.482	0.3995781	1.509316	2.153603
1674	-3413.867	-3582.827	168.9604	0.5191313	1.406133	2.418928
1680	-3421.412	-3589.71	168.2977	0.3963321	1.418606	2.951867
1686	-3419.558	-3588.045	168.4869	0.3465354	1.330359	2.951867
1692	-3414.134	-3582.608	168.4741	0.3625128	1.330359	2.939493
1698	-3410.503	-3578.6	168.097	0.4871351	1.330359	3.026966
1704	-3419.693	-3589.086	169.3929	0.3920201	1.554101	2.191874
1710	-3405.682	-3575.083	169.4012	0.402307	1.525923	2.191874
1716	-3415.786	-3584.794	169.0088	0.3799093	1.345486	2.582126
1722	-3416.082	-3584.07	167.988	0.4938829	1.187932	3.170143
1728	-3412.055	-3580.163	168.1076	0.3573556	1.321758	3.170143
1734	-3424.756	-3593.021	168.2652	0.439478	1.298524	2.995069
1740	-3418.999	-3587.357	168.358	0.3752641	1.328082	2.995069
1746	-3420.868	-3589.206	168.3375	0.4247404	1.432893	2.886762
1752	-3413.224	-3581.756	168.5319	0.3624085	1.451442	2.831414
1758	-3418.868	-3587.42	168.5518	0.4904055	1.362552	2.728925
1764	-3425.012	-3594.224	169.2115	0.3960181	1.409694	2.39524
1770	-3423.839	-3592.443	168.6039	0.3785454	1.369233	2.817703
1776	-3421.08	-3589.364	168.2841	0.3418684	1.410648	3.031398
1782	-3435.54	-3603.638	168.0979	0.4437798	1.343877	3.063468
1788	-3432.965	-3600.573	167.6079	0.3299477	1.216686	3.559708
1794	-3432.22	-3600.192	167.972	0.3774212	1.276519	3.253005
1800	-3414.217	-3582.314	168.0962	0.3174821	1.279558	3.25286
1806	-3415.304	-3583.629	168.3249	0.4043451	1.356032	2.963872
1812	-3425.2	-3593.475	168.2751	0.4043451	1.405849	2.963872
1818	-3416.044	-3585.308	169.2642	0.4146808	1.405318	2.342064
1824	-3415.533	-3584.868	169.3345	0.3429267	1.478693	2.342064
1830	-3417.818	-3587.076	169.2582	0.3895392	1.469764	2.33559
1836	-3429.703	-3599.266	169.5635	0.4823381	1.605458	1.937054
1842	-3418.11	-3587.375	169.2649	0.3176126	1.521512	2.394141
1848	-3428.166	-3597.297	169.1313	0.3675088	1.4641	2.447279
1854	-3424.722	-3593.054	168.332	0.3408647	1.395437	3.013122
1860	-3430.06	-3597.6	167.5399	0.4143986	1.150666	3.538082
1866	-3430.447	-3597.834	167.3873	0.4443855	1.2482	3.538082
1872	-3419.559	-3587.7	168.1405	0.4199829	1.31877	3.078971
1878	-3418.307	-3586.837	168.5294	0.4848775	1.442699	2.699217
1884	-3418.392	-3587.578	169.1858	0.3234845	1.446027	2.483164
1890	-3413.219	-3582.248	169.0293	0.365644	1.428971	2.535442
1896	-3410.024	-3576.938	166.9144	0.4255253	1.282348	3.811851
1902	-3406.629	-3576.185	169.5561	0.3767186	1.612821	2.066665
1908	-3414.844	-3584.173	169.3295	0.5093966	1.513838	2.123219
1914	-3413.307	-3582.76	169.4532	0.4369328	1.514753	2.123219
1920	-3419.78	-3589.336	169.5569	0.3051497	1.524146	2.224187
1926	-3425.601	-3595.477	169.8768	0.3571946	1.612546	1.878714
1932	-3424.453	-3594.639	170.1855	0.4003114	1.889079	1.393614
1938	-3429.954	-3600.129	170.1742	0.3991658	1.902648	1.393614
1944	-3419.029	-3588.763	169.7341	0.3248739	1.672776	1.981147
1950	-3419.357	-3589.371	170.0148	0.3266828	1.764705	1.723067
1956	-3412.292	-3581.398	169.106	0.3266828	1.446835	2.528077
1962	-3426.941	-3596.579	169.6381	0.4918276	1.552145	1.91188
1968	-3419.742	-3589.335	169.5939	0.4038112	1.701222	1.947267
1974	-3414.231	-3583.308	169.0776	0.3203382	1.416615	2.573263
1980	-3419.73	-3588.205	168.4754	0.410327	1.370824	2.857234
1986	-3424.281	-3592.09	167.8086	0.3463758	1.249416	3.402736
1992	-3417.528	-3586.716	169.1875	0.3609388	1.638952	2.309527
1998	-3420.471	-3589.188	168.7176	0.3786149	1.358465	2.754949
2004	-3420.056	-3588.913	168.8574	0.4288775	1.482726	2.532696
2010	-3408.706	-3577.469	168.7629	0.3999358	1.499485	2.614733
2016	-3421.023	-3589.775	168.7514	0.3034247	1.432585	2.787616
2022	-3420.53	-3589.216	168.6862	0.4646131	1.238254	2.749665
2028	-3412.662	-3581.369	168.7073	0.45431	1.235232	2.749665
2034	-3407.062	-3575.768	168.7061	0.3926488	1.456598	2.684853
2040	-3411.377	-3580.439	169.0622	0.3655648	1.456598	2.497733
2046	-3415.183	-3584.434	169.2508	0.4053227	1.456598	2.329264
2052	-3418.943	-3587.809	168.8655	0.467404	1.447742	2.506567
2058	-3425.349	-3594.676	169.3267	0.3004845	1.584526	2.339882
2064	-3415.068	-3584.245	169.1772	0.3134664	1.511384	2.46164
2070	-3415.796	-3585.283	169.4867	0.3638166	1.607939	2.132612
2076	-3409.496	-3578.639	169.1433	0.3306519	1.507172	2.461577
2082	-3403.682	-3572.59	168.9082	0.349494	1.421909	2.635694
2088	-3405.13	-3573.602	168.4718	0.4639718	1.441578	2.757137
2094	-3418.443	-3586.9	168.4579	0.3220958	1.402	2.958172
2100	-3409.443	-3577.867	168.4245	0.3906977	1.361925	2.916215
2106	-3407.898	-3577.252	169.3538	0.3906977	1.536172	2.23043
2112	-3408.793	-3578.433	169.6396	0.3360395	1.506554	2.137185
2118	-3415.356	-3584.588	169.2323	0.3681672	1.614859	2.286796
2124	-3412.993	-3582.219	169.2261	0.4481384	1.468736	2.286796
2130	-3427.429	-3597.156	169.7268	0.3885985	1.582565	1.957525
2136	-3436.415	-3605.475	169.0607	0.3711284	1.553544	2.430801
2142	-3428.397	-3597.27	168.8726	0.3641459	1.489058	2.597319
2148	-3424.84	-3593.275	168.435	0.3510929	1.437036	2.91304
2154	-3425.742	-3593.53	167.7883	0.456327	1.31718	3.249997
2160	-3435.935	-3606.026	170.091	0.3786261	1.559384	1.73721
2166	-3429.938	-3599.112	169.1741	0.4073012	1.459047	2.373998
2172	-3426.865	-3595.696	168.8308	0.4423557	1.299786	2.647301
2178	-3421.656	-3590.237	168.5808	0.5469119	1.237428	2.731942
2184	-3422.301	-3591.278	168.9771	0.348936	1.556773	2.509967
2190	-3412.121	-3581.102	168.9811	0.4491929	1.430471	2.465038
2196	-3422.659	-3592.128	169.4691	0.427667	1.539889	2.107449
2202	-3417.792	-3585.294	167.5024	0.3291283	1.315284	3.564776
2208	-3426.997	-3593.917	166.9193	0.3247149	1.343619	3.890794
2214	-3424.533	-3591.602	167.0698	0.3384296	1.163109	3.890794
2220	-3412.967	-3581.165	168.1985	0.3611302	1.398921	3.065402
2226	-3409.717	-3577.772	168.0544	0.4368292	1.450564	3.033161
2232	-3413.044	-3582.656	169.6122	0.3665225	1.559661	2.078346
2238	-3412.589	-3582.268	169.679	0.4554368	1.546788	1.930097
2244	-3398.993	-3568.954	169.9609	0.475523	1.710472	1.594255
2250	-3418.134	-3587.95	169.816	0.5655416	1.710472	1.594255
2256	-3411.863	-3581.859	169.996	0.3571177	1.630316	1.784642
2262	-3411.65	-3581.157	169.5068	0.4528478	1.592099	2.018106
2268	-3414.654	-3584.327	169.6724	0.373581	1.450051	2.101364
2274	-3410.204	-3579.614	169.4097	0.3838156	1.421165	2.277093
2280	-3418.302	-3587.285	168.9833	0.480459	1.496481	2.387823
2286	-3418.035	-3587.198	169.1634	0.3822927	1.496481	2.387823
2292	-3415.761	-3585.062	169.3012	0.3631815	1.39732	2.387823
2298	-3415.621	-3584.708	169.0872	0.3317842	1.448334	2.53188
2304	-3416.283	-3583.17	166.8872	0.3908438	1.185505	3.920971
2310	-3417.643	-3587.152	169.5081	0.3601034	1.606342	2.124665
2316	-3425.166	-3594.66	169.4936	0.2889145	1.594252	2.244332
2322	-3408.838	-3578.766	169.9285	0.4171232	1.640367	1.742123
2328	-3411.553	-3581.755	170.2024	0.3782596	1.788466	1.490894
2334	-3414.4	-3584.4	169.9992	0.4053783	1.673414	1.684549
2340	-3427.989	-3596.204	168.215	0.3630723	1.363838	3.074119
2346	-3435.646	-3604.305	168.6594	0.4734475	1.241592	2.754661
2352	-3424.406	-3592.519	168.1132	0.308432	1.329344	3.225543
2358	-3426.504	-3592.739	166.2357	0.4308106	1.297219	4.185677
2364	-3424.332	-3592.494	168.1617	0.3500389	1.387912	3.107704
2370	-3413.726	-3582.23	168.504	0.4464194	1.387912	2.789099
2376	-3415.894	-3585.138	169.2443	0.3651314	1.409823	2.413366
2382	-3418.109	-3587.645	169.5366	0.4975363	1.557297	1.970363
2388	-3428.408	-3598.332	169.9236	0.4949991	1.693844	1.609512
2394	-3431.646	-3602.013	170.3666	0.3361995	1.742065	1.467995
2400	-3412.819	-3582.961	170.142	0.3576253	1.763499	1.585285
2406	-3411.988	-3581.763	169.7756	0.4178487	1.729851	1.785431
2412	-3410.155	-3580.104	169.9486	0.3331833	1.732686	1.781786
2418	-3420.278	-3590.508	170.2294	0.3143831	1.934941	1.462299
2424	-3413.389	-3583.714	170.3247	0.2804793	1.839688	1.52206
2430	-3408.432	-3578.741	170.3085	0.286015	1.823057	1.536478
2436	-3411.53	-3581.478	169.9479	0.4359728	1.79085	1.595959
2442	-3426.361	-3596.356	169.9948	0.4175972	1.801096	1.579033
2448	-3416.171	-3586.197	170.0265	0.3713051	1.784952	1.633163
2454	-3423.118	-3593.326	170.2073	0.3339775	1.714441	1.609991
2460	-3421.828	-3591.779	169.951	0.4136809	1.735931	1.663122
2466	-3423.141	-3592.408	169.2674	0.3930667	1.650911	2.209115
2472	-3418.038	-3587.17	169.1326	0.444864	1.585474	2.275693
2478	-3420.147	-3589.052	168.9044	0.4717197	1.449004	2.476792
2484	-3438.855	-3607.748	168.8932	0.3058881	1.398189	2.718495
2490	-3417.739	-3586.667	168.9286	0.4622313	1.426272	2.486186
2496	-3413.538	-3582.665	169.1265	0.3572327	1.398208	2.504789
2502	-3425.944	-3594.755	168.8103	0.3572327	1.480354	2.650032
2508	-3415.386	-3584.358	168.9724	0.3233524	1.391017	2.650032
2514	-3401.374	-3570.318	168.9443	0.3318985	1.407141	2.645778
2520	-3412.651	-3581.766	169.1151	0.306373	1.465259	2.539388
2526	-3414.944	-3583.419	168.4746	0.3812155	1.311878	2.927502
2532	-3410.358	-3578.229	167.8713	0.3964151	1.171194	3.352298
2538	-3413.617	-3581.019	167.4024	0.3145959	1.106019	3.762576
2544	-3409.63	-3577.289	167.6594	0.3189326	1.217919	3.543207
2550	-3415.23	-3583.604	168.3747	0.4540429	1.303305	2.910602
2556	-3408.9	-3576.599	167.6984	0.4540429	1.303305	3.313581
2562	-3415.588	-3583.033	167.4457	0.4410474	1.206754	3.531692
2568	-3406.829	-3575.12	168.2912	0.4297001	1.277821	3.002577
2574	-3404.315	-3572.016	167.7003	0.4637668	1.228877	3.346208
2580	-3402.545	-3570.112	167.567	0.4638709	1.263414	3.404058
2586	-3406.705	-3575.339	168.6342	0.3401932	1.325379	2.874145
2592	-3415.671	-3585.661	169.9901	0.4179373	1.789604	1.590348
2598	-3419.809	-3590.023	170.2147	0.5162879	1.886106	1.2061
2604	-3414.99	-3585.241	170.2509	0.4632726	1.622822	1.459469
2610	-3409.865	-3579.011	169.1468	0.2866116	1.487194	2.534906
2616	-3412.744	-3581.742	168.9977	0.3962977	1.400339	2.534906
2622	-3414.07	-3583.282	169.2116	0.4339513	1.499825	2.292608
2628	-3423.826	-3593.157	169.3306	0.3769521	1.489719	2.292608
2634	-3416.181	-3585.526	169.3444	0.4866456	1.487854	2.155061
2640	-3423.571	-3593.587	170.0164	0.4500181	1.580558	1.679838
2646	-3416.15	-3586.35	170.1995	0.4748291	1.763886	1.374818
2652	-3408.745	-3579.118	170.3732	0.4518101	2.004462	1.055609
2658	-3419.785	-3590.018	170.2333	0.4454182	1.882928	1.29374
2664	-3428.155	-3596.38	168.2252	0.3404049	1.287149	3.142113
2670	-3418.919	-3587.661	168.743	0.2913106	1.378421	2.842937
2676	-3424.717	-3594.595	169.878	0.3110791	1.621431	1.939805
2682	-3412.929	-3582.772	169.8428	0.279394	1.550764	2.06014
2688	-3404.756	-3574.305	169.5491	0.3715752	1.544498	2.122917
2694	-3409.331	-3579.156	169.8254	0.267622	1.577683	2.073049
2700	-3406.693	-3575.377	168.6842	0.3639565	1.357476	2.794016
2706	-3411.32	-3580.973	169.653	0.3608545	1.4911	2.104205
2712	-3405.6	-3574.996	169.3961	0.3608545	1.545935	2.235535
2718	-3412.187	-3582.361	170.1739	0.3557468	1.664709	1.636581
2724	-3409.102	-3579.139	170.0374	0.3976766	1.681418	1.662141
2730	-3410.896	-3580.362	169.4662	0.3748659	1.561847	2.161352
2736	-3424.467	-3593.698	169.2314	0.3255628	1.613083	2.346138
2742	-3413.953	-3583.339	169.3861	0.3621056	1.615138	2.195658
2748	-3419.223	-3588.794	169.5715	0.2619052	1.56654	2.254829
2754	-3425.774	-3595.324	169.5494	0.2645411	1.526057	2.290665
2760	-3427.469	-3596.648	169.1788	0.4230263	1.453715	2.355666
2766	-3436.61	-3605.329	168.7197	0.4225897	1.399822	2.676358
2772	-3419.717	-3589.096	169.3788	0.4063618	1.509677	2.211862
2778	-3410.466	-3580.554	170.0882	0.4063618	1.601904	1.670763
2784	-3417.708	-3587.377	169.6686	0.3381764	1.639553	2.027576
2790	-3417.774	-3587.595	169.8216	0.3922931	1.639553	1.849697
2796	-3416.185	-3585.759	169.574	0.3857505	1.648376	2.019406
2802	-3405.219	-3574.853	169.6333	0.5155696	1.523179	1.908279
2808	-3410.914	-3580.693	169.7785	0.3803033	1.565241	1.945437
2814	-3405.137	-3574.536	169.3993	0.3803033	1.458215	2.264482
2820	-3434.93	-3604.198	169.2676	0.3345426	1.53276	2.361631
2826	-3423.928	-3593.777	169.8488	0.4092973	1.677748	1.781943
2832	-3422.218	-3591.875	169.6569	0.3287394	1.591826	2.080392
2838	-3419.644	-3589.452	169.8079	0.3357457	1.591826	1.96999
2844	-3414.647	-3582.344	167.6964	0.3575676	1.359232	3.390376
2850	-3415.249	-3583.327	168.0786	0.3575676	1.365162	3.161309
2856	-3422.15	-3590.98	168.8299	0.4014364	1.538073	2.547474
2862	-3412.472	-3581.331	168.8594	0.4145833	1.483532	2.547474
2868	-3422.962	-3592.387	169.4252	0.3494657	1.487252	2.269832
2874	-3403.574	-3573.508	169.9338	0.3896175	1.659107	1.762188
2880	-3401.288	-3570.221	168.9322	0.5208976	1.530479	2.356295
2886	-3412.689	-3581.915	169.2256	0.3861409	1.476447	2.356295
2892	-3412.352	-3581.942	169.5892	0.4302884	1.605836	1.981094
2898	-3411.932	-3581.621	169.6896	0.3748957	1.623347	1.97338
2904	-3416.432	-3585.895	169.4622	0.3677644	1.644963	2.119148
2910	-3404.778	-3574.708	169.9293	0.3480345	1.703971	1.792989
2916	-3407.569	-3577.395	169.8261	0.3480345	1.797941	1.799417
2922	-3411.245	-3581.094	169.849	0.3882273	1.693128	1.799417
2928	-3421.873	-3591.651	169.7781	0.3385283	1.691252	1.919125
2934	-3415.013	-3584.752	169.7394	0.3568043	1.691252	1.919125
2940	-3413.094	-3582.628	169.5336	0.3571553	1.731561	2.029442
2946	-3414.549	-3584.246	169.6966	0.3475519	1.682395	1.966973
2952	-3421.786	-3591.079	169.2925	0.3985506	1.680686	2.166673
2958	-3421.718	-3591.158	169.4402	0.35493	1.65704	2.142932
2964	-3420.397	-3590.294	169.8971	0.4567299	1.559277	1.770479
2970	-3420.71	-3588.469	167.759	0.5482304	1.473531	3.084465
2976	-3413.524	-3582.514	168.9897	0.4202843	1.471874	2.46671
2982	-3408.874	-3577.944	169.0699	0.4202843	1.391684	2.46671
2988	-3426.96	-3595.448	168.4885	0.4585265	1.444493	2.750916
2994	-3425.854	-3595.629	169.7751	0.3772004	1.637584	1.903059
3000	-3414.418	-3583.939	169.5209	0.460431	1.498259	2.062055
3006	-3412.988	-3582.576	169.5884	0.5070661	1.617752	1.88395
3012	-3412.986	-3583.06	170.0742	0.4185457	1.601871	1.664373
3018	-3421.897	-3591.677	169.7796	0.5284046	1.754657	1.630414
3024	-3412.954	-3582.388	169.4341	0.4918558	1.694755	1.953247
3030	-3417.75	-3587.445	169.6951	0.348518	1.584976	2.03154
3036	-3416.164	-3586.008	169.8437	0.3400933	1.693502	1.870724
3042	-3420.168	-3589.774	169.6058	0.4011906	1.681966	1.955568
3048	-3420.578	-3590.57	169.9926	0.3056364	1.796731	1.749466
3054	-3425.437	-3595.29	169.8529	0.3740859	1.652232	1.844262
3060	-3417.443	-3587.269	169.8263	0.3926934	1.641929	1.844262
3066	-3414.75	-3584.298	169.5474	0.3504796	1.518116	2.169637
3072	-3423.692	-3592.221	168.5295	0.5059541	1.376173	2.718433
3078	-3413.008	-3580.465	167.457	0.3551507	1.244056	3.600218
3084	-3418.3	-3585.575	167.2747	0.3462986	1.294114	3.687621
3090	-3417.426	-3585	167.574	0.3423168	1.206692	3.569697
3096	-3410.478	-3579.969	169.4912	0.372303	1.450571	2.220604
3102	-3415.396	-3584.706	169.3102	0.3605701	1.498378	2.321423
3108	-3415.021	-3583.942	168.9208	0.3466267	1.378366	2.658505
3114	-3415.409	-3583.753	168.3448	0.4736752	1.306591	2.906037
3120	-3417.45	-3586.242	168.7919	0.3899908	1.409872	2.664057
3126	-3413.421	-3582.244	168.8231	0.3899908	1.402805	2.649158
3132	-3414.398	-3583.109	168.7114	0.4347236	1.430046	2.649158
3138	-3424.218	-3593.024	168.8063	0.3378986	1.526707	2.649158
3144	-3419.716	-3589.338	169.6218	0.3782001	1.580598	2.042605
3150	-3412.187	-3581.787	169.5999	0.3481997	1.56756	2.106219
3156	-3414.059	-3583.343	169.2843	0.3761147	1.473319	2.33367
3162	-3408.651	-3577.958	169.3079	0.40764	1.495629	2.264946
3168	-3411.752	-3580.41	168.6585	0.3935449	1.346174	2.780476
3174	-3420.931	-3591.127	170.1955	0.3975973	1.714581	1.522858
3180	-3427.148	-3597.438	170.2907	0.4350503	1.757741	1.363082
3186	-3413.054	-3583.356	170.3023	0.4245957	1.770512	1.359054
3192	-3415.779	-3585.965	170.1857	0.3750655	1.83077	1.476374
3198	-3415.269	-3585.338	170.0693	0.4476289	1.809789	1.476374
3204	-3424.865	-3595.03	170.1648	0.3972904	1.730257	1.534437
3210	-3426.403	-3596.055	169.6521	0.3745962	1.582912	2.025751
3216	-3415.134	-3584.715	169.5811	0.3688256	1.468624	2.155204
3222	-3412.441	-3582.322	169.881	0.4310404	1.582115	1.797872
3228	-3416.453	-3586.423	169.97	0.4310404	1.6723	1.671947
3234	-3422.838	-3592.844	170.0066	0.4310404	1.762829	1.580136
3240	-3422.956	-3592.958	170.0023	0.4911352	1.762829	1.50553
3246	-3410.309	-3580.261	169.9521	0.385833	1.753508	1.688113
3252	-3409.937	-3580.18	170.2427	0.4246773	1.753508	1.418743
3258	-3410.708	-3580.857	170.1496	0.4516718	1.86321	1.367675
3264	-3417.951	-3588.358	170.4064	0.3467788	1.931227	1.269508
3270	-3409.845	-3580.069	170.2245	0.4314664	1.930667	1.28258
3276	-3409.227	-3579.42	170.193	0.4489203	1.930667	1.28258
3282	-3412.636	-3582.888	170.2512	0.3402136	1.84627	1.469917
3288	-3413.191	-3583.593	170.4021	0.3952564	1.867941	1.243993
3294	-3417.857	-3588.211	170.3535	0.3543432	2.017794	1.228224
3300	-3410.917	-3581.066	170.149	0.4995585	1.843666	1.318357
3306	-3412.417	-3582.839	170.4213	0.3536327	1.903047	1.268584
3312	-3418.719	-3588.842	170.1236	0.3260147	1.689052	1.700688
3318	-3428.092	-3598.307	170.2155	0.3697968	1.831735	1.461169
3324	-3410.691	-3580.76	170.069	0.3216417	1.649094	1.773887
3330	-3424.591	-3594.799	170.2079	0.4260953	1.848044	1.370142
3336	-3425.291	-3595.579	170.2878	0.3085064	1.848044	1.493996
3342	-3413.153	-3582.887	169.7339	0.3617256	1.580347	1.990447
3348	-3417.019	-3586.701	169.6817	0.4090436	1.66104	1.90836
3354	-3412.483	-3582.33	169.8472	0.3219243	1.684199	1.901732
3360	-3410.267	-3579.702	169.4349	0.3793961	1.594458	2.154588
3366	-3414.165	-3583.761	169.5959	0.4619073	1.517739	1.997663
3372	-3411.098	-3580.583	169.485	0.4223562	1.632594	2.042375
3378	-3406.1	-3575.933	169.8329	0.4223562	1.562567	1.855444
3384	-3420.392	-3590.795	170.4036	0.3573766	1.717929	1.423787
3390	-3415.186	-3585.536	170.3498	0.3591748	1.770226	1.422099
3396	-3417.398	-3587.526	170.1282	0.4468961	1.874451	1.382347
3402	-3416.326	-3586.557	170.2307	0.3708447	1.801117	1.471195
3408	-3423.815	-3593.324	169.5097	0.5314921	1.600743	1.922169
3414	-3404.822	-3574.377	169.5549	0.4094852	1.597435	2.035386
3420	-3419.579	-3589.054	169.4756	0.391848	1.460565	2.199154
3426	-3415.573	-3585.291	169.7183	0.3973253	1.744745	1.841639
3432	-3413.803	-3583.788	169.9849	0.4189257	1.65865	1.687013
3438	-3412.787	-3582.583	169.7967	0.4081845	1.669586	1.825147
3444	-3410.225	-3580.145	169.9199	0.4081845	1.643577	1.75768
3450	-3405.176	-3574.9	169.7234	0.4046662	1.565505	1.950373
3456	-3406.402	-3575.292	168.8896	0.3348846	1.451701	2.648063
3462	-3416.502	-3584.806	168.3035	0.3687296	1.355992	3.018928
3468	-3421.104	-3589.288	168.1839	0.3081345	1.315169	3.192456
3474	-3418.934	-3587.102	168.168	0.3688267	1.337149	3.111049
3480	-3441.686	-3610.145	168.4584	0.3153897	1.456896	2.933887
3486	-3431.117	-3599.092	167.9746	0.3764866	1.35006	3.209058
3492	-3413.132	-3581.182	168.05	0.4757844	1.239828	3.120611
3498	-3409.332	-3577.435	168.1031	0.3901487	1.164912	3.226564
3504	-3424.558	-3592.476	167.9179	0.409333	1.264277	3.255393
3510	-3422.228	-3590.958	168.7297	0.4442296	1.328788	2.689592
3516	-3428.32	-3597.511	169.1916	0.4321272	1.4332	2.349933
3522	-3424.452	-3592.411	167.9589	0.3810258	1.369346	3.201569
3528	-3416.762	-3585.621	168.8583	0.4898734	1.455654	2.482173
3534	-3424.28	-3593.203	168.923	0.4302511	1.47443	2.495332
3540	-3417.556	-3585.464	167.9077	0.4008491	1.250034	3.279407
3546	-3415.728	-3583.079	167.3513	0.3987438	1.247097	3.609019
3552	-3420.726	-3587.585	166.8588	0.3987438	1.07095	3.993993
3558	-3416.909	-3583.783	166.8742	0.3724089	1.107645	3.993993
3564	-3406.275	-3575.06	168.7854	0.3931836	1.326374	2.715481
3570	-3409.602	-3578.165	168.5631	0.4751493	1.367376	2.734867
3576	-3406.571	-3575.375	168.8043	0.3512566	1.446666	2.682136
3582	-3428.954	-3595.026	166.0719	0.376359	1.168273	4.410431
3588	-3413.897	-3581.593	167.696	0.4334773	1.274234	3.3538
3594	-3408.064	-3576.173	168.1088	0.3253058	1.38323	3.173722
3600	-3409.977	-3578.722	168.745	0.5093663	1.384696	2.576865
3606	-3415.91	-3584.686	168.7763	0.4122411	1.315263	2.705421
3612	-3421.053	-3587.41	166.357	0.3056001	1.242352	4.293343
3618	-3418.567	-3586.934	168.3672	0.3865074	1.326182	2.977255
3624	-3420.056	-3586.743	166.6873	0.4808313	1.21023	3.927445
3630	-3412.682	-3581.356	168.6733	0.4521251	1.428333	2.654404
3636	-3421.123	-3590.434	169.3109	0.4491981	1.560176	2.171997
3642	-3424.244	-3592.788	168.5443	0.4491981	1.390644	2.759797
3648	-3431.482	-3599.913	168.4305	0.3854529	1.456139	2.861913
3654	-3426.682	-3593.659	166.9771	0.5507594	1.171299	3.71797
3660	-3418.121	-3584.608	166.4872	0.4127293	1.127947	4.158091
3666	-3425.576	-3593.751	168.1751	0.3735136	1.283216	3.133255
3672	-3428.208	-3597.015	168.8069	0.3452771	1.410581	2.71044
3678	-3415.392	-3583.728	168.3357	0.4747285	1.375699	2.868634
3684	-3415.537	-3584.099	168.5612	0.3401024	1.418587	2.862043
3690	-3412.047	-3580.327	168.2796	0.4683142	1.302951	2.953068
3696	-3423.494	-3592.674	169.1799	0.3768434	1.517409	2.371043
3702	-3415.842	-3585.109	169.2667	0.4971044	1.521422	2.172424
3708	-3411.357	-3580.712	169.355	0.4941713	1.532045	2.111031
3714	-3412.112	-3582.132	170.0205	0.3887431	1.794239	1.605601
3720	-3409.233	-3578.672	169.4395	0.50515	1.57244	2.016672
3726	-3426.146	-3595.175	169.0291	0.3192042	1.501885	2.552034
3732	-3418.107	-3586.978	168.8716	0.3719554	1.451825	2.611153
3738	-3423.47	-3592.223	168.753	0.385761	1.404091	2.696612
3744	-3429.221	-3598.368	169.1469	0.4007745	1.459625	2.398713
3750	-3426.121	-3595.208	169.0874	0.4165098	1.468949	2.411521
3756	-3426.01	-3595.24	169.2304	0.3674739	1.629538	2.279552
3762	-3421.59	-3591.328	169.7388	0.3694077	1.629538	1.94365
3768	-3416.661	-3585.906	169.245	0.3918965	1.474097	2.338276
3774	-3420.148	-3589.481	169.3329	0.3918965	1.474097	2.282185
3780	-3426.219	-3595.175	168.9558	0.387387	1.427182	2.555087
3786	-3411.063	-3579.804	168.7408	0.387387	1.460248	2.667604
3792	-3410.479	-3578.173	167.6935	0.3295355	1.261677	3.484128
3798	-3413.962	-3582.781	168.8198	0.3981194	1.334554	2.683481
3804	-3413.394	-3582.08	168.6853	0.3980164	1.405285	2.72273
3810	-3423.223	-3591.421	168.1975	0.2953166	1.335578	3.189943
3816	-3428.64	-3596.202	167.562	0.3451345	1.225658	3.562136
3822	-3420.414	-3588.968	168.5545	0.3488104	1.39785	2.867435
3828	-3415.981	-3583.867	167.8861	0.305498	1.281081	3.391714
3834	-3429.667	-3597.39	167.7233	0.3771612	1.290082	3.391714
3840	-3426.958	-3595.546	168.5874	0.3400493	1.351005	2.887166
3846	-3429.229	-3596.042	166.8121	0.4569957	1.195182	3.888123
3852	-3419.235	-3586.927	167.6917	0.3859371	1.369722	3.353224
3858	-3412.711	-3581.368	168.6569	0.3768112	1.361296	2.792407
3864	-3412.47	-3580.235	167.7646	0.3674508	1.361296	3.337147
3870	-3415.005	-3584.351	169.3468	0.4039563	1.567783	2.197916
3876	-3413.218	-3581.994	168.7763	0.3469173	1.438882	2.709688
3882	-3418.878	-3587.071	168.1929	0.3586425	1.533438	2.991288
3888	-3415.081	-3583.38	168.2994	0.4552075	1.385588	2.905146
3894	-3414.943	-3584.209	169.2659	0.4500352	1.599265	2.174841
3900	-3415.408	-3585.231	169.8229	0.3991044	1.667973	1.820184
3906	-3407.249	-3576.868	169.6185	0.3521212	1.518272	2.120921
3912	-3409.229	-3577.936	168.7069	0.3213449	1.492988	2.753075
3918	-3404.414	-3573.3	168.8856	0.3572696	1.42002	2.640738
3924	-3411.832	-3580.878	169.0461	0.3835206	1.496005	2.460529
3930	-3418.775	-3588.243	169.4675	0.4158027	1.56107	2.109052
3936	-3403.186	-3572.822	169.6361	0.3808326	1.577835	2.031452
3942	-3408.78	-3578.289	169.5092	0.4559954	1.564061	2.031452
3948	-3407.182	-3576.686	169.5039	0.3740361	1.564061	2.136428
3954	-3409.846	-3578.152	168.3065	0.4099499	1.302186	3.000887
3960	-3413.555	-3583.641	170.0855	0.4233531	1.836982	1.476911
3966	-3426.07	-3596.143	170.0729	0.3090767	1.826595	1.666007
3972	-3414.831	-3583.828	168.9966	0.3461904	1.443252	2.572118
3978	-3418.824	-3587.72	168.896	0.3225706	1.595057	2.572118
3984	-3409.048	-3578.766	169.7175	0.3804023	1.60616	1.958826
3990	-3411.678	-3580.94	169.2617	0.3856028	1.583391	2.265722
3996	-3419.768	-3588.371	168.6027	0.3108004	1.569186	2.784663
4002	-3412.66	-3581.676	169.0167	0.3756065	1.426277	2.532383
4008	-3423.21	-3592.017	168.807	0.3335907	1.359809	2.756799
4014	-3415.6	-3583.346	167.7467	0.3255928	1.138089	3.530219
4020	-3415.055	-3582.951	167.8958	0.4561554	1.250405	3.2261
4026	-3417.977	-3585.929	167.9526	0.3822653	1.336266	3.223389
4032	-3425.362	-3593.019	167.6569	0.3029657	1.290008	3.523892
4038	-3415.877	-3585.117	169.24	0.3413112	1.502126	2.389307
4044	-3423.818	-3592.382	168.564	0.4294938	1.502126	2.701311
4050	-3432.504	-3600.438	167.9345	0.3733844	1.343596	3.240295
4056	-3416.606	-3585.12	168.5142	0.3733844	1.395424	2.862557
4062	-3420.916	-3589.137	168.2205	0.3365985	1.325853	3.126776
4068	-3430.346	-3597.44	167.0935	0.3242612	1.350874	3.787008
4074	-3426.545	-3593.46	166.9156	0.369733	1.268573	3.881226
4080	-3430.056	-3597.518	167.462	0.3186661	1.267839	3.629252
4086	-3426.275	-3594.446	168.1715	0.3452987	1.271822	3.176876
4092	-3420.637	-3588.783	168.1461	0.3627744	1.302899	3.151802
4098	-3410.101	-3578.867	168.7665	0.3654636	1.463211	2.677052
4104	-3407.412	-3576.088	168.6761	0.3614925	1.378006	2.78953
4110	-3411.468	-3580.054	168.5859	0.3995931	1.392212	2.78953
4116	-3414.445	-3581.334	166.8893	0.401241	1.324904	3.828185
4122	-3411.998	-3579.274	167.2762	0.3980042	1.246481	3.653754
4128	-3416.692	-3583.098	166.4057	0.3316448	1.130641	4.295988
4134	-3410.689	-3578.987	168.2984	0.2896966	1.404017	3.097189
4140	-3411.503	-3581.041	169.5379	0.371582	1.597789	2.095369
4146	-3422.419	-3591.885	169.4661	0.4565986	1.618639	2.023103
4152	-3423.641	-3592.567	168.9256	0.4144259	1.601274	2.432543
4158	-3421.566	-3590.343	168.7773	0.4112083	1.384012	2.663808
4164	-3419.214	-3587.494	168.2796	0.403716	1.410538	2.959045
4170	-3424.171	-3592.687	168.516	0.3441062	1.429431	2.877612
4176	-3413.431	-3582.097	168.6658	0.319335	1.442851	2.811454
4182	-3412.036	-3579.762	167.7267	0.4650397	1.245387	3.319661
4188	-3419.724	-3587.717	167.993	0.3899186	1.463259	3.115073
4194	-3401.891	-3570.19	168.2993	0.3989274	1.443348	2.933003
4200	-3407.659	-3575.896	168.2378	0.4488368	1.389409	2.9468
4206	-3400.875	-3569.365	168.4904	0.3191523	1.436648	2.921691
4212	-3401.024	-3570.098	169.074	0.4259202	1.445852	2.42352
4218	-3406.969	-3575.863	168.8939	0.3838757	1.422318	2.600843
4224	-3423.584	-3592.036	168.452	0.3949377	1.399519	2.87188
4230	-3407.905	-3576.536	168.6317	0.4538	1.390424	2.70148
4236	-3414.31	-3583.283	168.9724	0.3313955	1.420876	2.62063
4242	-3413.623	-3582.395	168.7725	0.4882273	1.448516	2.541889
4248	-3409.513	-3579.038	169.5255	0.361904	1.457708	2.207542
4254	-3409.269	-3578.886	169.6169	0.3926512	1.676094	1.963195
4260	-3418.487	-3588.073	169.5862	0.3284703	1.479687	2.20012
4266	-3408.173	-3577.282	169.1091	0.3909345	1.42661	2.455382
4272	-3404.405	-3573.534	169.1289	0.3916496	1.496331	2.398068
4278	-3405.908	-3575.201	169.2928	0.3341931	1.450756	2.398068
4284	-3408.741	-3577.693	168.9513	0.433186	1.392222	2.525629
4290	-3402.296	-3571.351	169.0547	0.350668	1.423554	2.542366
4296	-3416.39	-3585.456	169.0659	0.5105727	1.503996	2.298712
4302	-3406.312	-3574.518	168.2055	0.3915531	1.471353	2.981223
4308	-3422.082	-3590.647	168.5647	0.4323826	1.394543	2.763537
4314	-3427.694	-3595.703	168.0085	0.417312	1.255252	3.198223
4320	-3411.12	-3579.227	168.1068	0.3735135	1.244594	3.196745
4326	-3420.827	-3588.916	168.0893	0.4199541	1.22923	3.162804
4332	-3413.682	-3582.096	168.4135	0.4199541	1.325243	2.911272
4338	-3416.124	-3584.95	168.8261	0.3468421	1.325243	2.748897
4344	-3426.854	-3596.176	169.3225	0.290815	1.490729	2.416276
4350	-3410.716	-3578.841	168.1245	0.3158123	1.277503	3.239577
4356	-3408.422	-3576.84	168.4172	0.36254	1.416079	2.922047
4362	-3409.289	-3577.362	168.0727	0.3458476	1.496236	3.101521
4368	-3407.516	-3576.041	168.5249	0.3584259	1.459343	2.835898
4374	-3413.595	-3583.049	169.4532	0.3657681	1.67583	2.107518
4380	-3424.59	-3594.363	169.7724	0.2855745	1.534154	2.107518
4386	-3423.826	-3592.681	168.8545	0.4206423	1.534154	2.511884
4392	-3434.681	-3603.54	168.8595	0.3510413	1.487484	2.623216
4398	-3430.432	-3599.186	168.7539	0.3510413	1.515707	2.670963
4404	-3432.152	-3600.15	167.9982	0.3662024	1.381181	3.188956
4410	-3424.644	-3594.61	169.9656	0.3068	1.711005	1.825865
4416	-3425.686	-3595.116	169.4292	0.4032823	1.554169	2.154092
4422	-3407.991	-3576.472	168.4805	0.3484297	1.325166	2.956449
4428	-3408.97	-3577.889	168.919	0.4298376	1.414377	2.535771
4434	-3419.509	-3588.458	168.9491	0.3767435	1.486139	2.535771
4440	-3408.058	-3577.771	169.7132	0.3744644	1.605506	1.9701
4446	-3399.552	-3569.163	169.6111	0.4178863	1.605506	1.982042
4452	-3410.141	-3579.858	169.7168	0.2652527	1.605506	2.129944
4458	-3399.849	-3569.528	169.6788	0.3446355	1.544896	2.074284
4464	-3405.156	-3574.125	168.9685	0.3780409	1.52462	2.498051
4470	-3400.595	-3570.251	169.6563	0.3792172	1.6289	1.986126
4476	-3412.133	-3582.162	170.0293	0.3897157	1.667266	1.689078
4482	-3411.42	-3581.069	169.649	0.4556409	1.579683	1.927896
4488	-3420.456	-3589.827	169.3703	0.4971706	1.54355	2.090199
4494	-3414.901	-3585.099	170.1979	0.310755	1.629287	1.714623
4500	-3431.826	-3600.94	169.1142	0.4518851	1.492918	2.338554
4506	-3434.157	-3603.884	169.7272	0.321721	1.649747	2.005783
4512	-3430.584	-3599.752	169.1681	0.2558917	1.465334	2.582701
4518	-3411.592	-3580.586	168.9945	0.4019253	1.573634	2.42158
4524	-3399.207	-3568.352	169.1442	0.4397533	1.549221	2.297384
4530	-3405.792	-3575.261	169.4687	0.3785585	1.569677	2.149803
4536	-3412.267	-3581.794	169.527	0.4398005	1.707865	1.942796
4542	-3424.049	-3593.709	169.6604	0.3522032	1.591245	2.045257
4548	-3421.331	-3590.69	169.3587	0.2956493	1.448963	2.412627
4554	-3414.294	-3583.296	169.0012	0.4309797	1.448963	2.46147
4560	-3415.754	-3585.559	169.8049	0.3823109	1.620625	1.887399
4566	-3423.041	-3592.249	169.2083	0.4027773	1.473965	2.348306
4572	-3407.87	-3577.255	169.3849	0.3803003	1.517976	2.235364
4578	-3412.68	-3582.264	169.584	0.3803003	1.641007	2.024791
4584	-3417.945	-3587.074	169.129	0.4281465	1.641007	2.26186
4590	-3408.109	-3577.363	169.2542	0.3861634	1.595787	2.26186
4596	-3403.128	-3572.742	169.6136	0.3650698	1.64336	2.024032
4602	-3408.676	-3578.034	169.3584	0.4200148	1.489944	2.22115
4608	-3409.529	-3578.502	168.9727	0.3353393	1.536363	2.543558
4614	-3406.317	-3575.676	169.3587	0.3441323	1.475208	2.32723
4620	-3413.829	-3583.088	169.2591	0.4495983	1.475208	2.259873
4626	-3414.868	-3583.688	168.8196	0.3634567	1.482304	2.635165
4632	-3422.243	-3591.552	169.3085	0.3430053	1.478812	2.35836
4638	-3428.102	-3597.308	169.2057	0.4800364	1.568314	2.200141
4644	-3414.283	-3583.07	168.787	0.3934179	1.541684	2.581485
4650	-3409.362	-3577.649	168.287	0.3690837	1.210673	3.115149
4656	-3412.632	-3581.663	169.0312	0.3772637	1.384252	2.547442
4662	-3416.841	-3585.495	168.6544	0.3295211	1.368518	2.849807
4668	-3414.672	-3583.267	168.5955	0.3078628	1.378141	2.90899
4674	-3430.325	-3598.082	167.7572	0.372103	1.317904	3.361472
4680	-3423.886	-3591.65	167.7643	0.415198	1.226711	3.361472
4686	-3426.055	-3593.924	167.8689	0.5043216	1.157312	3.248593
4692	-3409.421	-3576.86	167.4386	0.3969402	1.232488	3.56882
4698	-3407.059	-3573.243	166.1841	0.3683952	1.15342	4.364571
4704	-3412.012	-3579.777	167.7644	0.3675417	1.248254	3.40352
4710	-3427.612	-3595.298	167.6868	0.3675417	1.315863	3.409388
4716	-3430.98	-3597.879	166.8988	0.4362272	1.200577	3.856591
4722	-3411.162	-3579.595	168.4334	0.3571919	1.362341	2.951342
4728	-3416.487	-3585.163	168.6765	0.3135905	1.435548	2.817257
4734	-3411.131	-3579.83	168.6987	0.3724507	1.443585	2.721989
4740	-3417.903	-3586.158	168.2552	0.3329897	1.372108	3.083185
4746	-3409.617	-3577.632	168.0154	0.4246225	1.246135	3.191526
4752	-3402.182	-3570.288	168.106	0.3379433	1.312861	3.200755
4758	-3400.611	-3569.297	168.6854	0.4357987	1.298863	2.744418
4764	-3401.74	-3569.95	168.2099	0.4706885	1.404185	2.931633
4770	-3408.532	-3577.198	168.6655	0.2826746	1.414651	2.880474
4776	-3418.046	-3586.667	168.6209	0.3997454	1.423792	2.748725
4782	-3418.514	-3587.133	168.6194	0.4350406	1.496391	2.664593
4788	-3420.89	-3589.285	168.395	0.4714903	1.385579	2.830084
4794	-3421.436	-3591.36	169.9243	0.5119834	1.716835	1.571895
4800	-3415.775	-3585.863	170.0874	0.5026337	1.737587	1.445793
4806	-3413.947	-3583.097	169.1502	0.5799167	1.556588	2.140667
4812	-3420.55	-3589.797	169.2462	0.4770819	1.493498	2.225547
4818	-3431.885	-3600.969	169.0843	0.5013966	1.614617	2.225547
4824	-3417.681	-3586.281	168.5995	0.3564031	1.377305	2.842932
4830	-3408.07	-3576.481	168.4107	0.4475912	1.388187	2.844359
4836	-3415.72	-3583.92	168.1997	0.4475912	1.397088	2.966422
4842	-3411.79	-3580.23	168.4407	0.347308	1.304608	2.994167
4848	-3411.731	-3580.192	168.4603	0.3184533	1.485069	2.911536
4854	-3408.947	-3577.814	168.867	0.3815432	1.50104	2.571571
4860	-3437.169	-3605.32	168.1507	0.4340827	1.386674	3.016706
4866	-3419.351	-3588.528	169.1769	0.3846995	1.406488	2.433103
4872	-3411.708	-3580.75	169.0418	0.4442324	1.429462	2.433103
4878	-3413.46	-3581.659	168.1989	0.4442324	1.406229	2.96505
4884	-3416.027	-3584.813	168.7861	0.4442324	1.346809	2.643796
4890	-3413.467	-3581.66	168.1929	0.4678271	1.292051	3.012194
4896	-3430.172	-3598.265	168.0936	0.3897698	1.369529	3.111147
4902	-3416.249	-3585.131	168.8825	0.4098123	1.496258	2.530797
4908	-3413.935	-3583.33	169.3952	0.321308	1.472849	2.337168
4914	-3422.132	-3591.433	169.3019	0.2894026	1.512612	2.417635
4920	-3432.238	-3601.694	169.456	0.2813748	1.525612	2.323992
4926	-3435.15	-3604.256	169.1062	0.4586205	1.566499	2.2891
4932	-3426.137	-3593.465	167.328	0.3711177	1.165946	3.701182
4938	-3433.847	-3601.089	167.2426	0.5316349	1.310935	3.500189
4944	-3435.584	-3602.25	166.6667	0.3886148	1.300156	3.984067
4950	-3415.777	-3583.834	168.0575	0.3761157	1.368843	3.149133
4956	-3420.886	-3589.848	168.9613	0.3506338	1.413223	2.606762
4962	-3433.039	-3601.243	168.2037	0.3891728	1.344534	3.061091
4968	-3424.634	-3591.241	166.6064	0.3932165	1.181167	4.081244
4974	-3435.918	-3603.453	167.535	0.3907086	1.246025	3.51186
4980	-3428.001	-3596.065	168.0636	0.3394143	1.257867	3.256509
4986	-3423.453	-3592.31	168.8565	0.3260508	1.396125	2.714413
4992	-3422.09	-3591.537	169.4472	0.2796057	1.550264	2.316623
4998	-3413.217	-3581.495	168.2774	0.3031897	1.395301	3.095983
5004	-3416.218	-3584.698	168.4796	0.3598442	1.396562	2.89954
5010	-3425.346	-3593.21	167.8634	0.4721978	1.334021	3.179193
5016	-3416.796	-3583.954	167.1578	0.355617	1.334021	3.720802
5022	-3419.179	-3586.332	167.1533	0.355617	1.386282	3.693178
5028	-3424.921	-3593.163	168.2424	0.3549878	1.421758	3.033111
5034	-3428.827	-3596.669	167.8423	0.3788325	1.337186	3.292085
5040	-3450.484	-3619.738	169.2539	0.4588235	1.532081	2.216067
5046	-3436.358	-3604.771	168.413	0.5120149	1.409047	2.763508
5052	-3429.317	-3597.98	168.6628	0.4778087	1.472164	2.606244
5058	-3426.209	-3594.729	168.5205	0.5320661	1.382303	2.694375
5064	-3418.361	-3587.332	168.9705	0.6143251	1.393062	2.329403
5070	-3417.184	-3585.914	168.7298	0.474877	1.416827	2.60212
5076	-3419.788	-3589.257	169.4689	0.3656202	1.54255	2.184345
5082	-3418.301	-3588.184	169.8835	0.3754586	1.663453	1.81358
5088	-3423.626	-3593.455	169.8287	0.423206	1.626102	1.81358
5094	-3417.591	-3587.333	169.7423	0.4302734	1.761253	1.770702
5100	-3428.248	-3598.115	169.8671	0.4885197	1.764065	1.607454
5106	-3419.608	-3589.226	169.618	0.3923563	1.553424	2.044532
5112	-3422.309	-3591.603	169.2934	0.4293274	1.640551	2.154463
5118	-3412.748	-3582.086	169.3375	0.4427164	1.572168	2.154463
5124	-3418.971	-3588.288	169.3167	0.4635101	1.484383	2.20106
5130	-3415.611	-3584.979	169.3683	0.3798856	1.493532	2.262271
5136	-3422.828	-3592.142	169.3142	0.3598782	1.542977	2.29128
5142	-3422.217	-3591.453	169.2361	0.388151	1.48012	2.34477
5148	-3425.3	-3594.523	169.2229	0.3723945	1.498809	2.361262
5154	-3419.843	-3589.085	169.2422	0.416021	1.597822	2.231342
5160	-3427.672	-3596.931	169.2583	0.3513687	1.603687	2.299563
5166	-3431.296	-3600.374	169.078	0.4341016	1.444799	2.412194
5172	-3429.898	-3599.802	169.9039	0.374148	1.599597	1.845299
5178	-3430.462	-3600.226	169.7637	0.3672212	1.566919	1.971959
5184	-3414.461	-3584.032	169.5711	0.3565054	1.553134	2.123151
5190	-3408.317	-3577.859	169.5427	0.3700297	1.506283	2.154107
5196	-3414.379	-3583.528	169.1487	0.3983042	1.563643	2.33465
5202	-3416.375	-3586.087	169.7122	0.3488092	1.577424	2.024807
5208	-3418.163	-3587.636	169.4733	0.3762626	1.52987	2.17574
5214	-3422.662	-3592.525	169.8634	0.3700448	1.528445	1.926913
5220	-3418.009	-3587.781	169.7719	0.3728406	1.614283	1.926913
5226	-3416.343	-3585.832	169.4898	0.5145313	1.616713	1.943133
5232	-3425.116	-3594.85	169.7344	0.3572572	1.713012	1.9071
5238	-3405.949	-3575.599	169.6501	0.4607332	1.600366	1.9071
5244	-3429.539	-3597.848	168.309	0.5016723	1.343214	2.877021
5250	-3422.859	-3592.431	169.5728	0.2823557	1.565666	2.221916
5256	-3421.902	-3591.371	169.469	0.3796955	1.455905	2.221916
5262	-3412.522	-3581.905	169.3828	0.3277889	1.534461	2.296595
5268	-3408.959	-3578.097	169.138	0.4030734	1.62485	2.296595
5274	-3410.718	-3579.892	169.1736	0.3754888	1.505402	2.384343
5280	-3417.628	-3586.865	169.2371	0.4455267	1.479618	2.275794
5286	-3398.969	-3568.469	169.5004	0.3472586	1.585858	2.160615
5292	-3411.335	-3580.688	169.353	0.4288024	1.560338	2.168504
5298	-3408.174	-3577.62	169.4463	0.3968016	1.527435	2.168504
5304	-3415.506	-3584.822	169.3165	0.3858245	1.527435	2.266203
5310	-3423.83	-3593.654	169.8239	0.4073432	1.522545	1.908063
5316	-3416.365	-3585.946	169.5812	0.4186303	1.595956	2.007465
5322	-3412.717	-3582.456	169.7383	0.3831812	1.612165	1.937035
5328	-3418.092	-3587.814	169.7218	0.3831812	1.628691	1.937035
5334	-3427.411	-3597.077	169.6664	0.4089957	1.634053	1.937035
5340	-3416.649	-3586.098	169.449	0.3447167	1.412343	2.308936
5346	-3415.12	-3583.98	168.8599	0.3602145	1.468201	2.623104
5352	-3426.308	-3595.296	168.9886	0.4502057	1.501919	2.414261
5358	-3420.056	-3589.191	169.1348	0.3350227	1.455834	2.493055
5364	-3425.193	-3594.304	169.1113	0.3976283	1.551314	2.367055
5370	-3418.661	-3588.201	169.5404	0.3976283	1.60379	2.055808
5376	-3441.584	-3609.821	168.2376	0.3449206	1.366976	3.081413
5382	-3429.584	-3597.166	167.5822	0.44711	1.12341	3.494332
5388	-3435.992	-3603.361	167.3688	0.3438138	1.17352	3.706011
5394	-3442.261	-3611.455	169.194	0.3272019	1.55428	2.404759
5400	-3437.562	-3604.697	167.135	0.330198	1.430567	3.709555
5406	-3427.143	-3594.373	167.23	0.330198	1.189185	3.794032
5412	-3425.401	-3592.403	167.0021	0.3703744	1.205244	3.867146
5418	-3414.429	-3582.213	167.7834	0.3703744	1.28188	3.369283
5424	-3414.639	-3583.052	168.4127	0.3351905	1.299022	3.02984
5430	-3411.412	-3579.5	168.0881	0.3827522	1.329775	3.146339
5436	-3424.7	-3593.241	168.5407	0.3827522	1.391251	2.837677
5442	-3412.992	-3581.086	168.0943	0.4531211	1.348035	3.053127
5448	-3424.78	-3592.599	167.8193	0.4007624	1.541018	3.159605
5454	-3419.979	-3586.622	166.6424	0.3374092	1.254081	4.084421
5460	-3412.72	-3578.951	166.2313	0.3374148	1.104855	4.401977
5466	-3423.742	-3590.542	166.8002	0.3119693	1.144243	4.089144
5472	-3419.838	-3586.542	166.7046	0.3829444	1.174066	4.040822
5478	-3430.125	-3597.098	166.9729	0.3172407	1.229678	3.93493
5484	-3424.031	-3592.993	168.9621	0.3153988	1.47059	2.618226
5490	-3412.451	-3581.598	169.1472	0.3777956	1.470292	2.420277
5496	-3414.932	-3584.984	170.0521	0.33755	1.558824	1.823909
5502	-3422.004	-3591.433	169.4295	0.3968615	1.589869	2.138731
5508	-3419.875	-3589.543	169.6677	0.421455	1.570909	1.962856
5514	-3416.251	-3585.588	169.3373	0.3204091	1.534623	2.335955
5520	-3420.295	-3590.033	169.7376	0.384753	1.52799	1.991878
5526	-3416.56	-3585.941	169.3807	0.3774206	1.681279	2.135943
5532	-3423.373	-3592.908	169.5347	0.3444449	1.534549	2.175506
5538	-3420.983	-3589.802	168.8188	0.4464334	1.463974	2.548587
5544	-3417.013	-3586.432	169.4183	0.3429099	1.463974	2.298008
5550	-3413.358	-3582.435	169.0772	0.3733751	1.463974	2.473818
5556	-3411.595	-3580.497	168.9023	0.4076458	1.420289	2.568243
5562	-3411.596	-3580.052	168.456	0.3861208	1.389549	2.885938
5568	-3416.451	-3584.553	168.1017	0.3861208	1.294256	3.155389
5574	-3416.682	-3585.154	168.4712	0.333757	1.40078	2.935444
5580	-3414.723	-3583.701	168.9781	0.333757	1.437345	2.603751
5586	-3426.709	-3595.279	168.5696	0.4152839	1.29607	2.839727
5592	-3424.612	-3594.181	169.569	0.4115383	1.496191	2.090309
5598	-3430.227	-3600.14	169.9132	0.3039543	1.655477	1.904076
5604	-3412.174	-3581.929	169.7551	0.3824003	1.555369	1.965006
5610	-3405.913	-3575.665	169.7523	0.4732696	1.61866	1.809761
5616	-3419.764	-3589.538	169.774	0.487166	1.709056	1.71504
5622	-3407.782	-3577.532	169.7503	0.4996192	1.591653	1.799155
5628	-3405.946	-3575.609	169.663	0.3990954	1.637616	1.94964
5634	-3399.114	-3568.81	169.696	0.4737265	1.614175	1.85108
5640	-3401.842	-3571.54	169.6985	0.4648634	1.627007	1.85108
5646	-3413.616	-3583.487	169.8709	0.4087825	1.622837	1.805421
5652	-3411.48	-3581.109	169.6288	0.5329775	1.611628	1.831962
5658	-3420.933	-3590.678	169.745	0.3726886	1.611628	1.947031
5664	-3419.012	-3588.616	169.6041	0.4252819	1.650947	1.947031
5670	-3414.088	-3583.826	169.7376	0.5390253	1.763034	1.642528
5676	-3409.1	-3578.724	169.6241	0.5168937	1.610847	1.853355
5682	-3410.556	-3580.358	169.8016	0.2950726	1.661019	1.989372
5688	-3406.598	-3576.188	169.5898	0.4331514	1.587623	1.989372
5694	-3412.352	-3581.79	169.4382	0.4331514	1.502426	2.145543
5700	-3420.492	-3589.671	169.1789	0.3999826	1.502719	2.352136
5706	-3420.928	-3589.507	168.5789	0.3999826	1.542577	2.701432
5712	-3414.824	-3584.362	169.5378	0.3244884	1.553699	2.189165
5718	-3428.172	-3597.156	168.9839	0.3635882	1.517822	2.510953
5724	-3416.502	-3584.718	168.216	0.3370713	1.29805	3.145368
5730	-3407.287	-3575.519	168.2322	0.3498399	1.332297	3.099086
5736	-3414.721	-3581.497	166.7759	0.339338	1.240831	4.013452
5742	-3425.29	-3594.449	169.1592	0.3723057	1.504953	2.397809
5748	-3417.004	-3585.685	168.6806	0.3723057	1.524663	2.683547
5754	-3409.43	-3578.757	169.3276	0.3656183	1.598588	2.239416
5760	-3404.969	-3574.576	169.6063	0.3662954	1.677158	2.004713
5766	-3404.551	-3574.109	169.5584	0.372841	1.66551	2.035485
5772	-3413.79	-3583.383	169.5931	0.3956315	1.641536	1.998353
5778	-3420.095	-3589.56	169.4648	0.441766	1.683569	1.998353
5784	-3413.751	-3583.623	169.8722	0.3453111	1.736895	1.813757
5790	-3416.801	-3587.002	170.2008	0.332745	1.736895	1.600392
5796	-3413.294	-3583.231	169.9363	0.4328854	1.823798	1.584526
5802	-3406.299	-3576.429	170.1303	0.4305296	1.784269	1.472911
5808	-3410.627	-3580.771	170.1446	0.4305296	1.81149	1.441303
5814	-3413.938	-3584.118	170.1791	0.4305296	1.903091	1.342919
5820	-3417.211	-3587.198	169.9867	0.4258666	1.815556	1.563063
5826	-3410.641	-3580.754	170.1134	0.3879251	1.696055	1.610594
5832	-3423.978	-3594.379	170.4013	0.3522503	1.837426	1.340345
5838	-3422.83	-3593.121	170.2906	0.4053376	1.896761	1.296194
5844	-3431.497	-3600.972	169.4751	0.3893485	1.579738	2.125103
5850	-3413.215	-3582.989	169.7739	0.4138144	1.70985	1.805747
5856	-3409.448	-3579.493	170.0453	0.3780077	1.724711	1.653201
5862	-3417.418	-3587.376	169.9581	0.4281081	1.715846	1.653201
5868	-3418.312	-3588.427	170.1151	0.3549011	1.715846	1.643392
5874	-3410.524	-3579.891	169.3664	0.43556	1.511587	2.183472
5880	-3422.016	-3589.093	167.0764	0.4949761	1.190243	3.701341
5886	-3415.781	-3583.748	167.9669	0.4350261	1.354454	3.144646
5892	-3423.873	-3592.266	168.3927	0.4450035	1.392961	2.855206
5898	-3417.833	-3586.91	169.0766	0.4139295	1.433215	2.443862
5904	-3413.762	-3582.84	169.0786	0.3863696	1.484336	2.443862
5910	-3409.655	-3577.971	168.3161	0.3668474	1.44148	2.962324
5916	-3414.026	-3583.089	169.0632	0.3452532	1.491066	2.502076
5922	-3417.035	-3586.307	169.2724	0.4184115	1.652182	2.173715
5928	-3414.608	-3584.179	169.5705	0.3742269	1.597278	2.070757
5934	-3405.298	-3574.751	169.4535	0.4439983	1.581653	2.070757
5940	-3419.419	-3588.557	169.1381	0.4221078	1.654625	2.254442
5946	-3414.673	-3583.732	169.0594	0.4221078	1.543359	2.375609
5952	-3415.036	-3583.919	168.8827	0.4026207	1.438718	2.574968
5958	-3414.658	-3583.645	168.9871	0.3483821	1.443474	2.574968
5964	-3423.152	-3592.806	169.6544	0.3332793	1.587666	2.078274
5970	-3433.219	-3602.317	169.0977	0.6219603	1.48719	2.180197
5976	-3417.1	-3586.764	169.6635	0.4004535	1.583281	1.983993
5982	-3418.167	-3587.967	169.7996	0.4717885	1.617295	1.779689
5988	-3416.314	-3586.119	169.805	0.4144278	1.596913	1.861164
5994	-3414.901	-3584.414	169.5124	0.3750971	1.605556	2.10234
6000	-3415.292	-3585.329	170.0364	0.4371454	1.724083	1.578552
6006	-3409.588	-3579.592	170.0042	0.3377987	1.703013	1.756751
6012	-3418.358	-3588.217	169.8594	0.3877433	1.745014	1.756751
6018	-3419.474	-3589.579	170.1051	0.4157617	1.795559	1.504046
6024	-3421.26	-3590.929	169.6687	0.4204439	1.694598	1.879872
6030	-3413.27	-3582.988	169.7179	0.4346963	1.64383	1.862972
6036	-3428.992	-3598.667	169.6752	0.3256419	1.623272	2.052103
6042	-3428.527	-3597.95	169.423	0.386019	1.593984	2.154129
6048	-3423.031	-3592.067	169.0356	0.4258777	1.479771	2.426369
6054	-3417.282	-3585.769	168.488	0.4258777	1.45108	2.783131
6060	-3414.187	-3582.727	168.5406	0.4258777	1.398462	2.783131
6066	-3422.955	-3592.169	169.2139	0.3525764	1.400052	2.454978
6072	-3415.082	-3585.021	169.9394	0.3682111	1.684424	1.770482
6078	-3422.837	-3592.701	169.8643	0.3516854	1.684424	1.846021
6084	-3409.399	-3577.608	168.209	0.3972545	1.272852	3.09131
6090	-3399.057	-3567.325	168.2675	0.3972545	1.29607	3.042472
6096	-3403.858	-3570.708	166.85	0.4133568	1.15117	3.937199
6102	-3411.277	-3578.642	167.3647	0.4387165	1.281325	3.537874
6108	-3414.908	-3582.998	168.09	0.3819031	1.318168	3.153105
6114	-3406.124	-3574.146	168.0215	0.4692449	1.224895	3.153105
6120	-3412.166	-3579.249	167.0832	0.4088569	1.233893	3.760559
6126	-3407.003	-3575.032	168.0291	0.4301217	1.265002	3.166154
6132	-3412.886	-3580.56	167.6738	0.3975681	1.155842	3.475678
6138	-3428.254	-3595.803	167.5489	0.3913537	1.292853	3.475678
6144	-3416.976	-3585.728	168.7518	0.3896838	1.408223	2.690074
6150	-3411.689	-3580.129	168.4405	0.4205085	1.302706	2.907965
6156	-3410.431	-3578.986	168.5558	0.3713186	1.415721	2.827562
6162	-3410.354	-3578.933	168.5794	0.3675419	1.399752	2.827562
6168	-3401.069	-3568.654	167.5845	0.4133442	1.288676	3.432612
6174	-3417.469	-3585	167.5313	0.4435588	1.25407	3.451462
6180	-3410.924	-3578.736	167.812	0.3590073	1.277297	3.368878
6186	-3415.748	-3584.885	169.1372	0.3312315	1.376683	2.546094
6192	-3425.091	-3593.541	168.4493	0.4112113	1.386066	2.86281
6198	-3417.361	-3586.539	169.1783	0.4159213	1.465014	2.357201
6204	-3420.597	-3589.394	168.7976	0.3409071	1.372059	2.745405
6210	-3411.53	-3578.114	166.5838	0.3187981	1.194246	4.175058
6216	-3417.584	-3584.534	166.9502	0.4221291	1.157288	3.866815
6222	-3416.822	-3584.488	167.6653	0.4434304	1.136499	3.442023
6228	-3422.132	-3589.216	167.0835	0.4802692	1.240975	3.682209
6234	-3432.066	-3598.868	166.8019	0.4247895	1.059831	4.004722
6240	-3428.039	-3596.415	168.3755	0.411329	1.328079	2.942245
6246	-3428.679	-3597.263	168.5836	0.411329	1.242709	2.868155
6252	-3420.865	-3589.925	169.0599	0.3967058	1.478178	2.44682
6258	-3422.49	-3590.863	168.3736	0.4353915	1.341456	2.90842
6264	-3412.619	-3582.263	169.6435	0.4353915	1.552351	1.974344
6270	-3430.581	-3600.457	169.8761	0.3199747	1.629217	1.922301
6276	-3419.167	-3589.523	170.3552	0.284276	1.719207	1.581667
6282	-3421.246	-3591.33	170.0835	0.4021988	1.731295	1.586542
6288	-3409.062	-3579.102	170.0403	0.4717106	1.63638	1.595116
6294	-3411.311	-3581.211	169.8995	0.3728783	1.667999	1.803025
6300	-3414.492	-3584.389	169.8966	0.3197305	1.677851	1.87577
6306	-3414.127	-3583.042	168.9146	0.4101167	1.510661	2.501414
6312	-3424.49	-3593.813	169.3233	0.3641089	1.434367	2.349136
6318	-3410.687	-3579.977	169.2901	0.4084327	1.542465	2.24534
6324	-3421.024	-3590.306	169.2827	0.4252196	1.503147	2.255165
6330	-3411.948	-3580.869	168.9203	0.3622334	1.318032	2.675877
6336	-3421.972	-3590.675	168.7028	0.3349684	1.361595	2.817391
6342	-3427.188	-3594.681	167.4925	0.3484352	1.298499	3.55609
6348	-3417.262	-3585.069	167.8071	0.3496298	1.19077	3.433929
6354	-3411.707	-3579.962	168.255	0.3487352	1.25138	3.135103
6360	-3412.621	-3580.659	168.0386	0.3481624	1.31341	3.227371
6366	-3411.305	-3579.137	167.831	0.3474273	1.274691	3.373463
6372	-3412.609	-3581.418	168.8093	0.3968233	1.305458	2.709284
6378	-3410.949	-3579.279	168.3305	0.3424976	1.276977	3.082782
6384	-3423.779	-3591.871	168.0926	0.4582432	1.297738	3.078831
6390	-3419.235	-3589.62	170.3851	0.3402997	1.765391	1.429314
6396	-3410.397	-3580.369	169.9725	0.5315955	1.698146	1.526884
6402	-3419.388	-3589.647	170.2589	0.3795592	1.711234	1.504452
6408	-3430.299	-3600.565	170.2657	0.4116703	1.711234	1.452237
6414	-3420.045	-3589.83	169.7854	0.4628972	1.684865	1.753267
6420	-3412.983	-3581.592	168.6092	0.4628972	1.537645	2.614801
6426	-3410.546	-3579.151	168.6048	0.3330567	1.492059	2.800205
6432	-3418.692	-3587.013	168.3217	0.3478379	1.314166	3.05901
6438	-3415.695	-3584.064	168.3684	0.3092178	1.352411	3.05901
6444	-3416.811	-3584.781	167.9691	0.359726	1.244334	3.294934
6450	-3421.642	-3589.56	167.9174	0.4039196	1.208093	3.294934
6456	-3436.177	-3604.006	167.829	0.476842	1.236579	3.252532
6462	-3430.348	-3598.168	167.8202	0.3783157	1.211601	3.379524
6468	-3414.452	-3581.674	167.2216	0.4172571	1.194298	3.694298
6474	-3430.039	-3596.707	166.6679	0.4827932	1.070045	4.016824
6480	-3412.605	-3579.36	166.7543	0.3751644	1.182035	4.016824
6486	-3412.138	-3579.179	167.0406	0.4783294	1.177672	3.745471
6492	-3420.219	-3586.347	166.128	0.3197916	1.104523	4.482205
6498	-3424.46	-3591.888	167.4282	0.410089	1.225708	3.564134
6504	-3418.327	-3586.267	167.94	0.4369825	1.224422	3.235593
6510	-3420.539	-3587.141	166.6023	0.4369825	1.161376	4.047962
6516	-3427.443	-3594.961	167.5177	0.3652448	1.115878	3.627233
6522	-3430.632	-3597.698	167.0655	0.3694721	1.169068	3.85259
6528	-3420.747	-3589.828	169.0806	0.4283493	1.430512	2.426166
6534	-3410.966	-3578.683	167.7176	0.3381476	1.335759	3.415808
6540	-3421.308	-3591.17	169.8624	0.3974703	1.659858	1.800659
6546	-3405.621	-3575.261	169.6402	0.3974703	1.660247	1.951896
6552	-3410.365	-3579.987	169.6222	0.4002534	1.540299	2.040319
6558	-3416.073	-3585.289	169.2162	0.484964	1.446455	2.26651
6564	-3410.059	-3579.831	169.7718	0.3231278	1.556383	2.036116
6570	-3411.941	-3581.652	169.7113	0.3384887	1.637103	2.000345
6576	-3405.616	-3575.152	169.5357	0.4503442	1.45453	2.092817
6582	-3419.259	-3587.304	168.0453	0.3805483	1.374065	3.148031
6588	-3441.796	-3610.905	169.1084	0.4617867	1.481362	2.338463
6594	-3442.215	-3610.542	168.3272	0.3460926	1.410652	3.000142
6600	-3429.539	-3598.824	169.2856	0.3625438	1.343405	2.432508
6606	-3417.326	-3586.034	168.7081	0.4045433	1.395085	2.707317
6612	-3411.932	-3580.623	168.6908	0.4045433	1.412383	2.707317
6618	-3410.178	-3578.837	168.6592	0.4648836	1.307634	2.723468
6624	-3414.239	-3583.121	168.8815	0.3995536	1.441351	2.57772
6630	-3433.779	-3603.2	169.4217	0.5353506	1.398884	2.110877
6636	-3434.299	-3602.961	168.6617	0.4785061	1.417202	2.640136
6642	-3429.429	-3599.214	169.7842	0.3975528	1.580601	1.908324
6648	-3424.356	-3593.559	169.2022	0.3747914	1.457679	2.397321
6654	-3416.101	-3585.078	168.9773	0.3661177	1.311691	2.639749
6660	-3400.413	-3568.793	168.3798	0.3661177	1.328693	2.99275
6666	-3405.753	-3574.362	168.6094	0.4164212	1.345086	2.784428
6672	-3417.24	-3585.761	168.5212	0.4504785	1.268167	2.847055
6678	-3421.928	-3589.602	167.6748	0.4504785	1.268167	3.351855
6684	-3408.392	-3576.999	168.6069	0.4504785	1.231477	2.817264
6690	-3417.099	-3585.276	168.1774	0.3702616	1.330888	3.107417
6696	-3420.982	-3589.403	168.4213	0.3057466	1.226355	3.107417
6702	-3421.711	-3589.598	167.8873	0.3057466	1.222442	3.42502
6708	-3423.11	-3591.058	167.9484	0.2952017	1.185863	3.42502
6714	-3422.341	-3589.677	167.3366	0.3183804	1.188645	3.747945
6720	-3410.181	-3578.223	168.0424	0.3275531	1.326755	3.243546
6726	-3417.367	-3585.569	168.2015	0.4315025	1.359981	3.005075
6732	-3428.409	-3597.82	169.4111	0.3119072	1.568049	2.279729
6738	-3418.454	-3588	169.5464	0.4635897	1.458322	2.067981
6744	-3413.443	-3582.37	168.9268	0.4635897	1.460203	2.46452
6750	-3418.262	-3587.748	169.4863	0.4686118	1.488658	2.081798
6756	-3413.301	-3582.301	168.9997	0.4608942	1.542482	2.369688
6762	-3406.071	-3575.596	169.5249	0.4204319	1.554	2.070327
6768	-3414.84	-3584.122	169.2812	0.3602492	1.432207	2.382277
6774	-3414.78	-3583.668	168.8877	0.3954831	1.435823	2.582176
6780	-3412.779	-3582.304	169.5259	0.4160939	1.493686	2.114627
6786	-3417.436	-3586.496	169.0608	0.2790598	1.506824	2.587486
6792	-3420.778	-3590.223	169.4444	0.404075	1.506824	2.174014
6798	-3423.675	-3592.711	169.036	0.328637	1.570652	2.491789
6804	-3411.067	-3580.251	169.184	0.3828386	1.594886	2.311566
6810	-3412.152	-3581.26	169.1085	0.3336229	1.511663	2.476518
6816	-3419.186	-3588.671	169.4858	0.3450933	1.518599	2.216595
6822	-3418.211	-3586.68	168.4685	0.4280307	1.403799	2.821339
6828	-3410.042	-3579.545	169.503	0.4528501	1.550987	2.047858
6834	-3412.902	-3582.026	169.1244	0.4054321	1.423696	2.42997
6840	-3421.448	-3590.641	169.1931	0.341644	1.435029	2.46067
6846	-3414.413	-3583.228	168.8155	0.3606258	1.436849	2.66926
6852	-3430.986	-3600.184	169.1982	0.454841	1.424356	2.325376
6858	-3411.61	-3580.354	168.7436	0.3543901	1.369809	2.762348
6864	-3409.053	-3578.283	169.2297	0.3430624	1.591443	2.33678
6870	-3407.404	-3576.85	169.4462	0.4019417	1.543031	2.151948
6876	-3419.362	-3588.129	168.7674	0.354765	1.387767	2.736353
6882	-3407.801	-3576.929	169.1283	0.3687696	1.404784	2.484728
6888	-3410.793	-3579.73	168.9376	0.3687696	1.517186	2.53363
6894	-3414.894	-3583.636	168.7416	0.5160178	1.472497	2.517671
6900	-3412.131	-3581.238	169.1077	0.4071617	1.493767	2.394185
6906	-3405.087	-3573.845	168.7574	0.4082717	1.586034	2.554578
6912	-3406.772	-3575.554	168.7817	0.403956	1.487714	2.605579
6918	-3415.292	-3584.306	169.0137	0.403956	1.505607	2.449817
6924	-3416.754	-3585.066	168.3118	0.3633331	1.350091	3.02414
6930	-3401.943	-3570.522	168.5797	0.4071255	1.390546	2.785544
6936	-3423.222	-3591.759	168.5376	0.3354508	1.394212	2.897152
6942	-3414.913	-3584.069	169.1554	0.4514209	1.450239	2.340025
6948	-3406.749	-3575.929	169.1792	0.4245836	1.475025	2.340025
6954	-3409.861	-3579.133	169.2712	0.3741003	1.548409	2.296712
6960	-3419.182	-3588.084	168.9015	0.4077099	1.525965	2.502852
6966	-3416.478	-3585.669	169.1918	0.433802	1.561438	2.265981
6972	-3417.117	-3586.461	169.3432	0.4012988	1.540798	2.220977
6978	-3409.045	-3578.841	169.7961	0.3801954	1.616703	1.898903
6984	-3417.633	-3587.399	169.7663	0.4100766	1.632599	1.868862
6990	-3415.12	-3584.294	169.1742	0.3901231	1.642345	2.27829
6996	-3412.276	-3581.555	169.2793	0.3888376	1.505542	2.300181
7002	-3437.647	-3607.133	169.4861	0.4478231	1.595222	2.035709
7008	-3427.466	-3597.349	169.8825	0.3833461	1.671189	1.798028
7014	-3417.57	-3586.869	169.2982	0.3522913	1.58458	2.28504
7020	-3417.835	-3587.433	169.5979	0.3300115	1.599943	2.111971
7026	-3411.319	-3580.555	169.2359	0.3934012	1.562171	2.286055
7032	-3417.697	-3587.149	169.4529	0.4613387	1.562171	2.063708
7038	-3415.72	-3585.337	169.6169	0.4100372	1.574407	2.008814
7044	-3421.349	-3591.461	170.1114	0.4088796	1.738694	1.55123
7050	-3422.228	-3592.403	170.1748	0.4497138	1.738694	1.447368
7056	-3425.271	-3595.681	170.4095	0.4142862	1.941278	1.143215
7062	-3418.876	-3589.207	170.3312	0.4633364	1.822762	1.236333
7068	-3408.549	-3578.728	170.1789	0.5223609	1.90473	1.212442
7074	-3402.725	-3573.091	170.3664	0.4154479	1.902536	1.212442
7080	-3413.408	-3583.639	170.2318	0.4193177	1.947795	1.280929
7086	-3419.41	-3589.534	170.1243	0.552538	1.904551	1.218687
7092	-3407.122	-3577.379	170.2577	0.4458443	1.984585	1.187463
7098	-3410.139	-3580.401	170.2622	0.3513208	1.900338	1.401887
7104	-3412.826	-3583.097	170.2706	0.4240182	1.957855	1.233164
7110	-3425.863	-3595.836	169.9729	0.3454783	1.779017	1.713846
7116	-3434.357	-3603.968	169.6109	0.5397522	1.72322	1.759652
7122	-3415.979	-3586.378	170.3992	0.342095	1.96586	1.255126
7128	-3421.393	-3591.645	170.2518	0.323303	1.904246	1.453434
7134	-3421.055	-3591.213	170.1587	0.3280821	1.726015	1.646009
7140	-3411.114	-3580.781	169.6668	0.4231278	1.667558	1.896107
7146	-3419.196	-3588.73	169.5337	0.4150562	1.58179	2.052775
7152	-3421.437	-3588.966	167.5292	0.4150562	1.283976	3.465817
7158	-3415.219	-3581.667	166.4474	0.4150562	1.162364	4.158638
7164	-3422.543	-3590.716	168.1737	0.5325548	1.375055	2.909392
7170	-3405.838	-3574.264	168.4263	0.4221044	1.384062	2.86555
7176	-3412.328	-3580.844	168.5164	0.2957305	1.44576	2.932886
7182	-3404.629	-3572.83	168.2009	0.3848845	1.44576	3.007194
7188	-3410.156	-3579.411	169.2555	0.4121898	1.39887	2.354655
7194	-3409.089	-3577.897	168.8087	0.516936	1.473887	2.473901
7200	-3412.812	-3581.462	168.6502	0.3779324	1.455413	2.737683
7206	-3413.513	-3582.322	168.8087	0.3660966	1.338769	2.726759
7212	-3414.554	-3583.334	168.7804	0.3654575	1.368355	2.726759
7218	-3405.226	-3573.863	168.6373	0.3569096	1.529033	2.726759
7224	-3408.494	-3577.406	168.912	0.4603531	1.45942	2.477854
7230	-3425.841	-3593.118	167.2768	0.3536948	1.196347	3.733894
7236	-3433.223	-3601.042	167.8194	0.345452	1.297319	3.36945
7242	-3434.865	-3603.756	168.8912	0.3143806	1.325102	2.752612
7248	-3411.261	-3579.745	168.4838	0.4363649	1.265255	2.886777
7254	-3414.177	-3580.771	166.5934	0.465323	1.145053	4.033624
7260	-3401.352	-3568.102	166.7498	0.3159176	1.196431	4.083058
7266	-3417.108	-3584.526	167.4178	0.3367753	1.38688	3.562678
7272	-3416.246	-3584.308	168.0622	0.3502352	1.211816	3.270877
7278	-3413.497	-3581.154	167.657	0.3846715	1.172607	3.490433
7284	-3416.669	-3582.876	166.2076	0.3846715	1.08915	4.369147
7290	-3415.561	-3583.377	167.8159	0.3448228	1.226254	3.413973
7296	-3414.434	-3582.468	168.0336	0.3223911	1.34055	3.247374
7302	-3410.652	-3579.262	168.6105	0.4477056	1.338734	2.752734
7308	-3419.39	-3587.998	168.6084	0.3378788	1.437175	2.825041
7314	-3412.506	-3580.947	168.4409	0.3852946	1.30826	2.945094
7320	-3412.049	-3580.232	168.1828	0.4003246	1.372615	3.043823
7326	-3409.4	-3577.706	168.3053	0.3847083	1.379464	2.984554
7332	-3405.766	-3574.249	168.4833	0.3255993	1.367389	2.959029
7338	-3410.943	-3578.981	168.0376	0.3438136	1.280279	3.253011
7344	-3404.181	-3572.357	168.1768	0.3134616	1.301607	3.197522
7350	-3411.486	-3579.489	168.0022	0.3226963	1.329909	3.271776
7356	-3407.789	-3575.83	168.0402	0.401123	1.384519	3.120899
7362	-3420.297	-3587.403	167.1058	0.4073456	1.172658	3.784468
7368	-3410.772	-3577.956	167.1843	0.3757705	1.161909	3.780998
7374	-3409.381	-3577.801	168.4209	0.3944819	1.30031	2.951072
7380	-3413.068	-3580.377	167.3088	0.3373852	1.209914	3.727607
7386	-3419.927	-3587.31	167.3828	0.3546504	1.206622	3.665503
7392	-3421.043	-3590.909	169.8654	0.3950731	1.625316	1.825655
7398	-3416.709	-3586.702	169.9929	0.3392097	1.592878	1.838766
7404	-3420.672	-3590.31	169.6382	0.4775705	1.520989	1.949031
7410	-3422.038	-3591.885	169.8473	0.3439433	1.663026	1.883462
7416	-3416.13	-3585.927	169.7965	0.4064876	1.551578	1.90804
7422	-3421.251	-3591.231	169.9802	0.4064876	1.670798	1.698417
7428	-3412.524	-3582.311	169.7867	0.4115073	1.644513	1.844868
7434	-3422.169	-3592.176	170.0076	0.3162142	1.619908	1.844868
7440	-3423.79	-3593.716	169.926	0.4967022	1.696542	1.603813
7446	-3421.68	-3591.384	169.704	0.402789	1.616918	1.931189
7452	-3424.139	-3593.905	169.7655	0.3439791	1.616918	1.969728
7458	-3431.254	-3601.165	169.9116	0.3447604	1.616918	1.869852
7464	-3428.306	-3598.087	169.7804	0.3576904	1.536323	1.994359
7470	-3416.697	-3586.176	169.4792	0.3868886	1.497713	2.179045
7476	-3418.839	-3587.706	168.8668	0.4549238	1.408894	2.543605
7482	-3416.532	-3584.415	167.8827	0.5235537	1.278989	3.149784
7488	-3424.361	-3592.831	168.4699	0.3768652	1.346099	2.914918
7494	-3431.801	-3599.6	167.7991	0.334785	1.396208	3.336758
7500	-3426.545	-3594.251	167.7054	0.334785	1.297558	3.449527
7506	-3419.425	-3587.779	168.354	0.4131916	1.268873	2.988699
7512	-3420.705	-3587.863	167.1574	0.4602972	1.289768	3.6311
7518	-3407.737	-3574.348	166.6105	0.4135071	1.142775	4.078639
7524	-3410.958	-3576.494	165.5361	0.3819232	1.033857	4.780203
7530	-3408.977	-3575.617	166.64	0.370155	1.094259	4.137713
7536	-3407.984	-3574.991	167.0061	0.420408	1.235985	3.791259
7542	-3405.459	-3574.57	169.1107	0.4940761	1.403801	2.351324
7548	-3408.234	-3578.128	169.8936	0.4853812	1.632037	1.687034
7554	-3416.606	-3585.316	168.7093	0.3372705	1.522181	2.71235
7560	-3416.027	-3583.249	167.2215	0.4339728	1.286079	3.623316
7566	-3416.617	-3584.222	167.6053	0.376386	1.222666	3.501035
7572	-3426.196	-3593.834	167.638	0.4055558	1.331263	3.38496
7578	-3416.054	-3585.047	168.9927	0.4215449	1.460311	2.470584
7584	-3413.132	-3581.153	168.0219	0.4285478	1.430457	3.073663
7590	-3414.475	-3581.677	167.2022	0.4294329	1.287989	3.638256
7596	-3415.706	-3583.615	167.9091	0.2794188	1.325089	3.388604
7602	-3423.593	-3591.473	167.8799	0.312478	1.362598	3.338119
7608	-3422.423	-3589.523	167.0996	0.3286141	1.251908	3.834969
7614	-3408.837	-3577.262	168.4252	0.320955	1.321152	3.027836
7620	-3414.085	-3582.396	168.3118	0.3688027	1.346133	3.019813
7626	-3414.978	-3582.543	167.565	0.4770727	1.383269	3.321479
7632	-3413.325	-3580.695	167.3701	0.2914606	1.287016	3.707684
7638	-3412.575	-3580.105	167.5295	0.4439534	1.285481	3.433736
7644	-3412.546	-3580.223	167.6771	0.3415774	1.338173	3.433736
7650	-3420.375	-3588.262	167.8877	0.4023318	1.359586	3.224811
7656	-3413.118	-3581.761	168.6423	0.3333734	1.464859	2.793497
7662	-3432.163	-3601.378	169.2144	0.3645808	1.544242	2.347887
7668	-3422.593	-3591.323	168.7299	0.378306	1.386143	2.730866
7674	-3417.946	-3586.216	168.2703	0.4377187	1.398331	2.933898
7680	-3415.606	-3584.532	168.9256	0.3824293	1.435879	2.574575
7686	-3410.471	-3578.609	168.1385	0.473048	1.486297	2.922743
7692	-3412.644	-3581.734	169.0895	0.3173254	1.451263	2.548554
7698	-3423.508	-3591.18	167.6721	0.4387783	1.196697	3.407714
7704	-3435.111	-3602.646	167.5343	0.4445226	1.324099	3.407714
7710	-3423.417	-3591.206	167.7894	0.4022253	1.482412	3.210435
7716	-3415.84	-3583.3	167.4598	0.4320145	1.197307	3.538503
7722	-3410.155	-3577.532	167.3765	0.4083506	1.324766	3.538503
7728	-3407.863	-3574.567	166.7048	0.4027094	1.18889	4.010253
7734	-3416.717	-3584.355	167.6371	0.3558421	1.324855	3.447328
7740	-3425.201	-3592.165	166.9638	0.399513	1.227254	3.843366
7746	-3420.922	-3588.739	167.8175	0.3871449	1.269744	3.336653
7752	-3421.279	-3590.392	169.1131	0.3630668	1.420265	2.491844
7758	-3413.785	-3582.791	169.0065	0.4174097	1.420265	2.491844
7764	-3417.324	-3586.653	169.3291	0.4174097	1.480223	2.249419
7770	-3407.805	-3576.486	168.681	0.3991752	1.406742	2.723097
7776	-3414.363	-3583.072	168.7089	0.3141359	1.37657	2.832628
7782	-3417.534	-3586.57	169.0357	0.3883705	1.47833	2.472093
7788	-3407.969	-3576.892	168.923	0.3832726	1.515103	2.525841
7794	-3402.049	-3571.093	169.0441	0.4215011	1.404755	2.473263
7800	-3432.981	-3600.414	167.4333	0.4834887	1.271075	3.45814
7806	-3426.371	-3594.494	168.1226	0.4251439	1.245419	3.127649
7812	-3419.053	-3586.449	167.3954	0.3651732	1.338082	3.569305
7818	-3406.789	-3576.011	169.2222	0.3778859	1.417652	2.406069
7824	-3410.05	-3579.238	169.1881	0.4181233	1.440404	2.364016
7830	-3424.617	-3592.758	168.1406	0.555557	1.329584	2.935189
7836	-3426.566	-3595.275	168.7093	0.555557	1.381916	2.555372
7842	-3423.063	-3592.27	169.2066	0.3638821	1.375506	2.460265
7848	-3416.639	-3585.915	169.2766	0.4655044	1.574215	2.166541
7854	-3421.021	-3589.621	168.5994	0.3841789	1.364903	2.81628
7860	-3416.968	-3584.623	167.6548	0.3498451	1.342693	3.433907
7866	-3422.409	-3590.224	167.8146	0.4082885	1.277021	3.309978
7872	-3438.192	-3607.961	169.7691	0.3859684	1.567863	1.942432
7878	-3433.898	-3602.659	168.7607	0.3292949	1.393886	2.770011
7884	-3416.73	-3584.641	167.9112	0.6108647	1.271034	3.058739
7890	-3419.602	-3587.818	168.2158	0.4428156	1.23556	3.058739
7896	-3420.173	-3588.559	168.3862	0.3498034	1.317213	3.016095
7902	-3411.621	-3579.192	167.5717	0.3696774	1.25776	3.508086
7908	-3430.773	-3598.953	168.1803	0.3856737	1.287702	3.113045
7914	-3409.596	-3579.071	169.4752	0.3856737	1.388501	2.253701
7920	-3413.548	-3582.471	168.923	0.3856737	1.383471	2.604631
7926	-3415.619	-3583.894	168.2757	0.5158698	1.264274	2.930806
7932	-3434.076	-3602.993	168.9175	0.4672484	1.642103	2.351618
7938	-3424.549	-3593.591	169.0418	0.4672484	1.517787	2.351618
7944	-3417.246	-3586.908	169.6617	0.5276437	1.454939	1.922118
7950	-3423.664	-3593.483	169.8198	0.5276437	1.615998	1.701636
7956	-3414.753	-3584.926	170.1724	0.3574256	1.592634	1.686704
7962	-3409.314	-3578.694	169.3798	0.3784395	1.578354	2.202048
7968	-3410.559	-3580.268	169.7095	0.3345	1.569726	2.052016
7974	-3405.331	-3574.962	169.6307	0.5445711	1.550912	1.859803
7980	-3416.516	-3585.878	169.3613	0.6151727	1.534852	1.981658
7986	-3412.566	-3581.157	168.5911	0.4475359	1.45439	2.693968
7992	-3416.561	-3585.438	168.8776	0.5180279	1.52814	2.395335
7998	-3410.232	-3578.394	168.1619	0.3632587	1.343977	3.117414
8004	-3425.779	-3592.298	166.5195	0.4254444	1.049254	4.170978
8010	-3432.115	-3598.251	166.1364	0.4304694	1.112048	4.347183
8016	-3423.81	-3591.066	167.2564	0.3769717	1.226348	3.700784
8022	-3433.682	-3601.941	168.2591	0.3959553	1.420636	2.974313
8028	-3429.274	-3596.026	166.7516	0.3949832	1.147367	4.015735
8034	-3412.391	-3580.451	168.0597	0.4118746	1.360477	3.111389
8040	-3420.052	-3588.287	168.2357	0.3210955	1.268014	3.172348
8046	-3426.19	-3593.567	167.3778	0.480457	1.383448	3.427885
8052	-3429.097	-3597.057	167.9604	0.3557006	1.301664	3.271227
8058	-3429.908	-3597.499	167.5905	0.3413044	1.259755	3.530464
8064	-3428.328	-3596.984	168.656	0.2972334	1.3402	2.910208
8070	-3426.701	-3594.684	167.9835	0.4516981	1.22351	3.194719
8076	-3433.632	-3601.347	167.7147	0.4401162	1.313512	3.312609
8082	-3422.878	-3590.991	168.1131	0.4698939	1.333574	3.032993
8088	-3420.007	-3589.017	169.0096	0.5015362	1.481215	2.358505
8094	-3411.324	-3580.828	169.5041	0.4376959	1.558115	2.060389
8100	-3425.865	-3594.825	168.9594	0.4074469	1.392875	2.550063
8106	-3423.52	-3590.702	167.1821	0.496193	1.118002	3.680807
8112	-3421.772	-3589.337	167.5643	0.4097476	1.20786	3.495617
8118	-3423.816	-3591.312	167.4961	0.4267247	1.242119	3.496889
8124	-3435.318	-3601.913	166.5945	0.3036882	1.186519	4.192895
8130	-3427.516	-3597.016	169.4997	0.3709788	1.554538	2.149402
8136	-3418.916	-3588.334	169.4176	0.4591805	1.515216	2.120239
8142	-3424.99	-3594.497	169.5071	0.4591805	1.739294	1.911684
8148	-3423.867	-3593.7	169.833	0.4338417	1.758236	1.704627
8154	-3418.712	-3587.992	169.2801	0.3833847	1.705704	2.177782
8160	-3413.813	-3583.301	169.4873	0.3769464	1.704453	2.051319
8166	-3411.659	-3581.527	169.8683	0.3691892	1.729954	1.786839
8172	-3417.785	-3587.387	169.6014	0.5180923	1.716505	1.794866
8178	-3417.877	-3588.031	170.1533	0.3529144	1.836966	1.530069
8184	-3405.479	-3575.81	170.331	0.3445581	1.714749	1.501837
8190	-3424.503	-3594.875	170.3726	0.4640468	1.841455	1.184106
8196	-3421.728	-3592.045	170.3165	0.3876123	1.911554	1.291014
8202	-3420.626	-3590.7	170.0734	0.4779469	1.835326	1.413268
8208	-3406.115	-3576.422	170.3075	0.3666905	1.644029	1.537666
8214	-3411.779	-3581.977	170.198	0.31269	1.708866	1.654826
8220	-3421.412	-3591.448	170.0367	0.3924929	1.708866	1.650252
8226	-3423.959	-3594.014	170.0551	0.3916216	1.782876	1.584539
8232	-3419.528	-3589.279	169.7515	0.3969391	1.782876	1.792965
8238	-3424.378	-3594.391	170.0126	0.3452557	1.881531	1.612435
8244	-3410.762	-3581.084	170.3226	0.3785375	1.969509	1.253049
8250	-3416.039	-3586.47	170.431	0.3552396	1.957631	1.211904
8256	-3413.349	-3583.475	170.1258	0.5047225	1.797254	1.367063
8262	-3418.151	-3588.209	170.0581	0.45549	1.861227	1.435069
8268	-3413.413	-3583.77	170.3563	0.3333373	1.801694	1.435069
8274	-3413.411	-3583.577	170.1654	0.4339147	1.819881	1.414054
8280	-3416.841	-3586.868	170.0269	0.346472	1.806461	1.654362
8286	-3409.664	-3579.806	170.1422	0.4294578	1.776703	1.471148
8292	-3418.236	-3588.597	170.361	0.4095834	1.855058	1.265988
8298	-3416.084	-3586.24	170.1567	0.4342641	1.828625	1.413541
8304	-3412.643	-3582.96	170.3169	0.4108472	2.025882	1.155974
8310	-3426.249	-3596.556	170.307	0.3935386	2.128573	1.102588
8316	-3430.921	-3601.275	170.3547	0.4284924	1.87816	1.222483
8322	-3427.158	-3595.783	168.6244	0.4361321	1.43429	2.698443
8328	-3424.679	-3593.616	168.9369	0.5009468	1.516789	2.382621
8334	-3417.078	-3586.933	169.8555	0.3244698	1.516789	2.004859
8340	-3421.81	-3590.628	168.8182	0.4312956	1.469099	2.562752
8346	-3424.102	-3593.098	168.9954	0.5253068	1.398602	2.395328
8352	-3438.469	-3608.744	170.2754	0.3596128	1.716584	1.518459
8358	-3429.34	-3599.242	169.902	0.5600687	1.914651	1.381805
8364	-3440.101	-3610.577	170.4764	0.3816783	2.02979	1.058606
8370	-3432.314	-3601.866	169.5527	0.4243095	1.636186	1.992577
8376	-3417.014	-3586.64	169.6255	0.4243095	1.563353	1.992577
8382	-3423.37	-3592.717	169.3471	0.4481227	1.522661	2.174098
8388	-3423.027	-3591.534	168.5071	0.4130864	1.452501	2.785159
8394	-3418.876	-3587.02	168.1446	0.491347	1.351663	2.981418
8400	-3416.235	-3585.059	168.8232	0.4142371	1.39925	2.622539
8406	-3415.807	-3585.095	169.2879	0.4036239	1.484973	2.289542
8412	-3415.993	-3585.651	169.6578	0.3638614	1.499747	2.091343
8418	-3413.697	-3582.051	168.3542	0.3633592	1.46482	2.929652
8424	-3405.553	-3574.927	169.3739	0.3927919	1.517315	2.226958
8430	-3426.893	-3597.026	170.1327	0.4744081	1.836913	1.370463
8436	-3432.23	-3602.532	170.3019	0.4264307	1.867096	1.278852
8442	-3430.856	-3601.268	170.412	0.3853151	1.893846	1.23032
8448	-3431.159	-3601.242	170.0824	0.4080885	1.853209	1.48867
8454	-3435.955	-3605.962	170.0068	0.4981415	1.671928	1.560965
8460	-3433.369	-3602.981	169.6123	0.4061888	1.573105	2.017604
8466	-3421.736	-3591.046	169.3104	0.3932655	1.528773	2.259845
8472	-3431.777	-3600.681	168.9034	0.4950648	1.568928	2.376966
8478	-3441.853	-3611.685	169.8324	0.3601145	1.703445	1.842811
8484	-3413.805	-3583.713	169.9084	0.3601145	1.627406	1.842811
8490	-3415.362	-3585.124	169.7627	0.444362	1.611032	1.842811
8496	-3422.279	-3592.041	169.7613	0.3682857	1.496047	2.019439
8502	-3426.013	-3596.318	170.3048	0.34893	1.66634	1.550457
8508	-3427.505	-3597.336	169.8317	0.455983	1.66634	1.742298
8514	-3434.421	-3604.41	169.989	0.3985973	1.614855	1.742298
8520	-3429.748	-3599.692	169.9438	0.4001325	1.657056	1.742298
8526	-3429.125	-3599.39	170.2651	0.3792032	1.679084	1.524361
8532	-3435.785	-3605.808	170.0236	0.3453835	1.655864	1.764778
8538	-3424.287	-3593.753	169.4657	0.4103816	1.539081	2.131345
8544	-3431.303	-3601.303	169.9998	0.391828	1.519194	1.810523
8550	-3432.612	-3601.998	169.3857	0.3542603	1.702858	2.149512
8556	-3426.811	-3595.935	169.1242	0.2937908	1.503141	2.528408
8562	-3413.619	-3582.511	168.892	0.3751522	1.502278	2.563241
8568	-3423.589	-3592.4	168.8104	0.3740937	1.586039	2.563241
8574	-3433.24	-3602.01	168.7704	0.3968565	1.580973	2.563241
8580	-3427.002	-3594.696	167.694	0.4364684	1.386805	3.285496
8586	-3440.154	-3608.854	168.7	0.4594147	1.423608	2.632923
8592	-3412.642	-3582.538	169.896	0.3916359	1.687815	1.765785
8598	-3419.015	-3589.072	170.0574	0.3139607	1.787223	1.697136
8604	-3415.874	-3585.983	170.1088	0.3550316	1.756472	1.618454
8610	-3424.983	-3594.838	169.8554	0.4307298	1.626069	1.785482
8616	-3410.208	-3579.55	169.342	0.4628666	1.607018	2.105424
8622	-3414.294	-3583.241	168.9469	0.3468888	1.600129	2.504408
8628	-3414.054	-3583.639	169.5852	0.2942137	1.590019	2.179755
8634	-3427.626	-3597.012	169.3865	0.3608702	1.612727	2.198604
8640	-3428.73	-3598.365	169.6344	0.3433337	1.670017	2.022688
8646	-3422.715	-3591.866	169.1504	0.3413075	1.529639	2.428462
8652	-3413.92	-3582.656	168.7358	0.3413075	1.517342	2.693782
8658	-3423.76	-3591.607	167.8463	0.3585276	1.362478	3.299175
8664	-3422.587	-3590.658	168.0711	0.3585276	1.319253	3.191852
8670	-3413.278	-3581.362	168.0842	0.3585276	1.369389	3.154296
8676	-3410.526	-3578.645	168.1187	0.4322232	1.432065	3.010711
8682	-3420.529	-3589.359	168.8298	0.4008651	1.54314	2.545062
8688	-3424.829	-3594.346	169.5163	0.4008651	1.594942	2.073403
8694	-3415.113	-3584.312	169.1998	0.3751001	1.495298	2.374638
8700	-3419.98	-3589.63	169.6497	0.3751001	1.53252	2.060043
8706	-3414.956	-3584.718	169.7627	0.3824806	1.576589	1.945559
8712	-3409.763	-3579.884	170.1207	0.3699791	1.750473	1.591797
8718	-3422.527	-3592.561	170.0342	0.3434927	1.715293	1.718505
8724	-3423.335	-3593.375	170.0398	0.4075488	1.715839	1.622044
8730	-3428.554	-3597.479	168.9251	0.3102274	1.506139	2.62636
8736	-3408.321	-3576.737	168.4158	0.3924188	1.466756	2.85608
8742	-3416.029	-3582.686	166.657	0.4102142	1.367306	3.927312
8748	-3414.96	-3583.215	168.2545	0.4171334	1.265347	3.045967
8754	-3418.122	-3586.428	168.3063	0.3548816	1.496053	2.950273
8760	-3427.553	-3596.734	169.1817	0.5314844	1.602994	2.138351
8766	-3422.995	-3592.161	169.1653	0.4705963	1.433517	2.322987
8772	-3412.825	-3581.687	168.8616	0.492848	1.434613	2.490152
8778	-3426.057	-3595.042	168.9844	0.4106477	1.457795	2.490152
8784	-3431.703	-3600.873	169.1704	0.5176029	1.542339	2.199512
8790	-3428.826	-3596.102	167.275	0.4553314	1.335219	3.541413
8796	-3418.025	-3584.606	166.581	0.3767893	1.11736	4.150551
8802	-3418.225	-3583.868	165.6436	0.4203074	1.11736	4.632022
8808	-3416.137	-3582.658	166.521	0.3582418	1.074309	4.2305
8814	-3422.262	-3589.841	167.5787	0.4616107	1.238824	3.413922
8820	-3423.053	-3590.311	167.2578	0.3518824	1.237229	3.723456
8826	-3419.5	-3585.88	166.3794	0.4196775	1.180777	4.181896
8832	-3413.725	-3581.353	167.6277	0.3652368	1.330256	3.438339
8838	-3415.887	-3585.032	169.1449	0.428003	1.463516	2.365082
8844	-3429.568	-3598.829	169.2609	0.3144486	1.384434	2.487374
8850	-3411.893	-3580.781	168.8884	0.3159792	1.438593	2.682582
8856	-3412.298	-3581.053	168.7549	0.3951494	1.406692	2.682582
8862	-3421.066	-3590.832	169.766	0.4231609	1.430847	1.988699
8868	-3408.152	-3576.922	168.7701	0.4403898	1.426223	2.608941
8874	-3411.096	-3580.074	168.9785	0.3295719	1.437699	2.608941
8880	-3414.593	-3582.903	168.3106	0.2923946	1.353969	3.115876
8886	-3422.56	-3590.452	167.8924	0.2923946	1.305507	3.39161
8892	-3428.665	-3596.199	167.534	0.34933	1.199149	3.588652
8898	-3424.843	-3591.896	167.0532	0.352538	1.203724	3.859795
8904	-3415.505	-3583.381	167.8764	0.3096745	1.361741	3.344433
8910	-3413.154	-3581.853	168.6991	0.3365432	1.445992	2.76617
8916	-3409.011	-3577.444	168.4331	0.4292148	1.352092	2.872824
8922	-3403.618	-3570.781	167.1632	0.3627528	1.276384	3.742395
8928	-3406.2	-3573.861	167.6613	0.4315462	1.226576	3.404207
8934	-3416.966	-3585.238	168.2718	0.4137379	1.465842	2.91897
8940	-3416.096	-3584.943	168.8474	0.3747623	1.529814	2.574318
8946	-3417.062	-3585.939	168.8776	0.5192859	1.493419	2.41596
8952	-3409.496	-3577.35	167.8539	0.3956494	1.313658	3.279534
8958	-3414.756	-3581.207	166.4502	0.4445027	1.134498	4.142178
8964	-3412.746	-3580.722	167.9753	0.4037101	1.30923	3.201185
8970	-3408.762	-3576.511	167.7486	0.3601117	1.171042	3.466862
8976	-3410.424	-3578.86	168.436	0.4031703	1.321741	2.918972
8982	-3423.959	-3592.598	168.6394	0.2448662	1.410325	2.956521
8988	-3419.086	-3586.939	167.8522	0.4605301	1.301836	3.216922
8994	-3434.586	-3601.979	167.3927	0.4379192	1.259889	3.534873
9000	-3416.723	-3585.778	169.0549	0.4321793	1.323311	2.505154
9006	-3417.233	-3585.085	167.8522	0.4855779	1.261571	3.215259
9012	-3408.889	-3577.264	168.3754	0.3730965	1.274419	3.019422
9018	-3422.578	-3590.702	168.1235	0.4550672	1.372389	3.019015
9024	-3407.944	-3576.18	168.2367	0.3850986	1.399719	3.013086
9030	-3404.759	-3572.352	167.5924	0.488233	1.183188	3.411801
9036	-3408.479	-3576.471	167.9924	0.4069175	1.336846	3.171033
9042	-3405.136	-3573.479	168.3429	0.4658613	1.336846	2.897037
9048	-3421.681	-3590.415	168.7332	0.3342149	1.433802	2.755873
9054	-3410.53	-3578.819	168.2891	0.4422818	1.390586	2.922241
9060	-3412.681	-3580.047	167.3664	0.4422818	1.373687	3.479252
9066	-3423.072	-3590.57	167.4975	0.3419636	1.439097	3.479252
9072	-3423.377	-3591.132	167.7549	0.4195179	1.341901	3.294483
9078	-3420.752	-3588.958	168.2061	0.434683	1.416749	2.964782
9084	-3420.753	-3590.096	169.343	0.3796925	1.549929	2.242529
9090	-3419.663	-3589.016	169.3523	0.3796925	1.541446	2.241974
9096	-3421.639	-3590.132	168.4936	0.4659984	1.466767	2.726205
9102	-3430.815	-3599.668	168.853	0.3512087	1.563411	2.580048
9108	-3424.929	-3594.41	169.4811	0.3777115	1.617846	2.111326
9114	-3421.361	-3590.697	169.3358	0.3777115	1.612669	2.209282
9120	-3433.077	-3601.964	168.8875	0.3812647	1.438158	2.598199
9126	-3424.283	-3592.753	168.4704	0.3812647	1.435818	2.855079
9132	-3425.027	-3594.118	169.0915	0.4052726	1.525395	2.38673
9138	-3415.868	-3584.985	169.1168	0.3041582	1.408448	2.576821
9144	-3431.525	-3600.149	168.6237	0.2953283	1.455316	2.86286
9150	-3424.552	-3593.919	169.3674	0.3271649	1.515414	2.31946
9156	-3427.801	-3597.2	169.3987	0.3940901	1.47253	2.238239
9162	-3429.804	-3598.117	168.3137	0.357759	1.377669	3.01337
9168	-3428.994	-3596.719	167.7252	0.3430654	1.288093	3.433045
9174	-3418.379	-3586.14	167.7618	0.366654	1.256367	3.401355
9180	-3425.91	-3593.836	167.9263	0.4725226	1.278806	3.174322
9186	-3434.572	-3603.529	168.957	0.4483684	1.315816	2.552633
9192	-3414.28	-3581.698	167.4173	0.3155933	1.283945	3.649854
9198	-3417.326	-3584.488	167.1625	0.4452811	1.278941	3.649854
9204	-3421.157	-3589.171	168.0141	0.3367917	1.352757	3.233026
9210	-3416.053	-3583.736	167.6831	0.400989	1.223467	3.426866
9216	-3411.099	-3578.903	167.8039	0.3333625	1.240843	3.426866
9222	-3412.904	-3580.511	167.6073	0.4169585	1.268914	3.426866
9228	-3396.868	-3564.245	167.377	0.4646523	1.300201	3.492879
9234	-3407.677	-3574.134	166.4569	0.3775451	1.142665	4.205797
9240	-3415.085	-3581.387	166.3022	0.4071668	1.239478	4.205797
9246	-3414.57	-3583.302	168.732	0.3347212	1.402178	2.775234
9252	-3415.162	-3583.511	168.349	0.362368	1.420297	2.960806
9258	-3420.151	-3589.229	169.0778	0.30106	1.442399	2.584387
9264	-3415.172	-3584.366	169.1938	0.30106	1.463479	2.499094
9270	-3419.693	-3588.789	169.0961	0.3873798	1.490022	2.42803
9276	-3422.847	-3591.77	168.923	0.3688818	1.497076	2.555099
9282	-3427.838	-3597.539	169.7012	0.3878199	1.491419	2.036444
9288	-3420.972	-3590.165	169.1926	0.3878199	1.549806	2.328543
9294	-3420.658	-3589.938	169.2798	0.3878199	1.462644	2.328543
9300	-3424.472	-3594.033	169.561	0.3932283	1.505909	2.112249
9306	-3425.717	-3595.734	170.018	0.4006301	1.579304	1.744151
9312	-3406.308	-3576.099	169.7911	0.4712082	1.747665	1.694875
9318	-3425.074	-3594.959	169.8853	0.4928423	1.720414	1.620675
9324	-3431.518	-3601.44	169.9223	0.3758928	1.797554	1.692058
9330	-3426.421	-3595.448	169.0269	0.4143694	1.614929	2.35998
9336	-3406.804	-3576.084	169.28	0.3573021	1.474682	2.35998
9342	-3431.483	-3600.47	168.9863	0.3848875	1.524927	2.478197
9348	-3426.433	-3595.193	168.7595	0.3515856	1.558722	2.64032
9354	-3419.177	-3586.778	167.6011	0.2973909	1.185674	3.624502
9360	-3420.222	-3587.62	167.3975	0.4585258	1.138235	3.581477
9366	-3415.035	-3581.824	166.7892	0.3299512	1.173133	4.056112
9372	-3429.611	-3597.432	167.8212	0.375317	1.330817	3.312407
9378	-3423.77	-3592.062	168.2927	0.426844	1.367337	2.951007
9384	-3421.71	-3590.382	168.6718	0.3283981	1.479967	2.772962
9390	-3427.492	-3596.201	168.7084	0.3283981	1.443329	2.772962
9396	-3430.257	-3599.053	168.7958	0.4768958	1.471336	2.525137
9402	-3416.812	-3586.366	169.5531	0.4000259	1.568685	2.067529
9408	-3420.497	-3590.111	169.6145	0.3559953	1.670452	2.017908
9414	-3420.772	-3590.727	169.9546	0.4169981	1.772071	1.630115
9420	-3415.053	-3584.19	169.1366	0.4337644	1.529367	2.321809
9426	-3417.584	-3586.8	169.2159	0.3533278	1.490521	2.39579
9432	-3424.527	-3592.478	167.9512	0.4235976	1.376396	3.153424
9438	-3436.748	-3605.258	168.5096	0.3639175	1.379832	2.886429
9444	-3417.088	-3584.772	167.6842	0.4279029	1.289521	3.357749
9450	-3427.625	-3596.252	168.6271	0.4153971	1.539473	2.655688
9456	-3419.185	-3586.911	167.7262	0.5256128	1.273984	3.243603
9462	-3422.207	-3589.974	167.7669	0.2650669	1.214541	3.557044
9468	-3428.659	-3596.363	167.7039	0.407834	1.391282	3.30839
9474	-3418.665	-3587.453	168.7886	0.4039866	1.36581	2.676462
9480	-3416.076	-3584.036	167.9606	0.4068305	1.273622	3.22748
9486	-3428.487	-3596.406	167.9195	0.3513567	1.21901	3.349339
9492	-3426.912	-3593.779	166.8675	0.2775218	1.199617	4.065529
9498	-3419.595	-3587.668	168.0732	0.4547701	1.296614	3.094691
9504	-3422.196	-3589.734	167.5379	0.3772383	1.245312	3.526113
9510	-3419.59	-3588.208	168.6174	0.3772383	1.396049	2.794764
9516	-3407.674	-3576.486	168.8124	0.4281906	1.435972	2.590474
9522	-3423.309	-3591.457	168.1478	0.3146706	1.402761	3.153066
9528	-3424.955	-3593.241	168.2866	0.4275884	1.300748	2.993916
9534	-3425.361	-3593.786	168.4258	0.4446557	1.453157	2.798893
9540	-3418.084	-3584.807	166.7234	0.4446557	1.206515	3.945028
9546	-3421.406	-3588.88	167.474	0.4403542	1.266857	3.480865
9552	-3427.106	-3594.232	167.1258	0.4308265	1.16847	3.750037
9558	-3440.967	-3608.515	167.5479	0.4147482	1.263597	3.467131
9564	-3412.696	-3580.849	168.1527	0.3415889	1.257199	3.201396
9570	-3410.897	-3579.199	168.3014	0.329496	1.303881	3.100834
9576	-3417.485	-3585.188	167.7036	0.3825435	1.329461	3.373832
9582	-3414.595	-3583.089	168.4933	0.4327358	1.286609	2.872131
9588	-3423.578	-3590.149	166.5717	0.4409227	1.16584	4.058781
9594	-3425.319	-3592.444	167.1244	0.4409227	1.276079	3.678092
9600	-3428.089	-3595.766	167.6776	0.5148325	1.431087	3.189584
9606	-3418.499	-3585.964	167.4656	0.3887601	1.285993	3.531241
9612	-3414.698	-3583.062	168.3639	0.3887601	1.456868	2.897771
9618	-3419.916	-3588.433	168.5169	0.4116711	1.42908	2.795056
9624	-3416.67	-3584.947	168.2774	0.4273169	1.330864	2.981633
9630	-3421.13	-3589.454	168.3248	0.3496309	1.436451	2.981633
9636	-3424.37	-3593.068	168.6976	0.4349399	1.507316	2.609701
9642	-3426.73	-3595.872	169.1421	0.341459	1.488238	2.459519
9648	-3418.652	-3587.852	169.2	0.5007482	1.549701	2.193413
9654	-3417.217	-3585.046	167.8294	0.3335614	1.324919	3.362406
9660	-3409.268	-3577.585	168.3169	0.3638453	1.326887	3.034349
9666	-3419.308	-3587.647	168.3389	0.4413721	1.386197	2.895813
9672	-3427.656	-3594.623	166.9669	0.3471871	1.346089	3.834082
9678	-3414.422	-3581.799	167.3764	0.3476902	1.317724	3.613295
9684	-3412.846	-3581.831	168.9856	0.35161	1.374984	2.614094
9690	-3418.98	-3587.913	168.9329	0.35161	1.469438	2.588264
9696	-3420.544	-3589.048	168.504	0.4232202	1.401011	2.806828
9702	-3425.949	-3595.447	169.4978	0.4002289	1.488123	2.156259
9708	-3427.305	-3596.607	169.302	0.4316833	1.644894	2.143242
9714	-3419.845	-3589.392	169.547	0.3430299	1.504675	2.188867
9720	-3424.612	-3593.88	169.2675	0.3406668	1.422811	2.422858
9726	-3420.633	-3589.108	168.4757	0.3761777	1.471118	2.836579
9732	-3409.451	-3578.632	169.181	0.4357679	1.556139	2.274018
9738	-3401.143	-3570.779	169.6358	0.3580415	1.548867	2.081415
9744	-3413.339	-3582.878	169.5389	0.3657639	1.609933	2.094516
9750	-3406.487	-3576.152	169.6647	0.3133402	1.596962	2.094516
9756	-3413.473	-3582.804	169.3314	0.3246111	1.572582	2.309615
9762	-3408.875	-3578.186	169.3113	0.3511523	1.55194	2.299033
9768	-3411.199	-3580.876	169.6766	0.3564922	1.55194	2.054599
9774	-3403.986	-3573.148	169.1621	0.3588686	1.553566	2.38263
9780	-3418.399	-3587.757	169.3582	0.4111365	1.490317	2.231761
9786	-3403.978	-3573.755	169.7769	0.4111365	1.696499	1.81633
9792	-3414.13	-3583.914	169.7836	0.4434736	1.630191	1.81633
9798	-3413.203	-3583.314	170.1107	0.3099149	1.81513	1.645723
9804	-3408.626	-3578.655	170.0297	0.3891752	1.81513	1.583063
9810	-3405.8	-3575.678	169.8783	0.4030699	1.711193	1.746326
9816	-3412.306	-3581.659	169.3529	0.4664075	1.456619	2.192322
9822	-3418.893	-3588.971	170.0781	0.5234059	1.745723	1.420794
9828	-3397.476	-3567.533	170.0575	0.4003218	1.745723	1.597606
9834	-3403.681	-3573.759	170.0779	0.3667528	1.653188	1.697159
9840	-3404.147	-3573.653	169.5063	0.4837995	1.557541	2.005785
9846	-3409.417	-3579.094	169.677	0.4055139	1.532962	2.002077
9852	-3402.291	-3571.535	169.2436	0.387301	1.571881	2.282553
9858	-3403.632	-3571.937	168.3044	0.3848681	1.449874	2.942572
9864	-3416.944	-3585.308	168.364	0.4191718	1.324345	2.942572
9870	-3416.231	-3585.383	169.1517	0.3691554	1.359065	2.498175
9876	-3414.922	-3583.268	168.3467	0.3052269	1.442686	3.023414
9882	-3414.292	-3582.492	168.1999	0.3321016	1.283578	3.169918
9888	-3419.378	-3586.949	167.5711	0.3616031	1.23009	3.534157
9894	-3422.176	-3589.952	167.7763	0.4021512	1.442627	3.241826
9900	-3406.8	-3575.165	168.3654	0.4346446	1.440253	2.854457
9906	-3409.223	-3578.163	168.9393	0.3331425	1.421004	2.638681
9912	-3416.04	-3584.915	168.8752	0.3360611	1.47874	2.638681
9918	-3414.926	-3583.802	168.876	0.3268227	1.390013	2.705155
9924	-3416.455	-3586.182	169.7273	0.2965982	1.682176	2.022364
9930	-3411.766	-3581.269	169.5027	0.3898027	1.622923	2.078064
9936	-3411.922	-3581.783	169.8613	0.3809153	1.586206	1.874336
9942	-3410.184	-3580.346	170.1623	0.3676254	1.612952	1.664471
9948	-3411.16	-3581.226	170.0658	0.3396751	1.626775	1.764164
9954	-3412.227	-3582.144	169.9164	0.3926176	1.667816	1.764164
9960	-3416.541	-3586.418	169.8778	0.3885572	1.751663	1.738024
9966	-3421.165	-3590.45	169.2844	0.4319926	1.653433	2.148762
9972	-3416.305	-3585.847	169.5426	0.3718518	1.59461	2.094026
9978	-3410.711	-3580.713	170.0017	0.3639386	1.705414	1.718237
9984	-3413.53	-3583.124	169.5942	0.3639386	1.628727	2.048154
9990	-3410.547	-3580.343	169.7958	0.435547	1.628727	1.81881
9996	-3408.962	-3578.451	169.4884	0.3322953	1.493166	2.249056
10002	-3412.582	-3582.024	169.4423	0.3193915	1.493166	2.296879
10008	-3408.882	-3577.606	168.7237	0.3281307	1.462693	2.752169
10014	-3413.512	-3582.246	168.7341	0.3281307	1.417077	2.773655
10020	-3401.815	-3570.405	168.5899	0.3548468	1.415953	2.827288
10026	-3397.973	-3566.111	168.1379	0.396105	1.340766	3.094547
10032	-3414.75	-3583.074	168.3249	0.4336847	1.25039	2.994423
10038	-3408.033	-3575.977	167.9435	0.3218148	1.259995	3.348655
10044	-3411.634	-3579.234	167.6006	0.3259406	1.194426	3.582023
10050	-3411.793	-3579.606	167.813	0.3102433	1.385507	3.366954
10056	-3418.447	-3586.79	168.3431	0.4193074	1.302129	2.968324
10062	-3408.417	-3576.841	168.4235	0.3554148	1.347727	2.968324
10068	-3401.883	-3569.426	167.543	0.388596	1.31517	3.469271
10074	-3407.553	-3575.186	167.6328	0.3733996	1.255611	3.469271
10080	-3417.458	-3584.256	166.7971	0.3733996	1.229878	3.967
10086	-3413.339	-3580.624	167.2855	0.4006001	1.283209	3.624149
10092	-3421.859	-3590.083	168.2236	0.3365778	1.343156	3.114612
10098	-3412.425	-3581.137	168.7125	0.3365778	1.343156	2.820596
10104	-3421.928	-3591.042	169.114	0.3342899	1.433817	2.520789
10110	-3415.289	-3584.274	168.9853	0.4913001	1.405838	2.432204
10116	-3422.793	-3591.941	169.1477	0.4152722	1.378161	2.432204
10122	-3427.187	-3596.284	169.097	0.3175384	1.364408	2.59752
10128	-3425.093	-3593.934	168.841	0.3765407	1.370603	2.674399
10134	-3425.394	-3593.639	168.2453	0.3924287	1.378405	3.012086
10140	-3416.299	-3584.942	168.643	0.4528683	1.431332	2.670393
10146	-3418.454	-3586.268	167.8133	0.4908674	1.403804	3.148656
10152	-3409.143	-3577.249	168.1059	0.4095428	1.256011	3.148656
10158	-3425.612	-3592.154	166.5411	0.4634096	1.368184	3.937863
10164	-3415.236	-3583.111	167.8746	0.4157739	1.362325	3.215839
10170	-3426.487	-3595.2	168.7134	0.3363062	1.41265	2.778115
10176	-3411.055	-3579.278	168.223	0.4248401	1.280538	3.04714
10182	-3419.765	-3588.997	169.2311	0.472264	1.509087	2.230534
10188	-3422.485	-3590.996	168.5113	0.4882209	1.400418	2.732777
10194	-3426.72	-3593.873	167.1526	0.4667279	1.376047	3.577301
10200	-3419.474	-3587.363	167.8892	0.3879634	1.407697	3.211991
10206	-3420.198	-3587.951	167.7525	0.360526	1.419671	3.31831
10212	-3427.735	-3596.412	168.677	0.3923705	1.466438	2.697011
10218	-3420.513	-3589.062	168.5486	0.3699451	1.434813	2.822008
10224	-3421.837	-3589.559	167.7215	0.3305842	1.362211	3.407635
10230	-3425.611	-3593.141	167.5307	0.4641688	1.293147	3.407635
10236	-3427.93	-3596.047	168.1174	0.3920563	1.351344	3.105137
10242	-3426.362	-3594.194	167.8323	0.4210164	1.307479	3.267469
10248	-3419.141	-3587.344	168.2031	0.3859185	1.307479	3.087381
10254	-3410.412	-3578.907	168.4953	0.3764577	1.372639	2.884034
10260	-3416.541	-3583.529	166.9882	0.3514365	1.135135	3.937774
10266	-3417.302	-3584.281	166.9791	0.4333519	1.291105	3.761292
10272	-3421.371	-3589.551	168.1801	0.34473	1.437569	3.073817
10278	-3420.633	-3587.942	167.3099	0.3769176	1.390722	3.57458
10284	-3421.211	-3588.757	167.5467	0.3555347	1.413865	3.448506
10290	-3416.108	-3583.434	167.3258	0.3604251	1.238389	3.673178
10296	-3415.056	-3582.11	167.0546	0.3323478	1.228614	3.869527
10302	-3412.09	-3579.403	167.3133	0.3327531	1.174395	3.751307
10308	-3423.048	-3590.174	167.1261	0.426288	1.174395	3.751307
10314	-3415.367	-3584.114	168.7465	0.4467421	1.449845	2.601857
10320	-3404.323	-3572.978	168.6552	0.3983558	1.321619	2.791769
10326	-3414.337	-3583.19	168.8535	0.4126851	1.419485	2.593084
10332	-3418.68	-3586.84	168.1595	0.333821	1.324187	3.167573
10338	-3420.689	-3588.3	167.6108	0.385695	1.187918	3.507308
10344	-3415.315	-3582.926	167.6108	0.385695	1.187918	3.507308
10350	-3430.685	-3598.833	168.1476	0.2838103	1.336494	3.235166
10356	-3421.053	-3588.258	167.2054	0.3732514	1.237758	3.728024
10362	-3424.339	-3591.27	166.9314	0.3732514	1.128304	3.948465
10368	-3431.591	-3598.95	167.3596	0.3383011	1.227883	3.686735
10374	-3413.363	-3581.523	168.1605	0.363964	1.268683	3.162117
10380	-3402.701	-3572.014	169.3138	0.403387	1.426646	2.310552
10386	-3407.882	-3577.59	169.7083	0.4008891	1.462894	2.033757
10392	-3409.583	-3579.19	169.6079	0.4219742	1.523458	2.033757
10398	-3407.304	-3576.668	169.364	0.3335023	1.523458	2.307697
10404	-3410.963	-3580.322	169.3584	0.4344703	1.464155	2.220563
10410	-3409.582	-3578.773	169.1914	0.3978229	1.469985	2.367613
10416	-3416.743	-3585.753	169.0097	0.3938378	1.453692	2.497088
10422	-3427.151	-3596.203	169.0513	0.4376535	1.50048	2.389791
10428	-3424.665	-3594.102	169.4371	0.4476028	1.51512	2.120975
10434	-3417.34	-3584.199	166.8589	0.3951869	1.212842	3.916659
10440	-3425.084	-3592.022	166.9388	0.3923282	1.341839	3.799876
10446	-3410.894	-3578.1	167.2055	0.4066258	1.257598	3.678656
10452	-3416.994	-3584.548	167.5544	0.4066258	1.236698	3.488057
10458	-3419.083	-3587.395	168.3116	0.4066258	1.389296	2.949241
10464	-3423.109	-3590.643	167.5346	0.4185503	1.278591	3.461992
10470	-3426.534	-3594.771	168.2368	0.518777	1.227185	2.973723
10476	-3429.612	-3597.538	167.9251	0.4078772	1.299336	3.232063
10482	-3423.241	-3592.223	168.9818	0.4570318	1.367872	2.495096
10488	-3419.84	-3588.271	168.4317	0.4628203	1.41895	2.796604
10494	-3420.411	-3589.631	169.2202	0.4116191	1.533112	2.292276
10500	-3420.741	-3590.013	169.2726	0.4139451	1.402235	2.339571
10506	-3416.791	-3585.305	168.5144	0.4190176	1.443307	2.779503
10512	-3417.073	-3585.408	168.3345	0.4681147	1.460953	2.824563
10518	-3410.867	-3579.16	168.2933	0.5378939	1.430704	2.798071
10524	-3414.652	-3583.277	168.6257	0.3819187	1.373014	2.798071
10530	-3428.446	-3596.87	168.424	0.458036	1.252306	2.907386
10536	-3421.521	-3589.599	168.0782	0.4756449	1.298185	3.069135
10542	-3418.526	-3586.964	168.4376	0.447041	1.476124	2.775097
10548	-3415.869	-3584.217	168.3479	0.5264354	1.404434	2.791897
10554	-3418.269	-3587.397	169.1277	0.434953	1.422973	2.393597
10560	-3427.174	-3596.659	169.4852	0.5615118	1.451716	2.007258
10566	-3420.519	-3589.884	169.3655	0.45279	1.548797	2.13971
10572	-3410.942	-3580.276	169.3336	0.4830384	1.501844	2.15695
10578	-3428.762	-3598.055	169.2926	0.3372977	1.5963	2.301494
10584	-3422.233	-3591.679	169.4466	0.3372977	1.516225	2.254117
10590	-3424.019	-3593.138	169.1186	0.4347178	1.516225	2.340509
10596	-3425.651	-3595.049	169.3979	0.3215266	1.464401	2.340509
10602	-3432.299	-3599.638	167.3392	0.3107447	1.290959	3.69736
10608	-3426.213	-3595.39	169.1768	0.4668396	1.394051	2.344899
10614	-3413.474	-3581.078	167.6035	0.3778651	1.180312	3.525078
10620	-3426.485	-3593.215	166.73	0.5195012	1.022238	3.974013
10626	-3414.49	-3582.536	168.046	0.3856698	1.117047	3.293743
10632	-3407.825	-3574.268	166.4434	0.4575166	1.079174	4.164373
10638	-3417.404	-3583.406	166.002	0.4111833	1.079174	4.461792
10644	-3411.149	-3578.401	167.2516	0.3226082	1.188907	3.791359
10650	-3419.874	-3587.21	167.3361	0.3539037	1.173296	3.712734
10656	-3422.708	-3590.466	167.7577	0.4760106	1.340004	3.234378
10662	-3424.332	-3591.864	167.5321	0.4239606	1.339303	3.422076
10668	-3432.389	-3600.273	167.8836	0.4713039	1.286181	3.196474
10674	-3413.901	-3583.516	169.6147	0.4209136	1.536877	2.021628
10680	-3428.092	-3597.083	168.9913	0.3916576	1.397091	2.54655
10686	-3420.383	-3589.205	168.8219	0.4485594	1.401282	2.583215
10692	-3424.103	-3593.123	169.0203	0.3435219	1.476867	2.540017
10698	-3430.91	-3599.988	169.0783	0.3488731	1.407465	2.540017
10704	-3429.599	-3598.056	168.4572	0.3781841	1.414617	2.879601
10710	-3426.337	-3594.333	167.9964	0.346007	1.34672	3.235356
10716	-3401.897	-3570.364	168.4667	0.4814994	1.360263	2.791459
10722	-3402.18	-3570.255	168.0749	0.5828823	1.319945	2.955702
10728	-3406.098	-3574.724	168.6254	0.466101	1.299412	2.747858
10734	-3408.071	-3576.336	168.2653	0.4545551	1.442283	2.892179
10740	-3403.42	-3571.994	168.5736	0.4023025	1.311787	2.842772
10746	-3415.026	-3582.896	167.8707	0.4772225	1.285215	3.198669
10752	-3417.122	-3585.735	168.6137	0.4279133	1.333951	2.775568
10758	-3418.866	-3587.304	168.4381	0.3799598	1.300226	2.957993
10764	-3411.718	-3580.437	168.7193	0.4033803	1.40829	2.693667
10770	-3423.496	-3592.469	168.9731	0.3599436	1.471735	2.551118
10776	-3413.374	-3581.594	168.2195	0.3213139	1.28348	3.172442
10782	-3417.845	-3586.097	168.2514	0.3707212	1.327722	3.064591
10788	-3416.916	-3585.147	168.2316	0.3707212	1.347577	3.064591
10794	-3396.914	-3565.78	168.8661	0.4673459	1.351495	2.566162
10800	-3411.229	-3579.273	168.044	0.5051713	1.456954	2.964823
10806	-3408.823	-3576.82	167.9971	0.3514289	1.396622	3.198625
10812	-3425.745	-3593.441	167.6968	0.4119999	1.190854	3.42563
10818	-3418.503	-3587.023	168.5195	0.4079245	1.325646	2.860648
10824	-3415.166	-3582.865	167.6999	0.4079245	1.294382	3.367633
10830	-3424.967	-3594.324	169.357	0.237513	1.53005	2.454661
10836	-3416.014	-3585.222	169.208	0.3509962	1.407598	2.456069
10842	-3426.121	-3595.292	169.1708	0.3441002	1.459374	2.456069
10848	-3410.831	-3578.311	167.4793	0.3441002	1.458708	3.475784
10854	-3418.222	-3585.669	167.4477	0.3441865	1.386956	3.535959
10860	-3419.549	-3586.833	167.2848	0.3444912	1.290521	3.686101
10866	-3421.61	-3590.05	168.44	0.3718772	1.339709	2.942861
10872	-3418.363	-3587.429	169.066	0.3708979	1.554048	2.427445
10878	-3421.922	-3591.478	169.5561	0.3848715	1.69209	2.003382
10884	-3418.353	-3587.913	169.56	0.3767903	1.715853	1.995625
10890	-3414.598	-3584.406	169.8083	0.3767903	1.658782	1.866577
10896	-3428.618	-3598.341	169.7227	0.3767903	1.658782	1.92477
10902	-3427.397	-3596.976	169.5784	0.3752831	1.557954	2.089993
10908	-3432.428	-3602.054	169.6256	0.466723	1.479644	1.997659
10914	-3426.209	-3595.882	169.6729	0.4161824	1.575118	1.963133
10920	-3423.982	-3592.928	168.9456	0.4203713	1.491273	2.482054
10926	-3420.492	-3588.928	168.4362	0.3504748	1.435842	2.913835
10932	-3410.934	-3579.99	169.0562	0.3544056	1.435842	2.528842
10938	-3400.7	-3569.371	168.6706	0.325772	1.373692	2.841858
10944	-3424.65	-3593.22	168.5696	0.3325581	1.341016	2.913749
10950	-3416.962	-3585.563	168.6004	0.3331563	1.498138	2.799003
10956	-3431.937	-3600.565	168.6286	0.4175017	1.376514	2.752341
10962	-3430.918	-3599.654	168.736	0.3301151	1.53139	2.699916
10968	-3426.447	-3595.412	168.9652	0.363468	1.434584	2.574559
10974	-3422.618	-3591.071	168.4533	0.363468	1.392804	2.913165
10980	-3425.949	-3593.531	167.5819	0.3827464	1.238752	3.497885
10986	-3425.947	-3592.553	166.606	0.5361263	1.133573	3.966131
10992	-3421.672	-3590.128	168.4557	0.3585195	1.343523	2.947597
10998	-3422.625	-3590.998	168.3736	0.3504448	1.482079	2.923748
11004	-3415.488	-3584.163	168.6743	0.3504448	1.431284	2.772192
11010	-3422.501	-3590.167	167.6658	0.3790098	1.269441	3.435294
11016	-3419.31	-3586.546	167.2359	0.3495523	1.107227	3.81387
11022	-3407.261	-3574.511	167.2504	0.3041553	1.192877	3.81387
11028	-3409.611	-3576.928	167.3176	0.4751215	1.111606	3.626605
11034	-3428.471	-3595.038	166.5669	0.327518	1.149461	4.199065
11040	-3429.897	-3596.783	166.886	0.3497972	1.122783	4.00524
11046	-3425.211	-3591.878	166.6667	0.4028021	1.235557	4.00524
11052	-3424.094	-3592.014	167.9194	0.4664189	1.34748	3.143864
11058	-3416.648	-3585.043	168.3944	0.3581968	1.365395	2.971757
11064	-3409.584	-3578.576	168.9923	0.4215814	1.331646	2.551164
11070	-3407.604	-3575.944	168.3406	0.4304672	1.331646	2.939684
11076	-3415.014	-3583.613	168.5986	0.5159666	1.314206	2.704086
11082	-3404.895	-3573.415	168.5203	0.4129449	1.373637	2.825236
11088	-3411.361	-3579.872	168.5104	0.4720085	1.443527	2.723811
11094	-3404.548	-3572.956	168.4077	0.4760767	1.443527	2.782273
11100	-3424.212	-3593.028	168.8158	0.3921391	1.47383	2.60721
11106	-3419.126	-3587.973	168.847	0.3912504	1.374487	2.650374
11112	-3422.8	-3591.602	168.8017	0.3625257	1.497274	2.638158
11118	-3420.716	-3589.445	168.7286	0.4238064	1.410816	2.662774
11124	-3416.865	-3585.418	168.5535	0.3452505	1.346264	2.903787
11130	-3425.972	-3594.24	168.2682	0.3591953	1.328467	3.068225
11136	-3416.427	-3585.79	169.3631	0.344225	1.465031	2.330777
11142	-3415.387	-3584.618	169.2306	0.3693568	1.545233	2.330777
11148	-3423.411	-3592.691	169.2803	0.3693568	1.666611	2.221157
11154	-3416.013	-3585.425	169.4114	0.3966561	1.684358	2.088972
11160	-3424.494	-3594.255	169.7608	0.3618808	1.684358	1.90215
11166	-3416.66	-3585.969	169.3089	0.3405401	1.515267	2.338326
11172	-3418.384	-3587.197	168.813	0.4504338	1.483069	2.53587
11178	-3426.158	-3594.837	168.6787	0.3339022	1.427444	2.79344
11184	-3421.367	-3590.006	168.6387	0.4187865	1.394882	2.73345
11190	-3428.009	-3596.265	168.2557	0.4300984	1.435359	2.928753
11196	-3424.99	-3593.057	168.0679	0.4476786	1.393651	3.047463
11202	-3434.901	-3602.896	167.9954	0.4408648	1.164613	3.234024
11208	-3420.736	-3588.753	168.0164	0.351162	1.318087	3.234024
11214	-3429.328	-3596.772	167.4442	0.3632646	1.271135	3.582145
11220	-3430.298	-3597.847	167.5494	0.5009108	1.248886	3.386096
11226	-3416.976	-3584.553	167.5768	0.4352368	1.328446	3.390059
11232	-3424.065	-3592.404	168.3387	0.3506786	1.514786	2.924782
11238	-3415.31	-3584.101	168.7917	0.4489925	1.460342	2.564852
11244	-3419.444	-3587.909	168.4644	0.3782582	1.412691	2.876308
11250	-3414.248	-3583.624	169.3757	0.4272245	1.500024	2.194798
11256	-3408.763	-3578.34	169.5769	0.4770586	1.557852	1.96603
11262	-3420.747	-3589.863	169.1168	0.4563	1.59551	2.266333
11268	-3425.099	-3594.552	169.4534	0.4014136	1.553885	2.140861
11274	-3427.151	-3596.578	169.4272	0.4034199	1.576281	2.140861
11280	-3428.965	-3595.782	166.8173	0.4365939	1.160774	3.92577
11286	-3420.54	-3585.942	165.4022	0.3858316	0.9556096	4.894238
11292	-3431.071	-3596.551	165.4808	0.3546045	0.9556096	4.885753
11298	-3436.807	-3603.33	166.5231	0.3546045	0.9840503	4.284741
11304	-3411.908	-3578.256	166.3487	0.446476	1.122371	4.204707
11310	-3416.579	-3584.791	168.2123	0.4826929	1.325166	2.965389
11316	-3430.268	-3598.394	168.1261	0.3407587	1.276502	3.206782
11322	-3425.261	-3594.23	168.9687	0.5067036	1.383061	2.440954
11328	-3426.162	-3595.094	168.9318	0.3981851	1.375922	2.588768
11334	-3427.289	-3596.01	168.721	0.3965858	1.223039	2.813839
11340	-3419.156	-3587.869	168.713	0.3808875	1.310136	2.784473
11346	-3419.691	-3588.496	168.8044	0.3247752	1.416558	2.735537
11352	-3428.782	-3597.666	168.8847	0.5275896	1.452452	2.428931
11358	-3416.78	-3585.771	168.9914	0.4295605	1.513117	2.428931
11364	-3411.057	-3580.642	169.5853	0.3744195	1.474615	2.141215
11370	-3425.035	-3594.355	169.3201	0.4472012	1.482281	2.218764
11376	-3412.714	-3582.078	169.3642	0.4142378	1.498605	2.218764
11382	-3431.521	-3599.295	167.7743	0.4169071	1.277569	3.32384
11388	-3420.259	-3587.742	167.4834	0.4566193	1.305278	3.435979
11394	-3411.529	-3580.711	169.1826	0.3732206	1.456237	2.412631
11400	-3430.611	-3598.691	168.0796	0.355692	1.360292	3.165917
11406	-3421.383	-3589.321	167.9379	0.3887328	1.435183	3.165917
11412	-3425.316	-3593.367	168.0506	0.4887456	1.349828	3.041492
11418	-3426.286	-3594.593	168.3064	0.3907359	1.309444	3.018779
11424	-3416.136	-3585.601	169.4657	0.340021	1.56546	2.206312
11430	-3418.385	-3587.571	169.1867	0.3799724	1.519245	2.361607
11436	-3428.704	-3597.989	169.2852	0.4326303	1.518194	2.235113
11442	-3416.551	-3584.463	167.9125	0.4315539	1.416472	3.143899
11448	-3425.934	-3595.412	169.4781	0.3461654	1.620017	2.154374
11454	-3419.048	-3587.701	168.6523	0.3500974	1.447688	2.776028
11460	-3431.48	-3599.376	167.8962	0.4564324	1.392026	3.141526
11466	-3433.235	-3601.181	167.9462	0.4375422	1.375832	3.141526
11472	-3416.604	-3585.119	168.5149	0.334099	1.480849	2.860193
11478	-3409.803	-3578.551	168.748	0.3834092	1.43242	2.685164
11484	-3410.846	-3580.03	169.1843	0.4596943	1.485558	2.2897
11490	-3408.968	-3578.009	169.0413	0.3552478	1.626137	2.417865
11496	-3419.597	-3589.012	169.4155	0.3452661	1.648494	2.177815
11502	-3429.026	-3598.343	169.3172	0.4346205	1.651694	2.125368
11508	-3427.413	-3596.914	169.5002	0.4122409	1.663523	2.024337
11514	-3407.453	-3574.944	167.4916	0.4248504	1.219047	3.515011
11520	-3421.314	-3588.79	167.4759	0.4248504	1.234746	3.515011
11526	-3422.031	-3588.207	166.1762	0.3847462	1.299908	4.267646
11532	-3422.792	-3590.515	167.7239	0.3930316	1.266814	3.386606
11538	-3414.742	-3582.47	167.7284	0.3470714	1.211029	3.471274
11544	-3420.502	-3587.883	167.3814	0.3573659	1.201714	3.6659
11550	-3415.031	-3582.463	167.4322	0.3573659	1.262448	3.601226
11556	-3414.739	-3583.584	168.8449	0.3573659	1.386334	2.686407
11562	-3421.95	-3590.514	168.5642	0.4932918	1.446258	2.666986
11568	-3436.69	-3605.002	168.3117	0.4694032	1.46863	2.832407
11574	-3427.837	-3595.112	167.2756	0.3854788	1.368971	3.597245
11580	-3425.553	-3592.559	167.0059	0.3399423	1.154568	3.930458
11586	-3422.95	-3590.635	167.6849	0.4537132	1.250589	3.352849
11592	-3417.774	-3585.077	167.3032	0.2928881	1.176373	3.808134
11598	-3415.588	-3583.164	167.5763	0.5016101	1.275438	3.354022
11604	-3406.971	-3574.851	167.8803	0.413771	1.215769	3.301281
11610	-3409.47	-3576.317	166.8473	0.413771	1.200336	3.9101
11616	-3409.268	-3576.899	167.6308	0.3736165	1.213728	3.494639
11622	-3410.574	-3578.351	167.7767	0.362274	1.271055	3.389248
11628	-3407.616	-3575.024	167.4077	0.318784	1.157141	3.724603
11634	-3420.295	-3588.353	168.0572	0.4558438	1.331324	3.082395
11640	-3420.039	-3588.711	168.6713	0.5097139	1.354077	2.641094
11646	-3419.156	-3588.734	169.5788	0.4196448	1.56038	2.031401
11652	-3410.829	-3580.351	169.5218	0.4196448	1.598858	2.043691
11658	-3409.881	-3579.493	169.6121	0.4100167	1.592092	2.00026
11664	-3417.124	-3586.725	169.601	0.3979913	1.564225	2.041399
11670	-3413.704	-3582.756	169.052	0.4007219	1.450153	2.464465
11676	-3427.212	-3596.033	168.8205	0.4019363	1.510018	2.570145
11682	-3420.646	-3588.672	168.0255	0.3625307	1.314577	3.216694
11688	-3421.932	-3589.03	167.0979	0.3641647	1.208166	3.817715
11694	-3413.242	-3580.853	167.6118	0.3982188	1.267309	3.446073
11700	-3419.452	-3587.573	168.1211	0.3285787	1.417586	3.141701
11706	-3418.411	-3587.558	169.1472	0.3285787	1.588475	2.410811
11712	-3421.124	-3590.638	169.5138	0.3518622	1.70912	2.06472
11718	-3412.662	-3582.807	170.1449	0.3651307	1.812845	1.535461
11724	-3409.166	-3579.098	169.9318	0.3032832	1.761672	1.819819
11730	-3413.261	-3583.216	169.9552	0.369087	1.611916	1.808597
11736	-3428.053	-3597.658	169.6056	0.2900809	1.611916	2.158648
11742	-3421.96	-3591.71	169.7499	0.2900809	1.611759	2.064184
11748	-3406.933	-3577.117	170.1842	0.3418171	1.789198	1.559953
11754	-3419.28	-3587.895	168.6152	0.3292982	1.481987	2.805005
11760	-3419.328	-3587.902	168.574	0.3513465	1.382325	2.861786
11766	-3417.922	-3586.974	169.0525	0.3805427	1.50185	2.456544
11772	-3406.709	-3575.547	168.8384	0.3455302	1.529144	2.617723
11778	-3404.444	-3573.696	169.2521	0.3550036	1.521724	2.350883
11784	-3404.77	-3573.784	169.014	0.3385337	1.469496	2.555179
11790	-3406.443	-3575.783	169.3403	0.3922702	1.528657	2.24195
11796	-3415.751	-3585.258	169.5069	0.3378747	1.473665	2.24195
11802	-3415.126	-3585.216	170.0902	0.441316	1.8758	1.418602
11808	-3412.935	-3583.004	170.0686	0.4527268	1.747729	1.516646
11814	-3411.156	-3581.039	169.883	0.3484853	1.692488	1.832233
11820	-3419.86	-3589.556	169.6959	0.2994805	1.518953	2.145929
11826	-3419.808	-3589.047	169.2396	0.4767331	1.62354	2.145929
11832	-3424.512	-3593.697	169.1846	0.4150874	1.569539	2.287601
11838	-3421.838	-3591.115	169.2766	0.4751034	1.47363	2.220963
11844	-3414.899	-3584.592	169.6931	0.3857924	1.589344	1.979252
11850	-3424.479	-3593.838	169.3594	0.3775674	1.437861	2.306542
11856	-3422.848	-3591.771	168.9236	0.4549467	1.405556	2.510252
11862	-3412.053	-3580.88	168.8268	0.5601075	1.368964	2.485864
11868	-3419.111	-3588.294	169.1827	0.447527	1.462217	2.319382
11874	-3434.878	-3603.077	168.1996	0.4933107	1.283186	2.987538
11880	-3415.724	-3583.966	168.2415	0.3297942	1.319306	3.126967
11886	-3413.952	-3581.644	167.6919	0.376278	1.275012	3.419952
11892	-3417.582	-3585.67	168.0881	0.4073369	1.351799	3.104781
11898	-3417.363	-3584.899	167.5361	0.3693938	1.21898	3.551721
11904	-3418.908	-3586.728	167.8204	0.4201505	1.195914	3.341184
11910	-3406.342	-3575.016	168.674	0.4484922	1.378729	2.688471
11916	-3406.185	-3575.021	168.8367	0.448294	1.378729	2.588316
11922	-3408.485	-3576.995	168.5098	0.3109336	1.477136	2.896719
11928	-3423.737	-3593.085	169.3474	0.4136591	1.400441	2.29335
11934	-3414.179	-3583.519	169.3401	0.3289583	1.601865	2.279185
11940	-3409.924	-3578.926	169.0023	0.2978427	1.468366	2.61971
11946	-3411.927	-3580.55	168.6236	0.3406558	1.436753	2.812383
11952	-3409.014	-3577.069	168.0551	0.3890759	1.30748	3.171718
11958	-3418.627	-3586.677	168.05	0.3806125	1.294979	3.19209
11964	-3411.198	-3579.218	168.0206	0.3501365	1.348598	3.214759
11970	-3403.805	-3571.716	167.9102	0.4228974	1.315237	3.214759
11976	-3404.881	-3572.721	167.84	0.3593799	1.358942	3.303911
11982	-3412.601	-3580.305	167.7043	0.4261958	1.186604	3.408208
11988	-3407.215	-3575.017	167.8025	0.3187126	1.306511	3.408208
11994	-3407.215	-3575.697	168.4821	0.3278101	1.312179	2.990032
12000	-3414.879	-3583.216	168.3371	0.3891182	1.410595	2.941437
12006	-3433.736	-3600.874	167.1377	0.4697083	1.326148	3.611955
12012	-3413.153	-3580.894	167.7417	0.3653699	1.307423	3.384757
12018	-3425.707	-3593.426	167.719	0.3535027	1.354659	3.384757
12024	-3425.847	-3593.074	167.2268	0.3472555	1.186177	3.776408
12030	-3418.688	-3587.915	169.2275	0.405256	1.380342	2.392467
12036	-3426.341	-3595.917	169.5754	0.399369	1.494682	2.102392
12042	-3412.966	-3581.973	169.0066	0.3925424	1.389117	2.540933
12048	-3411.729	-3580.735	169.0066	0.3925424	1.389117	2.540933
12054	-3422.436	-3589.877	167.4413	0.3801942	1.27215	3.56332
12060	-3418.09	-3585.1	167.0093	0.4223566	1.135655	3.845045
12066	-3427.506	-3593.948	166.4429	0.3437144	1.25392	4.190262
12072	-3424.427	-3591.953	167.5265	0.3960904	1.337319	3.457369
12078	-3407.1	-3572.567	165.4675	0.3405553	1.002911	4.883373
12084	-3414.945	-3579.992	165.047	0.487172	1.037018	4.94391
12090	-3418.03	-3583.827	165.7975	0.4035931	1.057835	4.596835
12096	-3405.494	-3572.07	166.5765	0.3359239	1.130339	4.194058
12102	-3412.425	-3580.36	167.935	0.3461143	1.232073	3.339051
12108	-3406.8	-3574.893	168.0925	0.3068738	1.338848	3.234243
12114	-3418.011	-3584.724	166.7137	0.413269	1.091513	4.049291
12120	-3414.719	-3582.829	168.1094	0.3963869	1.312976	3.127708
12126	-3415.419	-3583.476	168.057	0.3939638	1.384618	3.119063
12132	-3408.542	-3577.958	169.4152	0.3103557	1.632079	2.238252
12138	-3418.647	-3587.922	169.2755	0.4443084	1.508698	2.233819
12144	-3402.704	-3571.369	168.6645	0.2772144	1.523943	2.822844
12150	-3415.957	-3585.174	169.2174	0.3515014	1.523943	2.376091
12156	-3418.964	-3588.004	169.0397	0.3750823	1.603871	2.407286
12162	-3404.375	-3573.531	169.1555	0.3636373	1.511295	2.407286
12168	-3405.947	-3574.666	168.7191	0.3717444	1.386928	2.745079
12174	-3411.497	-3580.11	168.6125	0.3863186	1.464386	2.745079
12180	-3412.768	-3582.02	169.2517	0.3572594	1.478439	2.375596
12186	-3412.762	-3580.856	168.0938	0.4023434	1.349665	3.108329
12192	-3414.125	-3582.673	168.5476	0.3164132	1.355548	2.939783
12198	-3415.257	-3583.431	168.1739	0.3840443	1.332427	3.092109
12204	-3421.91	-3589.947	168.0363	0.4066519	1.320521	3.154951
12210	-3416.82	-3584.392	167.5718	0.4034126	1.311571	3.437707
12216	-3415.029	-3582.511	167.4819	0.4426336	1.395498	3.398553
12222	-3419.869	-3588.539	168.6694	0.3837512	1.440544	2.727954
12228	-3407.56	-3576.143	168.5826	0.3962912	1.316408	2.841538
12234	-3416.073	-3585.151	169.0781	0.3821576	1.361329	2.526442
12240	-3419.957	-3587.881	167.9239	0.3702827	1.203205	3.33306
12246	-3418.574	-3586.336	167.762	0.3904402	1.265416	3.368022
12252	-3420.833	-3589.609	168.7759	0.3454162	1.496096	2.67679
12258	-3426.358	-3595.626	169.2683	0.3454162	1.58025	2.316182
12264	-3426.049	-3594.763	168.7138	0.3146108	1.313795	2.867059
12270	-3432.53	-3601.455	168.925	0.312307	1.411505	2.681815
12276	-3415.054	-3583.662	168.6082	0.4047084	1.352905	2.793942
12282	-3417.88	-3586.499	168.6181	0.3603296	1.501765	2.75087
12288	-3417.885	-3586.715	168.8301	0.3750484	1.528612	2.585398
12294	-3411.365	-3579.861	168.4959	0.399664	1.434963	2.818197
12300	-3406.515	-3575.389	168.8738	0.399664	1.434963	2.586319
12306	-3417.361	-3585.996	168.6349	0.3895512	1.471081	2.723403
12312	-3422.974	-3592.276	169.3024	0.3673902	1.408778	2.374379
12318	-3416.192	-3585.288	169.096	0.3455535	1.476522	2.49024
12324	-3420.833	-3590.158	169.3254	0.4253535	1.538722	2.204527
12330	-3431.605	-3601.78	170.175	0.2640649	1.625914	1.811059
12336	-3423.91	-3592.987	169.0773	0.5131743	1.491463	2.296681
12342	-3428.102	-3596.954	168.8523	0.3796177	1.429334	2.627428
12348	-3425.668	-3594.399	168.7302	0.4059662	1.40392	2.686611
12354	-3425.694	-3594.792	169.0982	0.3884931	1.385308	2.49108
12360	-3430.792	-3599.344	168.5516	0.3668584	1.325928	2.890032
12366	-3427.932	-3596.401	168.4695	0.432058	1.409409	2.812848
12372	-3418.715	-3587.492	168.7763	0.3342451	1.297199	2.812848
12378	-3417.302	-3585.888	168.5858	0.4088175	1.512771	2.705123
12384	-3429.872	-3598.565	168.6931	0.3299943	1.358163	2.831996
12390	-3421.434	-3589.634	168.2	0.4751928	1.354644	2.962753
12396	-3417.609	-3585.956	168.3471	0.4268188	1.293546	2.962753
12402	-3424.23	-3592.192	167.962	0.4650194	1.263709	3.169759
12408	-3434.445	-3602.507	168.0618	0.3766698	1.182751	3.256222
12414	-3416.728	-3584.882	168.1543	0.3832576	1.345361	3.097013
12420	-3420.407	-3589.502	169.0948	0.3413512	1.401633	2.543314
12426	-3411.008	-3579.604	168.5959	0.4141324	1.429946	2.74353
12432	-3417.38	-3586.403	169.023	0.3639726	1.455979	2.524642
12438	-3426.214	-3595.148	168.9348	0.366756	1.471715	2.56617
12444	-3418.307	-3587.404	169.0967	0.4253434	1.471715	2.393557
12450	-3409.939	-3578.999	169.0601	0.4253434	1.471715	2.416638
12456	-3420.51	-3589.152	168.6418	0.4215523	1.39734	2.726865
12462	-3424.949	-3593.909	168.96	0.44014	1.371452	2.525306
12468	-3427.377	-3595.782	168.4049	0.5141696	1.369351	2.790553
12474	-3417.572	-3586.219	168.6477	0.390622	1.346217	2.790553
12480	-3422.545	-3590.785	168.2394	0.3697857	1.324517	3.074841
12486	-3423.704	-3591.699	167.9952	0.3294219	1.332212	3.265763
12492	-3421.223	-3589.022	167.799	0.3904584	1.402012	3.265763
12498	-3424.152	-3592.209	168.0567	0.428972	1.340889	3.105855
12504	-3415.009	-3583.575	168.566	0.3413576	1.298532	2.930055
12510	-3416.614	-3584.541	167.9269	0.4634194	1.360456	3.134786
12516	-3427.319	-3595.53	168.2107	0.3713534	1.221029	3.15169
12522	-3420.9	-3588.961	168.0605	0.3486234	1.418188	3.15169
12528	-3412.197	-3580.359	168.162	0.394758	1.219383	3.153995
12534	-3417.246	-3585.304	168.0578	0.3812189	1.380195	3.136178
12540	-3428.223	-3596.029	167.8065	0.4428588	1.369848	3.222262
12546	-3420.553	-3589.075	168.5214	0.3965571	1.297686	2.889645
12552	-3425.379	-3593.752	168.3733	0.3859799	1.297686	2.991331
12558	-3424.547	-3593.015	168.4676	0.2877056	1.231284	3.102085
12564	-3424.297	-3592.625	168.3276	0.4291541	1.304837	2.965059
12570	-3427.737	-3596.101	168.3649	0.4239321	1.308179	2.94643
12576	-3441.861	-3609.633	167.7717	0.4289806	1.319158	3.287686
12582	-3419.76	-3587.401	167.6412	0.3408785	1.334068	3.458034
12588	-3416.75	-3585.104	168.354	0.3017704	1.481024	3.000886
12594	-3411.271	-3579.796	168.5251	0.3336313	1.473079	2.859344
12600	-3409.316	-3578.565	169.2497	0.3524306	1.52846	2.351544
12606	-3421.254	-3591.011	169.7571	0.3599478	1.483002	2.042216
12612	-3412.999	-3582.677	169.678	0.3599478	1.773253	1.900732
12618	-3415.691	-3586.126	170.4357	0.3537157	1.879286	1.276191
12624	-3411.849	-3582.143	170.2939	0.3735012	1.883062	1.354745
12630	-3425.324	-3595.594	170.2705	0.3462868	1.765193	1.506681
12636	-3415.69	-3585.829	170.1396	0.3946914	1.797754	1.506681
12642	-3414.389	-3584.493	170.1043	0.3946914	1.762564	1.559029
12648	-3433.1	-3602.847	169.7468	0.4936904	1.636039	1.777561
12654	-3415.55	-3585.546	169.9965	0.4001361	1.756778	1.633993
12660	-3432.199	-3602.327	170.1281	0.343696	1.687573	1.671244
12666	-3425.758	-3595.952	170.1941	0.311867	1.691631	1.671244
12672	-3422.095	-3592.09	169.9951	0.4594156	1.606515	1.664734
12678	-3416.828	-3586.262	169.4337	0.4326161	1.521017	2.137043
12684	-3418.715	-3587.306	168.5917	0.47548	1.363894	2.719113
12690	-3414.732	-3583.707	168.9754	0.3963088	1.351273	2.579256
12696	-3412.248	-3579.721	167.4735	0.5439389	1.229603	3.401454
12702	-3416.577	-3584.714	168.1369	0.5151684	1.21366	3.045233
12708	-3414.604	-3581.411	166.8069	0.4958977	1.183841	3.859413
12714	-3413.72	-3582.204	168.4839	0.4495922	1.422721	2.776675
12720	-3410.601	-3580.195	169.5938	0.3301751	1.541703	2.1525
12726	-3415.001	-3584.051	169.0498	0.4746191	1.430342	2.393871
12732	-3427.259	-3597.031	169.7724	0.3431619	1.493057	2.048742
12738	-3426.143	-3595.447	169.304	0.3498794	1.566712	2.295952
12744	-3426.688	-3595.234	168.5456	0.4175917	1.4481	2.759159
12750	-3415.62	-3584.277	168.6572	0.3679343	1.383407	2.789683
12756	-3431.754	-3599.131	167.3767	0.3796103	1.255835	3.610994
12762	-3430.912	-3600.302	169.39	0.3862933	1.597825	2.172682
12768	-3431.024	-3599.917	168.8923	0.3369229	1.541898	2.587921
12774	-3411.675	-3579.42	167.7447	0.3646197	1.333358	3.368657
12780	-3430.142	-3598.011	167.8685	0.416442	1.364723	3.217312
12786	-3431.813	-3600.164	168.3508	0.3331404	1.249101	3.099299
12792	-3409.572	-3575.515	165.9432	0.3739175	1.18829	4.474438
12798	-3418.125	-3585.347	167.2219	0.2884937	1.249569	3.81877
12804	-3419.19	-3586.621	167.4307	0.3687571	1.258092	3.591033
12810	-3409.985	-3576.266	166.2815	0.4387217	1.173716	4.221639
12816	-3426.326	-3593.578	167.2525	0.3974419	1.198359	3.695921
12822	-3415.678	-3584.081	168.403	0.3974419	1.369963	2.916469
12828	-3410.937	-3579.778	168.8411	0.3450624	1.434416	2.675097
12834	-3411.984	-3580.052	168.0673	0.3926249	1.361465	3.128299
12840	-3424.073	-3593.046	168.9724	0.4656961	1.325201	2.518174
12846	-3419.295	-3588.382	169.0874	0.3633367	1.45274	2.487286
12852	-3422.591	-3591.35	168.7596	0.3330408	1.565155	2.660706
12858	-3405.664	-3574.171	168.5068	0.422654	1.463394	2.767778
12864	-3435.726	-3605.495	169.7695	0.3733916	1.416208	2.059995
12870	-3421.609	-3590.825	169.2159	0.3764257	1.39665	2.425129
12876	-3434.247	-3602.978	168.7315	0.3832946	1.383818	2.725188
12882	-3431.055	-3599.714	168.6591	0.4611388	1.318149	2.721092
12888	-3410.527	-3579.092	168.5657	0.4733831	1.390323	2.721092
12894	-3423.207	-3592.093	168.8862	0.3954909	1.31797	2.655931
12900	-3420.018	-3588.382	168.3638	0.4645178	1.323331	2.893989
12906	-3413.798	-3582.095	168.2967	0.4645178	1.403095	2.886355
12912	-3417.879	-3587.07	169.1908	0.4438314	1.414878	2.348599
12918	-3424.981	-3594.251	169.2696	0.3823209	1.424145	2.366398
12924	-3429.673	-3597.945	168.2726	0.3823209	1.401783	2.99361
12930	-3422.485	-3590.847	168.362	0.4393991	1.343987	2.909524
12936	-3418.747	-3586.339	167.5921	0.3165064	1.237996	3.573874
12942	-3418.849	-3587.335	168.4867	0.3775599	1.471811	2.827805
12948	-3429.277	-3597.486	168.2088	0.5962983	1.314313	2.866346
12954	-3426.162	-3594.718	168.5554	0.4224386	1.460279	2.740198
12960	-3427.622	-3595.967	168.3451	0.4203	1.433352	2.886919
12966	-3435.34	-3603.502	168.1627	0.3886514	1.352809	3.08122
12972	-3436.142	-3603.355	167.2126	0.3667142	1.226533	3.737988
12978	-3452.041	-3619.425	167.3834	0.4966541	1.185077	3.524567
12984	-3424.44	-3592.549	168.1086	0.5178213	1.269356	3.026284
12990	-3419.522	-3587.401	167.8794	0.5400193	1.274618	3.138895
12996	-3409.617	-3577.664	168.0475	0.4349797	1.338978	3.105939
13002	-3403.288	-3571.397	168.109	0.3902918	1.231281	3.183589
13008	-3403.538	-3570.655	167.1172	0.4360638	1.200109	3.731267
13014	-3412.787	-3579.818	167.0315	0.3970309	1.207543	3.818547
13020	-3415.705	-3583.679	167.9744	0.4105758	1.136708	3.295935
13026	-3415.728	-3583.782	168.0532	0.4269531	1.296333	3.136696
13032	-3427.962	-3596.57	168.608	0.4610811	1.296333	2.765705
13038	-3412.063	-3580.874	168.8109	0.4222332	1.397176	2.622187
13044	-3412.352	-3581.226	168.8739	0.4097483	1.397176	2.597739
13050	-3406.358	-3575.217	168.8594	0.4088128	1.398725	2.606833
13056	-3415.475	-3583.952	168.4773	0.4092682	1.513861	2.770303
13062	-3411.826	-3579.779	167.9531	0.3798575	1.29391	3.251016
13068	-3415.73	-3583.804	168.074	0.343677	1.247619	3.251016
13074	-3409.214	-3577.327	168.1131	0.4691029	1.33253	3.03447
13080	-3412.763	-3579.494	166.7305	0.4741464	1.102404	3.970984
13086	-3424.938	-3591.584	166.6454	0.4741464	1.187443	3.970984
13092	-3426.566	-3593.189	166.6235	0.3404143	1.171349	4.138597
13098	-3425.588	-3592.073	166.4851	0.4403251	1.113421	4.138597
13104	-3430.888	-3597.385	166.4973	0.4190036	1.140389	4.138597
13110	-3423.975	-3590.678	166.7031	0.3680686	1.231889	4.025778
13116	-3420.602	-3588.683	168.0814	0.3537993	1.324657	3.188348
13122	-3431.026	-3597.732	166.7057	0.3491266	1.168771	4.082718
13128	-3430.343	-3596.527	166.1842	0.3829348	1.144799	4.352875
13134	-3424.82	-3591.043	166.2228	0.4121074	1.154229	4.293777
13140	-3412.704	-3580.202	167.4975	0.444233	1.273597	3.459101
13146	-3412.646	-3580.696	168.0504	0.335954	1.275805	3.258081
13152	-3423.912	-3591.98	168.0672	0.3257184	1.281451	3.258081
13158	-3426.917	-3595.393	168.4762	0.324018	1.316391	2.99607
13164	-3424.691	-3590.88	166.1888	0.4125974	1.075891	4.356784
13170	-3414.365	-3583.145	168.7798	0.4116794	1.403936	2.649445
13176	-3415.973	-3584.889	168.916	0.3213562	1.412073	2.67448
13182	-3422.099	-3589.779	167.6802	0.3213562	1.105298	3.593496
13188	-3421.229	-3588.769	167.5398	0.3118322	1.315191	3.565523
13194	-3422.383	-3589.664	167.2814	0.3839639	1.250249	3.664451
13200	-3428.014	-3595.474	167.4608	0.3077254	1.233071	3.664451
13206	-3421.237	-3589.585	168.3484	0.3640727	1.359574	2.995597
13212	-3413.157	-3579.939	166.7817	0.3508908	1.299524	3.962528
13218	-3421.045	-3587.219	166.1743	0.3508908	1.317448	4.297897
13224	-3428.462	-3595.344	166.8818	0.3508908	1.109105	4.014137
13230	-3428.429	-3595.942	167.5128	0.3508908	1.149013	3.628159
13236	-3428.956	-3595.648	166.6915	0.3710095	1.206981	4.043207
13242	-3421.134	-3587.705	166.5704	0.4680621	1.193686	4.016297
13248	-3420.833	-3588.014	167.181	0.3754434	1.283952	3.712869
13254	-3429.2	-3597.559	168.3595	0.3754434	1.482414	2.901028
13260	-3412.892	-3581.317	168.4244	0.3616927	1.276322	3.002877
13266	-3425.673	-3592.881	167.2079	0.3727947	1.203926	3.746622
13272	-3435.575	-3603.769	168.1935	0.422859	1.280444	3.067011
13278	-3435.319	-3603.693	168.3735	0.3430883	1.259052	3.067011
13284	-3427.806	-3595.433	167.6263	0.3861101	1.358418	3.398053
13290	-3420.067	-3586.533	166.4664	0.3824849	1.275635	4.1192
13296	-3413.478	-3580.901	167.4227	0.4172626	1.249078	3.545856
13302	-3420.6	-3589.352	168.7517	0.4355504	1.376331	2.656457
13308	-3430.191	-3598.937	168.7455	0.3527575	1.376331	2.759327
13314	-3427.7	-3595.809	168.1099	0.400049	1.321949	3.117896
13320	-3430.419	-3599.325	168.9062	0.4374168	1.430068	2.525349
13326	-3420.118	-3589.348	169.2299	0.4315141	1.546996	2.253483
13332	-3423.235	-3592.264	169.0291	0.3615071	1.457068	2.523358
13338	-3428.992	-3598.373	169.3808	0.4304065	1.524034	2.172131
13344	-3414.458	-3583.772	169.3145	0.4304065	1.660592	2.126348
13350	-3421.344	-3590.763	169.4182	0.3978439	1.61817	2.126348
13356	-3422.5	-3591.584	169.0837	0.3899723	1.599417	2.36352
13362	-3421.981	-3590.205	168.224	0.360371	1.386462	3.058557
13368	-3414.884	-3583.609	168.7246	0.3511692	1.438781	2.735919
13374	-3415.813	-3584.102	168.2885	0.3528347	1.484849	2.970291
13380	-3422.033	-3589.373	167.3407	0.2958822	1.2315	3.750664
13386	-3412.574	-3579.808	167.2345	0.414146	1.178192	3.699531
13392	-3405.01	-3571.393	166.3833	0.3407344	1.163458	4.278952
13398	-3416.915	-3584.719	167.8043	0.3263291	1.330358	3.383247
13404	-3421.142	-3587.406	166.2643	0.456145	1.095292	4.258211
13410	-3412.276	-3580.12	167.8441	0.367377	1.301546	3.325586
13416	-3409.606	-3577.69	168.0843	0.3665032	1.429957	3.108421
13422	-3418.269	-3587.191	168.9224	0.4068934	1.375829	2.584252
13428	-3418.197	-3586.936	168.7393	0.4346644	1.522902	2.574537
13434	-3421.947	-3590.396	168.4491	0.5120977	1.309064	2.802388
13440	-3407.702	-3576.931	169.2289	0.3161185	1.550324	2.4008
13446	-3410.018	-3579.046	169.0275	0.4148185	1.399639	2.494694
13452	-3426.406	-3593.96	167.5543	0.4501393	1.222389	3.44967
13458	-3435.896	-3603.443	167.5468	0.4501393	1.229937	3.44967
13464	-3420.306	-3589.039	168.7334	0.4341039	1.440708	2.629666
13470	-3419.711	-3588.46	168.7494	0.481047	1.483577	2.542026
13476	-3428.404	-3597.397	168.9926	0.3545682	1.355975	2.617666
13482	-3421.247	-3589.063	167.8165	0.3995668	1.273855	3.320556
13488	-3412.654	-3580.919	168.265	0.3995668	1.357476	3.00452
13494	-3417.788	-3586.697	168.9088	0.386344	1.590095	2.484116
13500	-3429.901	-3598.275	168.3746	0.4091017	1.449599	2.87197
13506	-3415.989	-3585.394	169.4048	0.3707821	1.581764	2.193659
13512	-3416.122	-3585.935	169.8127	0.3997692	1.541755	1.912475
13518	-3410.751	-3580.892	170.1411	0.3338005	1.615682	1.728082
13524	-3410.625	-3580.577	169.9519	0.4636428	1.702056	1.621754
13530	-3413.769	-3583.76	169.9907	0.3701218	1.790103	1.656908
13536	-3413.552	-3583.449	169.8963	0.4103283	1.646923	1.769007
13542	-3415.315	-3585.175	169.8604	0.4103283	1.708567	1.751047
13548	-3412.626	-3582.491	169.8652	0.3559033	1.640541	1.869342
13554	-3414.273	-3584.116	169.8432	0.3475898	1.646273	1.892376
13560	-3421.047	-3591.041	169.9935	0.3801893	1.750303	1.668869
13566	-3410.414	-3580.33	169.9163	0.4380066	1.849032	1.573852
13572	-3413.304	-3583.291	169.9875	0.4949834	1.799739	1.48408
13578	-3413.365	-3583.244	169.8792	0.5462293	1.737416	1.549864
13584	-3412.65	-3582.68	170.0302	0.5461854	1.771646	1.410004
13590	-3419.744	-3589.105	169.361	0.4108284	1.501061	2.223433
13596	-3430.229	-3599.253	169.0231	0.4180287	1.513837	2.421958
13602	-3423.863	-3594.052	170.1884	0.4082156	1.781923	1.462207
13608	-3418.736	-3589.116	170.3803	0.410992	1.911775	1.199838
13614	-3408.601	-3579.001	170.4001	0.4473383	2.015202	1.027076
13620	-3412.024	-3582.433	170.4092	0.4468604	1.995306	1.038388
13626	-3412.793	-3583.194	170.4001	0.4915636	1.995306	0.9704773
13632	-3417.442	-3588.01	170.5679	0.4028495	2.004354	0.9515461
13638	-3418.061	-3588.24	170.1789	0.5336175	2.004354	1.109124
13644	-3430.002	-3600.344	170.3422	0.4116072	2.036633	1.122609
13650	-3417.435	-3587.778	170.3422	0.4116072	2.036633	1.122609
13656	-3422.73	-3593.08	170.3497	0.4657011	1.981025	1.076855
13662	-3440.495	-3610.677	170.1823	0.2625822	1.658049	1.786332
13668	-3427.768	-3597.657	169.8883	0.3825116	1.664933	1.799543
13674	-3430.733	-3600.607	169.8734	0.3687038	1.591256	1.879418
13680	-3413.12	-3582.939	169.8187	0.3299458	1.644411	1.935892
13686	-3416.58	-3586.511	169.9309	0.3048434	1.640647	1.900707
13692	-3424.68	-3594.631	169.9511	0.3947497	1.615966	1.773243
13698	-3416.698	-3586.525	169.8264	0.3710806	1.603898	1.899459
13704	-3422.514	-3592.241	169.7271	0.3068153	1.736076	1.970726
13710	-3414.725	-3584.813	170.0874	0.4129407	1.725406	1.57305
13716	-3432.812	-3603.49	170.6781	0.2643748	1.871897	1.251207
13722	-3418.888	-3589.375	170.4877	0.3735663	1.894587	1.18513
13728	-3416.327	-3586.61	170.2824	0.5381966	1.977585	1.030334
13734	-3419.685	-3589.984	170.2996	0.2967757	1.751054	1.577283
13740	-3420.92	-3591.346	170.4256	0.3425556	1.751054	1.405366
13746	-3418.53	-3588.581	170.0511	0.4262585	1.681262	1.613527
13752	-3429.157	-3599.498	170.3413	0.4119487	1.977668	1.175025
13758	-3420.098	-3590.532	170.4338	0.4119487	1.885224	1.175025
13764	-3413.252	-3583.269	170.0174	0.4119487	1.794565	1.575037
13770	-3427.898	-3597.944	170.0466	0.478569	1.756592	1.492895
13776	-3419.569	-3589.659	170.0908	0.4102794	1.828395	1.497888
13782	-3419.298	-3589.59	170.2916	0.3808384	1.953458	1.288081
13788	-3419.921	-3589.856	169.9354	0.3786267	1.832616	1.6538
13794	-3420.671	-3588.943	168.2719	0.4188847	1.392885	2.957047
13800	-3428.146	-3595.306	167.1593	0.4188847	1.22828	3.70894
13806	-3412.334	-3578.155	165.821	0.4131489	1.122739	4.537018
13812	-3421.881	-3590.939	169.0575	0.3500715	1.473024	2.510548
13818	-3410.626	-3578.841	168.2148	0.4454233	1.411171	2.951179
13824	-3419.362	-3588.288	168.926	0.3526101	1.39492	2.637302
13830	-3408.598	-3576.124	167.5255	0.4175558	1.322382	3.44279
13836	-3405.117	-3573.927	168.8097	0.401371	1.42868	2.627866
13842	-3405.681	-3575.521	169.8397	0.369256	1.612702	1.887011
13848	-3401.863	-3571.055	169.1922	0.3497168	1.522088	2.395628
13854	-3428.345	-3597.45	169.1047	0.3497168	1.437415	2.503772
13860	-3415.055	-3584.328	169.273	0.461014	1.442023	2.259314
13866	-3413.176	-3582.323	169.1468	0.34523	1.444645	2.478849
13872	-3409.927	-3579.177	169.2505	0.3848258	1.428889	2.372313
13878	-3416.19	-3584.859	168.6693	0.3331234	1.353425	2.84512
13884	-3411.267	-3580.121	168.8536	0.4745432	1.428168	2.518553
13890	-3408.232	-3577.234	169.0018	0.364935	1.48666	2.517497
13896	-3409.916	-3578.855	168.9388	0.4204262	1.441303	2.517497
13902	-3399.679	-3568.494	168.8154	0.4004551	1.4062	2.639287
13908	-3420.437	-3589.154	168.7168	0.4079397	1.580147	2.583807
13914	-3415.295	-3583.878	168.5827	0.3279568	1.486922	2.823558
13920	-3412.487	-3581.796	169.3096	0.4322155	1.504231	2.228879
13926	-3424.838	-3593.969	169.1304	0.2954432	1.504231	2.521429
13932	-3413.147	-3581.107	167.9603	0.3873061	1.323758	3.220342
13938	-3422.998	-3591.155	168.1568	0.4282134	1.27286	3.087576
13944	-3411.087	-3578.408	167.3204	0.4130135	1.2035	3.636419
13950	-3422.516	-3590.031	167.5142	0.3267255	1.195619	3.630476
13956	-3400.597	-3568.064	167.4669	0.4205555	1.232577	3.526151
13962	-3410.09	-3578.01	167.9199	0.4291087	1.347931	3.182839
13968	-3419.778	-3588.613	168.8348	0.4281412	1.474724	2.552563
13974	-3426.423	-3595.276	168.853	0.3685878	1.571753	2.552563
13980	-3418.536	-3588.304	169.7681	0.3815172	1.718489	1.84682
13986	-3416.751	-3586.375	169.6241	0.4381719	1.755007	1.84682
13992	-3417.18	-3587.242	170.0623	0.3408819	1.755007	1.674358
13998	-3432.622	-3602.399	169.7775	0.51324	1.755007	1.649149
14004	-3426.716	-3596.799	170.0829	0.4020035	1.614816	1.67127
14010	-3440.263	-3608.748	168.485	0.3877154	1.36309	2.882492
14016	-3430.89	-3599.535	168.6451	0.3925243	1.478591	2.708939
14022	-3437.048	-3606.659	169.6113	0.3029079	1.570283	2.16242
14028	-3430.253	-3599.878	169.6252	0.4164408	1.561722	2.003692
14034	-3425.998	-3595.42	169.4224	0.3851409	1.615287	2.141767
14040	-3423.816	-3593.77	169.9536	0.3479	1.715988	1.767947
14046	-3408.66	-3578.913	170.2533	0.3818656	1.675689	1.531697
14052	-3410.264	-3580.45	170.1858	0.3818656	1.743248	1.531697
14058	-3410.113	-3579.987	169.8748	0.5780622	1.71789	1.531697
14064	-3415.716	-3585.731	170.0143	0.4435027	1.641233	1.646338
14070	-3417.622	-3587.589	169.9668	0.4689048	1.582498	1.69018
14076	-3418.242	-3587.286	169.0435	0.4601604	1.343084	2.468578
14082	-3421.885	-3592.099	170.2142	0.4276919	1.907725	1.315197
14088	-3422.527	-3592.636	170.1086	0.4458044	1.864458	1.406883
14094	-3419.741	-3590.151	170.4097	0.3069881	1.834152	1.414285
14100	-3417.547	-3587.649	170.1017	0.44258	1.869488	1.412834
14106	-3414.557	-3584.699	170.1419	0.4433577	1.827879	1.412834
14112	-3427.33	-3597.034	169.7037	0.3582538	1.644687	1.972465
14118	-3424.894	-3594.93	170.0365	0.3582538	1.644687	1.744665
14124	-3436.353	-3606.747	170.3937	0.3761199	1.987184	1.181875
14130	-3426.434	-3595.011	168.5767	0.4240403	1.387412	2.769937
14136	-3416.454	-3585.672	169.218	0.4293687	1.422081	2.343422
14142	-3415.859	-3585.019	169.1599	0.461892	1.421913	2.343422
14148	-3422.621	-3592.016	169.3943	0.405359	1.468552	2.229648
14154	-3405.209	-3574.538	169.3292	0.3546736	1.634827	2.229648
14160	-3413.987	-3583.894	169.9075	0.3342633	1.685017	1.841507
14166	-3415.72	-3585.483	169.7626	0.4033324	1.689111	1.841507
14172	-3424.191	-3593.169	168.9777	0.3644978	1.499881	2.524867
14178	-3422.087	-3590.867	168.7795	0.4227536	1.43368	2.618444
14184	-3416.954	-3586.615	169.6602	0.3493284	1.535915	2.085846
14190	-3404.24	-3573.329	169.0895	0.4117374	1.564944	2.355125
14196	-3415.08	-3584.14	169.0595	0.5506877	1.358144	2.355125
14202	-3416.977	-3585.855	168.8773	0.4864825	1.426492	2.492103
14208	-3415.207	-3584.285	169.078	0.3715189	1.45641	2.480438
14214	-3416.16	-3585.009	168.8497	0.3320401	1.491285	2.652025
14220	-3413.908	-3582.694	168.7864	0.4193985	1.451254	2.607156
14226	-3411.573	-3580.609	169.0364	0.3700107	1.483957	2.491135
14232	-3415.131	-3584.103	168.9725	0.4101404	1.444437	2.506581
14238	-3422.798	-3592.388	169.5897	0.2894738	1.554524	2.207116
14244	-3424.561	-3593.473	168.9118	0.4152101	1.577791	2.455068
14250	-3421.176	-3590.258	169.0824	0.3747872	1.595709	2.385799
14256	-3412.359	-3581.582	169.2228	0.2978536	1.562213	2.423603
14262	-3411.397	-3580.946	169.5486	0.3854331	1.566402	2.090726
14268	-3426.861	-3596.126	169.2655	0.3316578	1.671275	2.278744
14274	-3432.197	-3602.023	169.8253	0.3873708	1.691599	1.81802
14280	-3415.289	-3585.181	169.8914	0.3643531	1.67167	1.81802
14286	-3415.946	-3584.991	169.0455	0.3643531	1.590901	2.425499
14292	-3423.014	-3592.121	169.1064	0.4281291	1.426775	2.412554
14298	-3426.909	-3595.674	168.7648	0.4091747	1.458885	2.627694
14304	-3418.738	-3588.31	169.5716	0.4167556	1.620745	1.999677
14310	-3419.525	-3588.903	169.3781	0.3684106	1.49705	2.268543
14316	-3415.511	-3584.563	169.0518	0.408179	1.518843	2.412469
14322	-3422.603	-3591.763	169.1601	0.3532831	1.51461	2.415843
14328	-3422.389	-3590.849	168.4599	0.3578177	1.478248	2.864575
14334	-3431.751	-3599.058	167.3072	0.3359554	1.399143	3.620785
14340	-3434.253	-3603.122	168.869	0.5061784	1.510291	2.42416
14346	-3426.496	-3595.472	168.9764	0.44011	1.611406	2.364186
14352	-3430.411	-3599.57	169.1587	0.4064764	1.611406	2.287827
14358	-3427.442	-3596.473	169.0316	0.4277914	1.657346	2.314114
14364	-3419.741	-3588.865	169.1246	0.3265134	1.493232	2.487714
14370	-3414.528	-3583.313	168.7856	0.3601523	1.432036	2.691218
14376	-3424.616	-3593.79	169.1743	0.4887438	1.380697	2.331236
14382	-3425.057	-3594.111	169.0534	0.3676822	1.448471	2.505663
14388	-3424.286	-3593.243	168.9568	0.3676822	1.54507	2.505663
14394	-3414.409	-3581.593	167.1838	0.3819034	1.259872	3.717696
14400	-3409.152	-3576.688	167.5354	0.4064859	1.178389	3.53328
14406	-3417.593	-3584.255	166.6612	0.3858127	1.178389	4.059887
14412	-3420.546	-3587.358	166.8112	0.3741316	1.178389	3.987551
14418	-3417.675	-3586.582	168.9077	0.3727866	1.378326	2.633231
14424	-3408.903	-3577.765	168.862	0.3727866	1.420838	2.635195
14430	-3418.078	-3586.466	168.3881	0.3999439	1.272027	2.981494
14436	-3419.203	-3587.646	168.4425	0.3545207	1.308708	2.981494
14442	-3406.337	-3575.669	169.3312	0.3724359	1.506222	2.287493
14448	-3410.137	-3579.423	169.2857	0.3745914	1.542187	2.290776
14454	-3414.505	-3584.073	169.5682	0.4235132	1.609371	2.001085
14460	-3412.137	-3582.413	170.2762	0.3775881	1.683234	1.51539
14466	-3413.772	-3583.686	169.9142	0.4082308	1.686757	1.731361
14472	-3415.922	-3585.439	169.5171	0.3619236	1.697959	2.056092
14478	-3409.57	-3578.871	169.301	0.3823586	1.598608	2.234772
14484	-3410.784	-3580.51	169.7262	0.3823586	1.517857	2.009457
14490	-3411.495	-3581.059	169.5639	0.3265683	1.626789	2.121646
14496	-3411.918	-3581.651	169.7339	0.3965354	1.684249	1.87346
14502	-3421.681	-3591.76	170.0795	0.3430392	1.717685	1.685421
14508	-3433.458	-3603.204	169.7458	0.4303344	1.627237	1.8607
14514	-3424.779	-3594.413	169.634	0.2462925	1.627237	2.20146
14520	-3420.634	-3590.448	169.8144	0.3436914	1.661716	1.906999
14526	-3411.875	-3581.726	169.851	0.3879049	1.537382	1.90513
14532	-3425.989	-3595.644	169.6547	0.3963937	1.572811	2.002102
14538	-3422.579	-3592.351	169.7723	0.3131365	1.673281	1.972874
14544	-3410.492	-3580.336	169.8441	0.3131365	1.601454	1.972874
14550	-3421.993	-3591.228	169.2347	0.3646502	1.545915	2.33385
14556	-3425.701	-3595.302	169.6011	0.3391572	1.526798	2.144697
14562	-3427.682	-3597.133	169.4504	0.4339645	1.525669	2.121474
14568	-3421.262	-3591.157	169.8952	0.4418825	1.663167	1.717549
14574	-3424.302	-3594.368	170.0662	0.4418825	1.696504	1.570672
14580	-3432.407	-3600.499	168.092	0.3482475	1.340838	3.179421
14586	-3432.385	-3600.003	167.6178	0.3482475	1.354585	3.450529
14592	-3426.65	-3596.123	169.4734	0.4244405	1.596181	2.071542
14598	-3421.224	-3591.254	170.0299	0.4244405	1.6499	1.653808
14604	-3425.394	-3594.854	169.4597	0.4636333	1.6499	1.998377
14610	-3431.482	-3601.459	169.9762	0.4636333	1.726306	1.586551
14616	-3428.566	-3598.568	170.0025	0.3605011	1.653265	1.759242
14622	-3424.873	-3594.718	169.8451	0.4445841	1.64901	1.759242
14628	-3421.977	-3592.01	170.0332	0.3317759	1.621125	1.802599
14634	-3416.21	-3585.975	169.7651	0.4536438	1.557695	1.866351
14640	-3413.3	-3582.99	169.6901	0.4536438	1.616609	1.877346
14646	-3416.078	-3585.482	169.4043	0.3553257	1.532956	2.246017
14652	-3410.123	-3579.046	168.9231	0.3903812	1.407465	2.583999
14658	-3419.444	-3588.547	169.1033	0.3903812	1.478402	2.427123
14664	-3414.025	-3583.123	169.0977	0.3969731	1.416789	2.461309
14670	-3406.91	-3574.104	167.1941	0.4061028	1.276521	3.674884
14676	-3407.401	-3574.734	167.3324	0.38225	1.184639	3.674884
14682	-3409.144	-3576.225	167.081	0.3946363	1.182215	3.80731
14688	-3413.046	-3580.217	167.1711	0.3946363	1.114045	3.794675
14694	-3409.678	-3575.937	166.2586	0.3644321	1.224629	4.286752
14700	-3407.383	-3573.799	166.4162	0.4846771	1.252836	4.054314
14706	-3405.322	-3572.73	167.4083	0.4358576	1.192197	3.567412
14712	-3406.419	-3574.119	167.7	0.3731553	1.346359	3.377044
14718	-3411.426	-3577.528	166.1022	0.3738037	1.237776	4.356979
14724	-3408.367	-3575.232	166.8644	0.4286126	1.241298	3.860925
14730	-3413.474	-3579.959	166.4852	0.3997462	1.145396	4.163389
14736	-3428.46	-3595.262	166.8026	0.3602852	1.288206	3.945826
14742	-3417.407	-3584.91	167.5037	0.4452503	1.302232	3.437674
14748	-3420.478	-3588.959	168.4802	0.3667912	1.365699	2.909185
14754	-3421.387	-3590.039	168.6521	0.4284827	1.450321	2.680193
14760	-3410.233	-3579.434	169.2014	0.3738336	1.396467	2.437674
14766	-3420.795	-3589.266	168.4703	0.5537543	1.300556	2.754459
14772	-3425.906	-3594.187	168.281	0.3464658	1.338194	3.070712
14778	-3408.459	-3576.813	168.3537	0.3590582	1.397103	2.976056
14784	-3425.43	-3594.492	169.0619	0.4343096	1.617154	2.312805
14790	-3423.347	-3590.16	166.8132	0.4324305	1.05656	3.992108
14796	-3425.337	-3592.713	167.3753	0.4650456	1.156742	3.577022
14802	-3422.749	-3592.241	169.4921	0.4029089	1.594569	2.086979
14808	-3413.883	-3583.343	169.4601	0.3841374	1.663171	2.086979
14814	-3412.455	-3582.42	169.9645	0.4026011	1.583954	1.775618
14820	-3424.772	-3595.02	170.2475	0.4008769	1.756958	1.446925
14826	-3424.03	-3593.882	169.8517	0.3721859	1.651693	1.848142
14832	-3428.929	-3598.953	170.0241	0.37252	1.759186	1.65162
14838	-3434.726	-3604.961	170.2345	0.3213406	1.922148	1.456338
14844	-3426.105	-3594.254	168.149	0.3790488	1.435482	3.051356
14850	-3413.929	-3582.94	169.0107	0.4346422	1.417192	2.471206
14856	-3425.022	-3593.425	168.4029	0.4722261	1.417192	2.805263
14862	-3428.625	-3598.49	169.8655	0.3709113	1.814507	1.727322
14868	-3417.727	-3587.724	169.9967	0.319818	1.814507	1.711418
14874	-3437.959	-3608.223	170.2634	0.319818	1.814507	1.518142
14880	-3427.18	-3597.2	170.0209	0.3800395	1.826471	1.594419
14886	-3417.585	-3587.202	169.6167	0.3800395	1.650809	1.996905
14892	-3411.658	-3581.465	169.8076	0.3964087	1.574946	1.897824
14898	-3412.499	-3582.464	169.9646	0.4227091	1.701441	1.665964
14904	-3417.707	-3586.554	168.8474	0.5185804	1.541899	2.4051
14910	-3416.698	-3586.302	169.6042	0.2673113	1.463398	2.291214
14916	-3423.219	-3591.899	168.6802	0.362059	1.411856	2.765665
14922	-3422.244	-3590.855	168.611	0.3994918	1.34729	2.801733
14928	-3418.168	-3586.896	168.7286	0.3610428	1.425004	2.729353
14934	-3420.339	-3589.096	168.7578	0.4487946	1.4493	2.592942
14940	-3445.805	-3614.677	168.8717	0.4160437	1.492656	2.532444
14946	-3420.27	-3589.204	168.9339	0.3783198	1.503465	2.532444
14952	-3424.965	-3592.864	167.8991	0.4563131	1.220783	3.241494
14958	-3436.898	-3603.838	166.9399	0.4963604	1.219451	3.761967
14964	-3419.839	-3589.739	169.9	0.4001041	1.646225	1.780484
14970	-3424.543	-3594.197	169.6539	0.3812573	1.724258	1.920926
14976	-3427.184	-3597.375	170.1908	0.3479634	1.724258	1.59305
14982	-3416.603	-3586.686	170.0833	0.3504892	1.686035	1.694002
14988	-3421.012	-3591.294	170.2818	0.392173	1.782067	1.414198
14994	-3416.201	-3586.665	170.4641	0.306738	1.961376	1.269914
15000	-3425.904	-3596.174	170.2702	0.317847	1.880553	1.466749
15006	-3404.67	-3574.755	170.085	0.3648861	1.880553	1.530006
15012	-3402.938	-3573.081	170.1438	0.3697156	1.725822	1.593338
15018	-3402.305	-3572.313	170.0084	0.4170103	1.747138	1.609209
15024	-3423.921	-3593.85	169.9297	0.4170103	1.733749	1.67542
15030	-3412.007	-3581.72	169.7132	0.4916483	1.594528	1.83192
15036	-3410.937	-3581.104	170.1664	0.3626412	1.689797	1.613563
15042	-3417.554	-3586.531	168.977	0.4755146	1.456792	2.422163
15048	-3418.109	-3586.229	168.1197	0.4423791	1.339044	3.054783
15054	-3411.33	-3579.69	168.3595	0.3653369	1.342791	2.997434
15060	-3434.598	-3603.538	168.9401	0.4587046	1.406349	2.495268
15066	-3432.121	-3600.923	168.8021	0.3906011	1.369211	2.682005
15072	-3417.954	-3587.215	169.2611	0.3014074	1.550736	2.401463
15078	-3431.58	-3601.047	169.4671	0.3014074	1.553241	2.268814
15084	-3420.542	-3589.431	168.8889	0.4915386	1.451659	2.463771
15090	-3409.156	-3578.43	169.2738	0.4965651	1.484722	2.192153
15096	-3405.958	-3575.155	169.1973	0.4549403	1.484678	2.287347
15102	-3415.654	-3584.604	168.9505	0.3715396	1.498918	2.533437
15108	-3416.89	-3586.604	169.7136	0.3591239	1.722284	1.912318
15114	-3420.676	-3591.024	170.3483	0.3945451	1.806083	1.339518
15120	-3432.445	-3600.399	167.9543	0.436987	1.273436	3.198108
15126	-3432.466	-3599.202	166.7357	0.4500131	1.252224	3.906335
15132	-3420.431	-3587.673	167.2417	0.4430724	1.162717	3.673577
15138	-3425.622	-3590.69	165.0673	0.4560995	1.017891	4.97302
15144	-3431.049	-3596.741	165.6917	0.4178288	1.105393	4.614363
15150	-3423.849	-3589.094	165.2448	0.4178288	1.094414	4.870287
15156	-3420.48	-3586.816	166.336	0.3193963	1.113043	4.360629
15162	-3417.674	-3583.955	166.2817	0.3737361	1.167441	4.295343
15168	-3430.919	-3597.948	167.029	0.3618012	1.208308	3.859989
15174	-3445.19	-3612.208	167.0179	0.3174133	1.14933	3.954922
15180	-3436.345	-3605.11	168.7649	0.3612182	1.361993	2.745434
15186	-3440.927	-3608.299	167.3725	0.3506561	1.134684	3.717912
15192	-3423.016	-3592.474	169.4583	0.357138	1.536842	2.206196
15198	-3415.082	-3584.284	169.2021	0.375792	1.52954	2.35058
15204	-3417.078	-3586.327	169.2488	0.3644561	1.52954	2.335533
15210	-3407.862	-3577.045	169.1828	0.4473443	1.492654	2.300144
15216	-3408.025	-3576.994	168.9693	0.4162643	1.492654	2.47116
15222	-3415.789	-3584.269	168.48	0.3359855	1.417632	2.917081
15228	-3419.884	-3588.718	168.8344	0.3549086	1.367855	2.707359
15234	-3431.33	-3599.549	168.2194	0.3814699	1.355733	3.054102
15240	-3427.808	-3596.134	168.3258	0.3686683	1.331743	3.020209
15246	-3427.382	-3595.791	168.4095	0.3837497	1.333632	2.950589
15252	-3431.622	-3600.018	168.3964	0.4121755	1.502059	2.823384
15258	-3418.262	-3586.288	168.0253	0.4422087	1.406527	3.071079
15264	-3429.222	-3597.697	168.4746	0.3479843	1.406527	2.911514
15270	-3434.365	-3602.395	168.0293	0.5089487	1.423048	2.990277
15276	-3432.85	-3601.499	168.6485	0.2699128	1.473824	2.873908
15282	-3413.734	-3583.082	169.3482	0.4496094	1.538826	2.161155
15288	-3418.636	-3588.107	169.4707	0.3452514	1.61894	2.161155
15294	-3415.148	-3585.212	170.0639	0.4336911	1.869947	1.453874
15300	-3419.305	-3589.537	170.2322	0.3366947	1.893936	1.453874
15306	-3414.224	-3584.306	170.0821	0.4425827	1.778739	1.496955
15312	-3410.404	-3580.535	170.1308	0.3756506	1.722918	1.5962
15318	-3412.431	-3582.115	169.6842	0.4112816	1.684338	1.887974
15324	-3417.165	-3585.934	168.7692	0.4316885	1.452344	2.603079
15330	-3414.33	-3584.16	169.8308	0.4316885	1.536501	1.862945
15336	-3423.317	-3593.152	169.8351	0.387497	1.637955	1.847994
15342	-3421.589	-3591.277	169.6881	0.4181372	1.585851	1.943286
15348	-3419.469	-3588.828	169.3584	0.4112378	1.504729	2.222225
15354	-3421.065	-3590.661	169.5961	0.4091218	1.477651	2.087704
15360	-3422.107	-3591.717	169.61	0.3065973	1.514288	2.194125
15366	-3414.306	-3584.039	169.7327	0.399175	1.49128	2.000859
15372	-3410.257	-3580.1	169.8425	0.3644938	1.504784	1.964566
15378	-3423.219	-3592.653	169.4341	0.372433	1.545973	2.195706
15384	-3415.853	-3585.018	169.1651	0.3738315	1.460342	2.420295
15390	-3423.96	-3591.968	168.0085	0.3942247	1.258261	3.222576
15396	-3426.212	-3594.577	168.3657	0.3158592	1.349805	3.05314
15402	-3430.021	-3598.504	168.4826	0.2990331	1.274527	3.051345
15408	-3433.502	-3602.275	168.7726	0.2466706	1.521453	2.805843
15414	-3427.604	-3597.333	169.7297	0.3220199	1.592604	2.041644
15420	-3427.168	-3596.481	169.3125	0.3205001	1.539034	2.348811
15426	-3438.921	-3608.683	169.7618	0.4052763	1.646519	1.868641
15432	-3423.373	-3593.185	169.8115	0.3207618	1.587809	1.99231
15438	-3422.662	-3591.601	168.9386	0.2884512	1.527069	2.636496
15444	-3415.19	-3581.873	166.6824	0.3705191	1.138705	4.087878
15450	-3427.378	-3595.566	168.1883	0.3853802	1.333596	3.081264
15456	-3432.45	-3599.883	167.4328	0.3658071	1.411539	3.504016
15462	-3428.291	-3594.699	166.4087	0.2868091	1.281689	4.266814
15468	-3431.98	-3599.44	167.4607	0.3875621	1.201462	3.584641
15474	-3413.88	-3580.082	166.202	0.4114261	1.165763	4.299765
15480	-3414.115	-3580.214	166.0995	0.4486632	1.199948	4.299765
15486	-3424.64	-3591.072	166.4315	0.3451308	1.069122	4.299765
15492	-3405.397	-3572.814	167.4171	0.3923491	1.244865	3.579313
15498	-3410.381	-3578.076	167.6954	0.4420617	1.237421	3.366645
15504	-3418.172	-3586.872	168.699	0.3980264	1.367095	2.737663
15510	-3410.982	-3579.989	169.0072	0.3746975	1.497593	2.494941
15516	-3419.525	-3588.531	169.0053	0.3901688	1.468707	2.494941
15522	-3425.973	-3594.389	168.4155	0.5073775	1.427807	2.755131
15528	-3430.949	-3598.44	167.4914	0.4289369	1.316957	3.453559
15534	-3436.27	-3603.88	167.6097	0.3868984	1.146486	3.53071
15540	-3426.031	-3595.639	169.6076	0.4489832	1.657176	1.911451
15546	-3425.984	-3595.606	169.6227	0.3746354	1.606675	2.029453
15552	-3427.644	-3597.495	169.8504	0.345822	1.663725	1.878142
15558	-3418.26	-3587.762	169.502	0.3275585	1.657561	2.14055
15564	-3414.183	-3584.089	169.9057	0.3147143	1.593729	1.934255
15570	-3403.909	-3573.329	169.4197	0.4338628	1.731439	2.00602
15576	-3407.039	-3576.474	169.4351	0.4027783	1.64692	2.090192
15582	-3406.824	-3576.364	169.5403	0.3059829	1.579494	2.197952
15588	-3412.669	-3582.098	169.4291	0.4203566	1.647686	2.071781
15594	-3422.531	-3591.929	169.3982	0.4203566	1.62918	2.104286
15600	-3419.639	-3589.35	169.7119	0.4203566	1.683643	1.857964
15606	-3419.004	-3588.707	169.7036	0.4648502	1.66457	1.821744
15612	-3417.363	-3587.224	169.8606	0.4648502	1.66457	1.712245
15618	-3419.647	-3589.577	169.9303	0.4037014	1.732574	1.693721
15624	-3417.451	-3587.46	170.0085	0.3660141	1.621636	1.769207
15630	-3417.431	-3587.144	169.7126	0.5023246	1.667963	1.769207
15636	-3412.331	-3582.231	169.9007	0.4706787	1.625062	1.70473
15642	-3408.501	-3578.115	169.614	0.3788923	1.594375	2.03772
15648	-3412.579	-3581.828	169.2487	0.3766679	1.461933	2.362797
15654	-3408.026	-3576.735	168.7082	0.3675311	1.432711	2.728981
15660	-3412.636	-3580.397	167.7609	0.3308396	1.335469	3.399874
15666	-3408.767	-3576.595	167.828	0.2921911	1.356301	3.399874
15672	-3412.276	-3579.715	167.4387	0.3253572	1.354803	3.583633
15678	-3404.562	-3572.543	167.9808	0.3757802	1.257876	3.260738
15684	-3412.569	-3580.313	167.7442	0.3757802	1.31013	3.369276
15690	-3413.861	-3581.937	168.0757	0.3757802	1.387271	3.127782
15696	-3424.933	-3592.081	167.1482	0.412844	1.361533	3.644791
15702	-3414.792	-3583.15	168.3578	0.3284067	1.47645	2.965196
15708	-3419.348	-3587.679	168.3312	0.3878533	1.379498	2.965196
15714	-3411.166	-3579.944	168.7777	0.4152918	1.366908	2.669312
15720	-3407.546	-3576.025	168.4785	0.308389	1.474576	2.920645
15726	-3412.982	-3581.255	168.2734	0.4438043	1.360036	2.948465
15732	-3401.828	-3570.431	168.6038	0.4279532	1.515711	2.670255
15738	-3414.1	-3583.13	169.0305	0.4303374	1.475171	2.427332
15744	-3417.696	-3586.388	168.6927	0.3300852	1.473533	2.76183
15750	-3433.963	-3602.844	168.8813	0.2910474	1.462884	2.707415
15756	-3417.702	-3586.283	168.5809	0.3655177	1.332685	2.869844
15762	-3416.123	-3583.656	167.5337	0.3655177	1.332685	3.491457
15768	-3416.369	-3584.898	168.5285	0.4048435	1.496512	2.754788
15774	-3411.437	-3579.456	168.0188	0.4183939	1.30587	3.160922
15780	-3407.1	-3575.615	168.5144	0.3488663	1.362447	2.913016
15786	-3419.393	-3587.756	168.3627	0.3501685	1.467241	2.939595
15792	-3419.206	-3588.147	168.9405	0.4184547	1.433947	2.523346
15798	-3416.092	-3585.142	169.0502	0.4963187	1.525785	2.30977
15804	-3408.478	-3577.227	168.749	0.4304504	1.435961	2.627134
15810	-3416.648	-3584.87	168.2216	0.4013003	1.469063	2.961528
15816	-3416.44	-3585.297	168.8567	0.4541896	1.505612	2.490356
15822	-3408.175	-3577.073	168.8981	0.4125433	1.508636	2.51011
15828	-3417.338	-3586.053	168.7144	0.4201923	1.504982	2.617539
15834	-3417.014	-3585.925	168.9114	0.4037528	1.503089	2.515715
15840	-3405.174	-3573.345	168.1709	0.446908	1.302682	3.041063
15846	-3425.998	-3593.652	167.6541	0.4148885	1.319045	3.372331
15852	-3418.813	-3587.651	168.8383	0.4243153	1.314773	2.653739
15858	-3404.192	-3572.797	168.605	0.4566314	1.421479	2.695727
15864	-3410.658	-3580.542	169.8843	0.3468809	1.634954	1.873107
15870	-3403.568	-3573.36	169.792	0.4072552	1.634954	1.853346
15876	-3408.696	-3577.629	168.9329	0.3689486	1.48506	2.556294
15882	-3410.388	-3578.932	168.5443	0.41983	1.461188	2.749395
15888	-3404.077	-3572.88	168.803	0.3761183	1.415481	2.670673
15894	-3400.601	-3569.909	169.3084	0.4318366	1.604394	2.165268
15900	-3423.103	-3592.692	169.5894	0.3772767	1.678818	2.000078
15906	-3410.239	-3580.175	169.9367	0.3772767	1.772222	1.697827
15912	-3413.542	-3581.709	168.1668	0.3585071	1.417903	3.076216
15918	-3413.18	-3582.294	169.1136	0.3783789	1.547708	2.391883
15924	-3413.647	-3583.321	169.6745	0.3995917	1.547708	2.001531
15930	-3411.534	-3581.307	169.7729	0.4756719	1.564884	1.829822
15936	-3406.695	-3576.596	169.9007	0.4373156	1.68353	1.70509
15942	-3406.746	-3576.8	170.0544	0.3975318	1.758074	1.594788
15948	-3407.22	-3577.33	170.1092	0.3837788	1.646782	1.655017
15954	-3403.291	-3573.31	170.0181	0.4607039	1.703923	1.576017
15960	-3413.851	-3584.085	170.2342	0.3897151	1.703923	1.513415
15966	-3425.873	-3596.252	170.3793	0.3202895	1.703923	1.513415
15972	-3412.365	-3582.586	170.2203	0.3934852	1.696945	1.523442
15978	-3399.36	-3569.652	170.2925	0.3472243	1.718718	1.523442
15984	-3414.423	-3584.606	170.1826	0.4353037	1.655956	1.523442
15990	-3416.901	-3586.214	169.3129	0.4062191	1.626691	2.178914
15996	-3409.226	-3578.976	169.7502	0.3518685	1.532205	2.025321
16002	-3411.739	-3581.139	169.3999	0.5258433	1.588168	2.010267
16008	-3401.854	-3572.191	170.3376	0.3877899	1.706883	1.43577
16014	-3410.781	-3580.993	170.2123	0.3790678	1.670669	1.569771
16020	-3407.292	-3577.244	169.9514	0.3294218	1.670669	1.828406
16026	-3411.781	-3581.599	169.8175	0.4802151	1.670669	1.719701
16032	-3419.313	-3587.63	168.3165	0.385511	1.293322	3.028531
16038	-3421.523	-3590.487	168.9635	0.376414	1.382374	2.591686
16044	-3429.109	-3599.358	170.2491	0.4201701	1.993433	1.227308
16050	-3430.073	-3600.589	170.5157	0.2712653	1.971209	1.289009
16056	-3415.623	-3586.014	170.3913	0.3922937	1.963903	1.176379
16062	-3418.164	-3588.538	170.3745	0.4273844	1.953055	1.14215
16068	-3415.315	-3585.627	170.312	0.4273844	1.786138	1.334752
16074	-3412.67	-3582.935	170.265	0.3744758	1.682119	1.52923
16080	-3418.941	-3589.376	170.4354	0.4301767	1.910465	1.121107
16086	-3420.594	-3590.858	170.2643	0.463506	1.79729	1.312119
16092	-3423.6	-3594.094	170.4938	0.3667354	2.004655	1.093922
16098	-3430.314	-3600.99	170.6762	0.3085379	2.051548	0.9945087
16104	-3431.408	-3601.923	170.5153	0.3817194	1.873759	1.164987
16110	-3431.516	-3601.821	170.3052	0.4653326	1.792416	1.28024
16116	-3429.973	-3600.248	170.2746	0.4252954	1.862279	1.306725
16122	-3420.674	-3590.901	170.2267	0.4252954	1.862279	1.345164
16128	-3412.521	-3582.648	170.1264	0.5301887	1.73235	1.38524
16134	-3415.624	-3585.793	170.1694	0.444668	1.942614	1.298259
16140	-3405.754	-3576.146	170.3916	0.444668	1.935745	1.114083
16146	-3420.693	-3591.182	170.4897	0.3412958	1.956031	1.188283
16152	-3425.834	-3596.094	170.2607	0.4204901	1.954765	1.2495
16158	-3409.78	-3580.31	170.5302	0.3832363	1.948517	1.081447
16164	-3423.92	-3594.272	170.3519	0.3455424	1.96085	1.292142
16170	-3408.455	-3578.967	170.5117	0.4086551	1.919407	1.079838
16176	-3403.104	-3573.507	170.4034	0.3805691	1.927844	1.216829
16182	-3409.534	-3579.763	170.2287	0.4524104	1.927844	1.250266
16188	-3406.73	-3576.692	169.9621	0.377684	1.712822	1.721234
16194	-3400.506	-3570.448	169.9421	0.4165367	1.701475	1.690211
16200	-3413.694	-3583.483	169.7894	0.4165367	1.679472	1.812481
16206	-3412.639	-3582.203	169.564	0.2961492	1.671585	2.1375
16212	-3424.084	-3592.867	168.7825	0.454818	1.55063	2.507871
16218	-3421.148	-3589.422	168.2739	0.4051852	1.423355	2.953104
16224	-3424.848	-3593.043	168.1946	0.411429	1.279954	3.079472
16230	-3418.02	-3586.632	168.6124	0.4348108	1.44355	2.701609
16236	-3413.267	-3581.762	168.4949	0.3394978	1.333405	2.954291
16242	-3412.395	-3581.109	168.7138	0.4370429	1.444013	2.636456
16248	-3417.677	-3586.694	169.0164	0.4434231	1.370587	2.486889
16254	-3420.532	-3589.471	168.9388	0.4715168	1.335258	2.526565
16260	-3414.452	-3583.154	168.7017	0.4359143	1.234797	2.773467
16266	-3416.07	-3583.551	167.4811	0.4143308	1.279351	3.497435
16272	-3423.978	-3592.149	168.1706	0.4143308	1.3026	3.077016
16278	-3413.726	-3582.253	168.5264	0.3722065	1.383856	2.8636
16284	-3402.298	-3571.427	169.1293	0.3505032	1.444184	2.483103
16290	-3426.438	-3596.362	169.924	0.472876	1.593041	1.708226
16296	-3399.751	-3569.438	169.6871	0.5068086	1.593056	1.833586
16302	-3411.044	-3580.507	169.4628	0.3657757	1.574874	2.167109
16308	-3408.534	-3578.189	169.6551	0.4856819	1.604698	1.871568
16314	-3408.171	-3577.244	169.0735	0.5159496	1.52062	2.277623
16320	-3419.329	-3588.403	169.0745	0.3344018	1.492735	2.508541
16326	-3419.183	-3588.078	168.8943	0.4681302	1.414478	2.508541
16332	-3425.363	-3595.054	169.6916	0.375733	1.61351	1.977497
16338	-3428.951	-3598.165	169.2133	0.375733	1.635658	2.275818
16344	-3427.248	-3595.998	168.7501	0.3138829	1.556632	2.697921
16350	-3426.805	-3595.742	168.9365	0.3846848	1.463105	2.548102
16356	-3420.336	-3588.846	168.5103	0.4188101	1.499414	2.748006
16362	-3426.499	-3595.255	168.7563	0.4163063	1.479807	2.611728
16368	-3416.66	-3584.884	168.2241	0.4131167	1.366551	3.008103
16374	-3437.178	-3605.886	168.7077	0.4664046	1.366551	2.655836
16380	-3422.583	-3590.221	167.638	0.3713212	1.391572	3.389092
16386	-3436.317	-3604.394	168.0767	0.4628877	1.391572	3.027368
16392	-3422.743	-3591.805	169.0624	0.4254077	1.445733	2.431465
16398	-3420.137	-3588.506	168.3697	0.4254077	1.425045	2.871279
16404	-3416.398	-3585.312	168.9136	0.4254077	1.403441	2.551006
16410	-3407.916	-3576.243	168.3264	0.4544374	1.423531	2.866673
16416	-3412.285	-3580.69	168.4051	0.435245	1.423531	2.839829
16422	-3405.345	-3574.772	169.427	0.3930254	1.509065	2.197715
16428	-3413.607	-3583.571	169.9641	0.4495662	1.787413	1.56879
16434	-3420.081	-3589.779	169.6983	0.3974519	1.55474	1.983664
16440	-3424.631	-3594.009	169.3783	0.3790405	1.480823	2.265106
16446	-3418.913	-3588.042	169.1294	0.3237505	1.492469	2.489019
16452	-3412.386	-3580.975	168.5894	0.371171	1.365323	2.837948
16458	-3413.956	-3582.286	168.3294	0.371171	1.365323	2.994819
16464	-3405.87	-3573.604	167.7334	0.405858	1.22804	3.389237
16470	-3415.021	-3582.095	167.074	0.3483058	1.241879	3.831022
16476	-3416.519	-3584.731	168.2127	0.3710199	1.371306	3.061344
16482	-3407.922	-3576.402	168.4804	0.3864983	1.328635	2.907562
16488	-3415.498	-3583.815	168.3169	0.4225709	1.314253	2.973153
16494	-3415.042	-3584.405	169.363	0.2965599	1.565724	2.334567
16500	-3408.86	-3578.209	169.3492	0.3983533	1.547956	2.216149
16506	-3412.303	-3581.438	169.135	0.378349	1.547956	2.378208
16512	-3416.994	-3585.347	168.3529	0.3258251	1.384094	3.02696
16518	-3417.563	-3585.416	167.8536	0.3138982	1.384094	3.339043
16524	-3420.774	-3589.738	168.9636	0.2979651	1.384094	2.695264
16530	-3412.099	-3580.545	168.4465	0.3947156	1.40117	2.874494
16536	-3408.781	-3577.443	168.6622	0.311383	1.385689	2.859231
16542	-3410.298	-3579.06	168.7617	0.4893087	1.41102	2.570783
16548	-3419.397	-3587.774	168.377	0.4644581	1.2987	2.900952
16554	-3412.737	-3581.186	168.4494	0.3836953	1.395197	2.889439
16560	-3412.458	-3580.652	168.194	0.3652778	1.290796	3.127445
16566	-3419.735	-3587.616	167.8803	0.4878135	1.377612	3.127445
16572	-3419.894	-3588.275	168.3814	0.4076256	1.217864	3.009168
16578	-3414.617	-3582.476	167.8597	0.4076256	1.258636	3.294988
16584	-3414.458	-3582.775	168.3168	0.4076256	1.400635	2.938163
16590	-3415.088	-3584.504	169.4163	0.2691085	1.493293	2.388821
16596	-3413.185	-3582.334	169.1489	0.3989805	1.476788	2.388821
16602	-3408.309	-3577.227	168.9178	0.3544347	1.472807	2.591841
16608	-3409.898	-3579	169.1021	0.3461173	1.433927	2.512343
16614	-3414.551	-3583.566	169.0148	0.4505361	1.422417	2.447453
16620	-3417.072	-3585.384	168.3122	0.3409786	1.4451	2.995037
16626	-3415.25	-3583.923	168.6728	0.3893944	1.295743	2.807424
16632	-3416.501	-3584.635	168.1344	0.3912233	1.35712	3.092541
16638	-3416.933	-3584.908	167.9746	0.3681958	1.349939	3.219029
16644	-3420.178	-3589.597	169.419	0.3712572	1.442518	2.273611
16650	-3424.595	-3594.241	169.6452	0.3560793	1.626645	2.026492
16656	-3429.612	-3599.383	169.7716	0.3368967	1.626645	1.969298
16662	-3428.744	-3598.287	169.5421	0.3705224	1.507341	2.153128
16668	-3418.882	-3588.552	169.6704	0.3397685	1.506839	2.111597
16674	-3415.138	-3584.688	169.5505	0.5212158	1.563091	1.931118
16680	-3409.103	-3578.8	169.6967	0.3057223	1.563091	2.107106
16686	-3412.83	-3582.361	169.5309	0.3987579	1.636286	2.039128
16692	-3412.35	-3582.01	169.6605	0.3987579	1.604257	1.974146
16698	-3415.167	-3584.79	169.6223	0.5222844	1.595047	1.859486
16704	-3414.547	-3584.859	170.3114	0.3279651	1.628127	1.606652
16710	-3421.27	-3590.411	169.1411	0.3348815	1.414357	2.515242
16716	-3423.225	-3591.789	168.5636	0.452679	1.424744	2.723375
16722	-3414.677	-3582.87	168.1933	0.379314	1.350835	3.075161
16728	-3416.829	-3584.924	168.0954	0.4088701	1.344119	3.103278
16734	-3406.901	-3576.226	169.325	0.3179394	1.477451	2.383563
16740	-3417.809	-3587.151	169.3411	0.3374493	1.531688	2.311585
16746	-3418.995	-3588.691	169.6958	0.4117803	1.600656	1.936155
16752	-3417.831	-3587.5	169.669	0.3691027	1.548443	2.044766
16758	-3418.276	-3587.794	169.518	0.3451324	1.525175	2.191496
16764	-3417.249	-3587.123	169.8742	0.4449644	1.573384	1.79113
16770	-3436.602	-3604.676	168.074	0.3965438	1.250729	3.18557
16776	-3421.85	-3590.404	168.554	0.3595942	1.278475	2.926237
16782	-3418.057	-3587.717	169.66	0.5113992	1.605811	1.83833
16788	-3424.569	-3594.415	169.846	0.4233542	1.582911	1.831233
16794	-3428.89	-3595.898	167.0077	0.3249875	1.22614	3.90709
16800	-3420.388	-3590.007	169.6182	0.4339813	1.547145	1.996453
16806	-3418.157	-3587.607	169.4504	0.4262725	1.545629	2.117649
16812	-3410.264	-3579.739	169.4746	0.4262725	1.533452	2.109781
16818	-3409.413	-3578.783	169.3705	0.4262725	1.474798	2.215615
16824	-3402.247	-3571.641	169.3945	0.4107414	1.398288	2.26806
16830	-3407.317	-3576.841	169.5234	0.3311673	1.431103	2.26806
16836	-3421.847	-3590.315	168.4681	0.3954211	1.457325	2.826526
16842	-3425.909	-3594.574	168.6648	0.3954211	1.260567	2.826526
16848	-3420.728	-3588.197	167.4686	0.3746265	1.260344	3.56079
16854	-3426.201	-3593.76	167.5592	0.3746265	1.286065	3.493007
16860	-3444.888	-3614.178	169.2901	0.4352247	1.444648	2.276136
16866	-3429.205	-3597.645	168.4397	0.4352247	1.444564	2.806038
16872	-3429.652	-3597.689	168.0367	0.3738399	1.266368	3.224974
16878	-3434.409	-3602.421	168.0117	0.3464457	1.266878	3.272964
16884	-3423.754	-3592.624	168.8708	0.4337409	1.437911	2.546698
16890	-3422.792	-3591.493	168.7008	0.4657752	1.382512	2.650924
16896	-3426.048	-3595.514	169.4658	0.398581	1.504662	2.168399
16902	-3438.167	-3607.055	168.8882	0.4514538	1.519906	2.464666
16908	-3433.82	-3602.655	168.8343	0.4825716	1.519906	2.464666
16914	-3412.288	-3580.989	168.7009	0.3904727	1.476417	2.678523
16920	-3418.828	-3587.284	168.4565	0.365234	1.306091	2.961314
16926	-3411.716	-3579.953	168.2368	0.2980285	1.288852	3.19054
16932	-3413.932	-3582.588	168.6556	0.4510287	1.288852	2.752056
16938	-3408.522	-3576.77	168.249	0.4510287	1.301106	2.990832
16944	-3412.72	-3580.44	167.7203	0.5231469	1.159557	3.316909
16950	-3420.128	-3587.875	167.7472	0.4375801	1.362909	3.267049
16956	-3426.807	-3595.804	168.9969	0.4018978	1.473065	2.483229
16962	-3411.969	-3581.028	169.0585	0.3627716	1.489278	2.483229
16968	-3414.157	-3583.094	168.9379	0.4414907	1.458472	2.483229
16974	-3412.26	-3581.339	169.0796	0.4479362	1.428652	2.405628
16980	-3406.391	-3575.693	169.3023	0.4566506	1.427242	2.254875
16986	-3411.414	-3580.171	168.7566	0.4238832	1.466739	2.610875
16992	-3417.473	-3586.93	169.4572	0.4238832	1.481336	2.158064
16998	-3422.14	-3590.671	168.5306	0.3396242	1.421791	2.879218
17004	-3415.187	-3583.569	168.382	0.4033586	1.44114	2.879218
17010	-3419.895	-3589.263	169.3682	0.4033586	1.381204	2.304843
17016	-3419.681	-3588.691	169.0095	0.4422139	1.492195	2.416192
17022	-3425.067	-3593.874	168.8071	0.4033869	1.502124	2.581606
17028	-3423.838	-3593.844	170.0056	0.3490096	1.754019	1.703049
17034	-3442.41	-3612.305	169.8949	0.3708858	1.694011	1.790977
17040	-3427.429	-3597.749	170.3201	0.3800261	1.767346	1.414538
17046	-3429.824	-3599.263	169.4394	0.3800261	1.571512	2.165806
17052	-3415.365	-3585.202	169.8368	0.4344008	1.616993	1.800028
17058	-3407.673	-3577.348	169.6755	0.4344008	1.61574	1.911345
17064	-3412.047	-3582.559	170.5116	0.3779473	1.871821	1.176496
17070	-3421.133	-3591.665	170.5323	0.378545	1.973501	1.064837
17076	-3416.643	-3586.874	170.231	0.4719151	1.882852	1.25747
17082	-3418.681	-3589.149	170.4682	0.4467796	1.835759	1.131816
17088	-3416.038	-3586.342	170.304	0.503077	1.85203	1.177111
17094	-3413.564	-3583.85	170.2852	0.5009893	1.868119	1.182477
17100	-3416.36	-3586.544	170.1848	0.5009893	1.836206	1.293491
17106	-3423.203	-3593.272	170.0691	0.452184	1.710322	1.544799
17112	-3427.491	-3597.672	170.1813	0.452184	1.68026	1.483448
17118	-3426.582	-3596.553	169.9717	0.5822969	1.68026	1.482642
17124	-3417.329	-3587.272	169.9431	0.395881	1.807631	1.641761
17130	-3421.135	-3591.229	170.0942	0.3356836	1.738692	1.671251
17136	-3415.674	-3585.815	170.141	0.4428712	1.702704	1.509344
17142	-3412.023	-3581.705	169.6821	0.4582656	1.668423	1.841787
17148	-3417.825	-3587.871	170.046	0.4478175	1.795706	1.504218
17154	-3415.262	-3585.49	170.2288	0.3697414	1.795706	1.478433
17160	-3416.088	-3586.302	170.2137	0.3939665	1.796503	1.452745
17166	-3419.765	-3590.151	170.386	0.359415	1.693581	1.452745
17172	-3426.668	-3597.05	170.3821	0.450508	1.823906	1.211484
17178	-3420.034	-3590.383	170.3492	0.450508	1.8968	1.177096
17184	-3433.963	-3603.078	169.1145	0.4133961	1.427264	2.424409
17190	-3426.217	-3595.132	168.915	0.3601238	1.514398	2.560424
17196	-3431.999	-3600.723	168.7233	0.4638778	1.409009	2.622747
17202	-3411.352	-3580.396	169.0445	0.4422006	1.513688	2.380575
17208	-3422.797	-3591.752	168.9547	0.4594127	1.410071	2.483049
17214	-3417.412	-3586.358	168.9463	0.4643749	1.45743	2.45321
17220	-3421.09	-3589.214	168.1243	0.4514356	1.424919	2.990893
17226	-3409.265	-3577.113	167.8482	0.4880477	1.199224	3.252012
17232	-3408.142	-3576.876	168.7334	0.4273898	1.269353	2.742539
17238	-3426.62	-3595.11	168.4899	0.4168014	1.357952	2.848813
17244	-3423.527	-3591.334	167.8075	0.4492193	1.176127	3.329249
17250	-3414.719	-3582.432	167.7127	0.4900168	1.2005	3.329249
17256	-3425.898	-3593.589	167.6908	0.4846801	1.231314	3.329249
17262	-3407.059	-3575.414	168.3545	0.3655919	1.264555	3.046974
17268	-3412.971	-3580.134	167.1632	0.4421351	1.233894	3.678811
17274	-3415.098	-3582.653	167.5554	0.4421351	1.239838	3.447226
17280	-3417.738	-3586.255	168.5177	0.512021	1.413917	2.696472
17286	-3413.519	-3581.806	168.2872	0.4656383	1.326377	2.937208
17292	-3430.409	-3598.357	167.9481	0.462229	1.39615	3.102124
17298	-3424.401	-3592.681	168.2801	0.3698258	1.39615	3.007528
17304	-3421.042	-3590.206	169.1637	0.5428103	1.426312	2.252832
17310	-3423.89	-3592.843	168.9537	0.4852972	1.42496	2.446414
17316	-3409.112	-3577.515	168.4026	0.3937437	1.48778	2.849784
17322	-3419.191	-3588.473	169.2829	0.4399595	1.428455	2.285669
17328	-3406.546	-3575.288	168.7422	0.4704807	1.407024	2.605187
17334	-3407.936	-3576.964	169.0277	0.43733	1.435235	2.446204
17340	-3416.378	-3585.082	168.7038	0.389601	1.328797	2.768196
17346	-3406.368	-3575.416	169.0485	0.3237214	1.438731	2.572908
17352	-3409.44	-3579.427	169.9872	0.3879852	1.58071	1.781849
17358	-3412.728	-3582.63	169.9027	0.3736157	1.693796	1.781849
17364	-3410.263	-3579.933	169.6706	0.3863935	1.739751	1.892224
17370	-3418.222	-3587.962	169.74	0.4126417	1.602285	1.904092
17376	-3410.483	-3580.706	170.2234	0.3797372	1.648414	1.577008
17382	-3416.232	-3586.541	170.3087	0.3815929	1.862826	1.346117
17388	-3420.479	-3590.626	170.1469	0.4944783	1.903344	1.27839
17394	-3419.121	-3589.302	170.1807	0.49032	1.752371	1.377936
17400	-3413.967	-3583.743	169.7756	0.4558031	1.752371	1.72148
17406	-3414.976	-3584.656	169.6798	0.4037358	1.561576	1.983399
17412	-3420.045	-3590.014	169.969	0.4037358	1.632937	1.736723
17418	-3424.558	-3594.608	170.0502	0.427093	1.711474	1.591105
17424	-3427.255	-3597.186	169.9309	0.4817151	1.848143	1.507031
17430	-3437.362	-3606.236	168.8744	0.4165258	1.453386	2.554618
17436	-3424.734	-3593.489	168.7553	0.4880411	1.417823	2.571876
17442	-3420.649	-3589.229	168.5793	0.5206625	1.44766	2.629139
17448	-3412.935	-3581.865	168.9292	0.5132526	1.453	2.415061
17454	-3412.625	-3581.707	169.0823	0.4669935	1.42879	2.382621
17460	-3407.038	-3575.488	168.4504	0.3604363	1.437904	2.891459
17466	-3424.981	-3593.373	168.3914	0.3980704	1.421702	2.891459
17472	-3411.177	-3579.371	168.1939	0.4489366	1.455128	2.933562
17478	-3414.097	-3582.499	168.4025	0.5359154	1.467724	2.710651
17484	-3416.763	-3586.022	169.259	0.3518645	1.567365	2.32162
17490	-3421.221	-3590.558	169.3368	0.3518645	1.491189	2.320584
17496	-3427.611	-3596.828	169.2171	0.3299521	1.622405	2.343139
17502	-3418.785	-3588.46	169.6748	0.4334553	1.617878	1.911545
17508	-3409.775	-3578.857	169.082	0.4239981	1.548064	2.356034
17514	-3415.382	-3584.347	168.9645	0.4106698	1.431945	2.518715
17520	-3407.02	-3575.737	168.7166	0.4124954	1.458191	2.653999
17526	-3410.975	-3579.646	168.6716	0.4717802	1.427839	2.634617
17532	-3420.894	-3589.575	168.6805	0.3721757	1.331977	2.801586
17538	-3407.368	-3575.388	168.0197	0.371826	1.360637	3.181602
17544	-3411.46	-3579.359	167.8988	0.4420555	1.272022	3.226382
17550	-3417.525	-3586.05	168.5248	0.3545397	1.37297	2.893128
17556	-3422.732	-3591.253	168.5217	0.377871	1.328419	2.893128
17562	-3416.095	-3584.278	168.1831	0.3784728	1.47144	3.01012
17568	-3418.107	-3587.553	169.4463	0.3650918	1.465971	2.249088
17574	-3414.374	-3584.133	169.7594	0.3882106	1.544989	1.961397
17580	-3410.761	-3580.51	169.7493	0.3977769	1.544989	1.955633
17586	-3409.802	-3579.291	169.4895	0.3736264	1.540835	2.161485
17592	-3418.094	-3586.335	168.241	0.3721084	1.28768	3.093013
17598	-3424.724	-3591.213	166.489	0.3721084	1.312916	4.096961
17604	-3426.823	-3594.451	167.6285	0.3721084	1.206556	3.50191
17610	-3404.885	-3573.015	168.1296	0.340141	1.326334	3.175971
17616	-3416.785	-3585.352	168.5675	0.3603196	1.572978	2.738295
17622	-3418.097	-3585.736	167.639	0.3438436	1.337215	3.45375
17628	-3421.866	-3590.315	168.449	0.4556347	1.577481	2.696806
17634	-3429.495	-3598.827	169.3318	0.4470736	1.645248	2.105305
17640	-3423.319	-3592.95	169.6305	0.3756946	1.677972	1.975336
17646	-3431.094	-3601.077	169.9838	0.3360315	1.682068	1.788189
17652	-3422.807	-3592.586	169.7787	0.4453388	1.661693	1.79565
17658	-3425.802	-3595.637	169.8341	0.3654164	1.611154	1.897184
17664	-3409.833	-3580.109	170.2761	0.4183478	1.946128	1.247168
17670	-3419.036	-3589.538	170.502	0.3343226	1.854026	1.276389
17676	-3419.927	-3589.995	170.0677	0.4386045	1.870397	1.443857
17682	-3409.492	-3579.801	170.3091	0.4386045	1.79877	1.310454
17688	-3408.324	-3578.575	170.2515	0.4117611	1.771941	1.416358
17694	-3415.195	-3585.319	170.1243	0.3858346	1.907138	1.448673
17700	-3428.802	-3599.144	170.342	0.3798128	1.907138	1.28645
17706	-3433.097	-3603.181	170.0843	0.4099967	1.88995	1.456633
17712	-3422.295	-3592.553	170.2576	0.494515	1.855925	1.225698
17718	-3399.314	-3569.268	169.9545	0.3712816	1.706297	1.740231
17724	-3410.988	-3580.445	169.4572	0.345218	1.528555	2.228453
17730	-3412.561	-3582.102	169.5407	0.3068321	1.597083	2.185007
17736	-3416.833	-3586.703	169.8695	0.4174209	1.711225	1.733371
17742	-3424.487	-3594.156	169.6684	0.4267905	1.686928	1.877262
17748	-3432.457	-3602.032	169.5756	0.4267905	1.555816	2.027771
17754	-3431.416	-3601.268	169.8525	0.3511837	1.661762	1.870279
17760	-3424.023	-3593.906	169.8828	0.3248265	1.688386	1.870279
17766	-3429.323	-3598.919	169.5964	0.4842645	1.667771	1.870279
17772	-3430.922	-3599.457	168.5354	0.3337736	1.441134	2.872279
17778	-3423.291	-3592.334	169.0423	0.348252	1.451626	2.535753
17784	-3423.145	-3591.559	168.4141	0.3886747	1.448278	2.872703
17790	-3415.65	-3585.267	169.6178	0.3778794	1.657152	1.994778
17796	-3410.372	-3580.051	169.6795	0.3606944	1.677148	1.96349
17802	-3413.606	-3583.468	169.8615	0.3367146	1.483058	2.005436
17808	-3422.107	-3591.776	169.6689	0.3989225	1.548709	2.005436
17814	-3420.507	-3589.997	169.4907	0.4047817	1.609062	2.076048
17820	-3415.092	-3584.695	169.6029	0.4063719	1.609062	1.999664
17826	-3411.467	-3580.992	169.5255	0.4119229	1.593369	2.054461
17832	-3416.226	-3585.933	169.7071	0.3499202	1.543809	2.048918
17838	-3422.752	-3592.336	169.5844	0.3526555	1.439383	2.193762
17844	-3416.013	-3584.935	168.9216	0.3515695	1.339897	2.675243
17850	-3412.768	-3581.389	168.6211	0.356228	1.339897	2.85274
17856	-3422.994	-3591.057	168.0628	0.3923976	1.293152	3.171812
17862	-3434.951	-3603.893	168.942	0.327375	1.563766	2.556396
17868	-3427.168	-3597.031	169.8636	0.3105642	1.61966	1.951508
17874	-3405.83	-3575.292	169.4618	0.4400446	1.529509	2.104242
17880	-3418.273	-3587.708	169.4353	0.3426466	1.700735	2.134554
17886	-3422.055	-3591.354	169.2997	0.3969939	1.538044	2.25614
17892	-3416.33	-3585.918	169.5881	0.3969939	1.603955	2.024881
17898	-3422.137	-3591.687	169.5502	0.3969939	1.556663	2.081247
17904	-3421.184	-3589.358	168.1743	0.5583543	1.299328	2.93052
17910	-3417.737	-3586.177	168.4404	0.4446975	1.380413	2.834196
17916	-3413.259	-3582.022	168.7631	0.3859225	1.461082	2.655154
17922	-3428.657	-3597.362	168.705	0.3859225	1.375001	2.743658
17928	-3421.744	-3590.559	168.8148	0.3549624	1.328038	2.743658
17934	-3424.639	-3593.72	169.0815	0.3494984	1.586786	2.424915
17940	-3413.845	-3582.911	169.0662	0.4441879	1.50079	2.372695
17946	-3411.1	-3580.339	169.2384	0.3330468	1.572462	2.357055
17952	-3401.069	-3570.616	169.5465	0.4129706	1.589296	2.041981
17958	-3420.539	-3589.921	169.3813	0.4422927	1.526021	2.156489
17964	-3424.209	-3593.779	169.5697	0.4164678	1.612565	2.006715
17970	-3421.485	-3589.956	168.4718	0.3268573	1.483283	2.894401
17976	-3418.295	-3587.39	169.095	0.2873948	1.443809	2.592831
17982	-3423.13	-3592.32	169.1898	0.4710957	1.531088	2.244261
17988	-3426.517	-3595.901	169.3838	0.3509106	1.480587	2.298637
17994	-3422.147	-3590.997	168.8497	0.3144646	1.479488	2.683332
18000	-3431.162	-3599.01	167.848	0.4053952	1.381533	3.231864
18006	-3417.984	-3586.407	168.423	0.418867	1.354114	2.889342
18012	-3420.763	-3589.433	168.6705	0.4834582	1.385812	2.648878
18018	-3420.103	-3588.687	168.5837	0.4245338	1.377878	2.770891
18024	-3428.71	-3596.996	168.2868	0.448637	1.357115	2.936929
18030	-3424.854	-3592.851	167.9967	0.3737174	1.211145	3.281393
18036	-3421.805	-3589.819	168.0144	0.3827644	1.317893	3.197108
18042	-3419.325	-3587.752	168.4268	0.4678668	1.447303	2.776933
18048	-3421.994	-3589.937	167.9432	0.4678668	1.2156	3.206498
18054	-3412.352	-3580.589	168.2373	0.4140361	1.249438	3.069259
18060	-3411.687	-3579.97	168.2835	0.3951639	1.239268	3.069259
18066	-3405.536	-3573.551	168.0148	0.3951639	1.273935	3.208473
18072	-3419.13	-3586.631	167.5009	0.4848676	1.134552	3.496996
18078	-3421.206	-3588.827	167.6207	0.372693	1.221647	3.496996
18084	-3419.831	-3586.276	166.4456	0.3474259	1.185599	4.223014
18090	-3429.269	-3595.56	166.2903	0.4739089	1.140272	4.200412
18096	-3421.999	-3588.658	166.6588	0.3372683	1.03398	4.200412
18102	-3418.401	-3586.103	167.7016	0.3637336	1.214276	3.464698
18108	-3414.586	-3583.104	168.5184	0.4811163	1.281145	2.808537
18114	-3406.262	-3575.622	169.3595	0.4212232	1.540669	2.18619
18120	-3412.318	-3581.324	169.0057	0.3887506	1.539589	2.452024
18126	-3404.037	-3573.861	169.8241	0.3972088	1.647821	1.835691
18132	-3402.223	-3572.019	169.7961	0.4381002	1.728605	1.746
18138	-3401.268	-3571.486	170.2181	0.4381002	1.644772	1.501481
18144	-3403.856	-3573.466	169.6103	0.4770481	1.572391	1.933824
18150	-3399.431	-3569.077	169.6462	0.3911741	1.666681	1.951743
18156	-3394.599	-3564.431	169.8313	0.4253808	1.497455	1.89708
18162	-3410.121	-3579.666	169.5455	0.501679	1.520929	1.984126
18168	-3410.482	-3580.249	169.7665	0.3928491	1.494876	1.984126
18174	-3416.363	-3585.987	169.6239	0.3373125	1.397047	2.216679
18180	-3410.288	-3579.534	169.2469	0.4835142	1.439082	2.253112
18186	-3415.229	-3584.14	168.9116	0.3940264	1.345588	2.625029
18192	-3425.347	-3593.671	168.324	0.3529748	1.297285	3.061278
18198	-3422.924	-3591.904	168.9803	0.4468226	1.359785	2.51242
18204	-3416.485	-3585.991	169.5057	0.4165474	1.521192	2.109282
18210	-3412.313	-3580.54	168.2268	0.4165474	1.373664	2.998322
18216	-3413.924	-3582.871	168.9467	0.4338818	1.500711	2.459892
18222	-3409.377	-3578.537	169.1599	0.3014006	1.5477	2.467066
18228	-3406.794	-3575.805	169.0115	0.3685744	1.604039	2.433202
18234	-3404.595	-3573.959	169.3636	0.3178313	1.616867	2.270323
18240	-3401.735	-3570.426	168.6918	0.3645334	1.521325	2.688429
18246	-3414.627	-3582.488	167.8611	0.3115171	1.312936	3.37957
18252	-3423.366	-3591.12	167.7536	0.3651926	1.304709	3.37957
18258	-3423.395	-3591.398	168.0028	0.3651926	1.379367	3.188544
18264	-3410.008	-3578.88	168.873	0.4858793	1.483188	2.459904
18270	-3427.154	-3596.422	169.2679	0.3511666	1.560137	2.32151
18276	-3423.021	-3591.987	168.9657	0.3741519	1.589335	2.464117
18282	-3407.266	-3577.154	169.888	0.3741519	1.68254	1.799117
18288	-3417.132	-3586.48	169.3482	0.3550718	1.58254	2.25055
18294	-3410.109	-3579.086	168.9773	0.3421875	1.524235	2.539041
18300	-3418.355	-3587.752	169.3971	0.4019581	1.535234	2.188912
18306	-3417.031	-3586.071	169.0401	0.3364557	1.477579	2.536701
18312	-3405.024	-3574.308	169.2844	0.3418693	1.473827	2.378328
18318	-3424.678	-3593.309	168.6307	0.3498165	1.455469	2.784848
18324	-3425.281	-3593.156	167.8744	0.3379657	1.340501	3.321132
18330	-3439.449	-3606.298	166.8491	0.3582232	1.213317	3.964527
18336	-3426.273	-3594.225	167.9514	0.3403926	1.212135	3.348295
18342	-3429.31	-3598.167	168.8578	0.3376394	1.536388	2.611733
18348	-3426.032	-3595.518	169.486	0.3102006	1.540936	2.251575
18354	-3410.04	-3579.245	169.2044	0.4028432	1.487342	2.342208
18360	-3410.584	-3580.2	169.6163	0.2855763	1.620788	2.152941
18366	-3421.175	-3590.547	169.3713	0.4048862	1.550632	2.192019
18372	-3410.945	-3580.358	169.4136	0.4604334	1.60591	2.061813
18378	-3416.859	-3586.714	169.8548	0.4216504	1.469022	1.905117
18384	-3420.743	-3590.002	169.259	0.3837366	1.511367	2.315884
18390	-3417.893	-3587.442	169.5489	0.3551126	1.521396	2.160209
18396	-3437.693	-3607.506	169.8133	0.2552228	1.524914	2.136294
18402	-3419.104	-3588.049	168.9447	0.348324	1.495006	2.569344
18408	-3412.012	-3581.041	169.0289	0.4410442	1.42537	2.447387
18414	-3416.528	-3585.949	169.421	0.4587732	1.514561	2.11893
18420	-3418.787	-3588.454	169.6662	0.4568693	1.602755	1.899134
18426	-3423.69	-3593.775	170.0848	0.3569595	1.682765	1.685593
18432	-3421.586	-3590.974	169.3881	0.4467244	1.594834	2.101889
18438	-3422.161	-3590.865	168.7036	0.41194	1.520992	2.623929
18444	-3414.783	-3583.61	168.827	0.3997787	1.492204	2.57969
18450	-3429.369	-3597.062	167.6927	0.4124443	1.284324	3.372766
18456	-3436.718	-3604.567	167.8496	0.468036	1.179531	3.283
18462	-3421.52	-3589.951	168.4303	0.5300731	1.342946	2.775608
18468	-3421.529	-3590.664	169.135	0.3661218	1.305734	2.545745
18474	-3405.876	-3574.717	168.8408	0.3401793	1.385168	2.711925
18480	-3419.605	-3588.545	168.94	0.3412546	1.480047	2.590926
18486	-3411.421	-3579.072	167.6508	0.3114754	1.168221	3.586895
18492	-3416.582	-3585.226	168.6446	0.4568695	1.369888	2.702855
18498	-3424.683	-3593.855	169.1722	0.3774776	1.510841	2.379271
18504	-3418.164	-3587.872	169.7089	0.3774776	1.712597	1.89668
18510	-3418.262	-3587.872	169.61	0.4941644	1.778947	1.772764
18516	-3408.848	-3579.17	170.3217	0.3458204	1.872137	1.386495
18522	-3413.577	-3582.005	168.428	0.4700543	1.323756	2.849045
18528	-3422.157	-3589.79	167.6331	0.41486	1.22238	3.441292
18534	-3432.14	-3600.117	167.9773	0.2962233	1.193871	3.402019
18540	-3428.386	-3597.013	168.6267	0.2807077	1.296796	2.977801
18546	-3427.165	-3595.328	168.1637	0.4136201	1.318054	3.072696
18552	-3420.795	-3588.966	168.1706	0.3691722	1.353848	3.099088
18558	-3420.34	-3587.818	167.4787	0.4323327	1.195019	3.528522
18564	-3425.538	-3593.113	167.5758	0.357974	1.242589	3.528522
18570	-3414.471	-3582.895	168.4234	0.3036687	1.425872	2.989706
18576	-3419.495	-3587.449	167.9542	0.3213606	1.263316	3.341013
18582	-3418.232	-3585.102	166.87	0.4859406	1.307414	3.761613
18588	-3419.557	-3586.64	167.0826	0.3965832	1.256178	3.761613
18594	-3423.808	-3591.272	167.4639	0.4039046	1.241683	3.540898
18600	-3416.206	-3584.103	167.8972	0.4135729	1.398439	3.183509
18606	-3414.324	-3582.884	168.5597	0.333397	1.398439	2.883888
18612	-3414.332	-3583.323	168.9907	0.3226748	1.501576	2.571259
18618	-3408.859	-3577.545	168.6858	0.2753621	1.44771	2.85895
18624	-3402.903	-3571.46	168.5563	0.2948542	1.399942	2.937695
18630	-3412.25	-3581.066	168.8159	0.4036276	1.394733	2.64232
18636	-3410.2	-3578.896	168.6967	0.3831307	1.382762	2.747378
18642	-3412.775	-3580.449	167.6733	0.4148475	1.299742	3.37243
18648	-3414.791	-3582.218	167.4268	0.3371613	1.184795	3.674217
18654	-3410.096	-3577.79	167.6945	0.4120953	1.302225	3.361551
18660	-3414.652	-3582.666	168.0135	0.3468912	1.378162	3.205498
18666	-3414.118	-3583.122	169.0036	0.5202524	1.499394	2.331344
18672	-3414.63	-3583.85	169.2204	0.3798403	1.420281	2.40309
18678	-3417.323	-3586.361	169.0385	0.3859827	1.494643	2.463087
18684	-3421.173	-3590.926	169.7522	0.4618852	1.628422	1.816712
18690	-3428.757	-3598.425	169.6678	0.4869368	1.644227	1.834367
18696	-3438.31	-3607.679	169.3698	0.3006717	1.647678	2.271742
18702	-3427.805	-3596.09	168.2849	0.3011139	1.581744	2.982812
18708	-3426.686	-3595.213	168.5273	0.3143331	1.454284	2.895318
18714	-3415.057	-3584.42	169.3634	0.3330268	1.465339	2.345704
18720	-3427.03	-3595.617	168.5867	0.4834968	1.345812	2.724916
18726	-3421.711	-3589.849	168.1381	0.2992855	1.275179	3.255324
18732	-3433.01	-3600.584	167.5746	0.3421818	1.116242	3.622
18738	-3427.561	-3594.355	166.7934	0.4241566	1.254404	3.898879
18744	-3406.613	-3575.232	168.6198	0.3394265	1.326206	2.883349
18750	-3412.843	-3581.363	168.5195	0.3456717	1.329473	2.933878
18756	-3411.602	-3579.822	168.2202	0.4709895	1.314691	2.978999
18762	-3407.768	-3576.122	168.3545	0.3600369	1.296652	3.034643
18768	-3412.912	-3582.015	169.104	0.3032825	1.388481	2.598406
18774	-3411.422	-3579.908	168.4856	0.3445678	1.285774	2.981963
18780	-3424.543	-3593.177	168.6331	0.3342805	1.412513	2.829708
18786	-3420.279	-3588.943	168.6641	0.341481	1.451663	2.777599
18792	-3418.38	-3586.841	168.4605	0.4063793	1.275339	2.928493
18798	-3414.521	-3582.726	168.2052	0.4812646	1.382548	2.936596
18804	-3412.157	-3580.939	168.7814	0.3556136	1.382548	2.729882
18810	-3424.821	-3593.579	168.7575	0.3601493	1.397029	2.729882
18816	-3414.07	-3583.793	169.7234	0.3573325	1.604167	1.987662
18822	-3408.477	-3578.38	169.9028	0.4703707	1.681853	1.663216
18828	-3413.586	-3583.027	169.4408	0.3952765	1.618199	2.114822
18834	-3420.084	-3588.408	168.3247	0.4607878	1.296467	2.937748
18840	-3409.448	-3577.076	167.628	0.4509307	1.211301	3.412214
18846	-3404.954	-3571.125	166.1702	0.3216242	1.214022	4.394438
18852	-3412.719	-3580.368	167.6486	0.3216242	1.237912	3.534391
18858	-3421.532	-3590.071	168.5384	0.5170133	1.403799	2.685001
18864	-3433.97	-3603.821	169.8513	0.4845172	1.608973	1.734261
18870	-3435.508	-3604.06	168.5517	0.5224724	1.305008	2.732046
18876	-3417.304	-3585.455	168.1501	0.3693206	1.213249	3.194675
18882	-3426.746	-3594.146	167.3999	0.5255256	1.087792	3.544238
18888	-3416.112	-3584.113	168.001	0.3512624	1.221062	3.30024
18894	-3418.32	-3586.273	167.9527	0.3658895	1.239056	3.30024
18900	-3424.142	-3594.133	169.9905	0.3631089	1.588207	1.809025
18906	-3419.724	-3589.817	170.0928	0.436106	1.667401	1.580137
18912	-3417.268	-3587.274	170.0065	0.478352	1.773504	1.510558
18918	-3412.181	-3582.042	169.8612	0.5045779	1.714738	1.628128
18924	-3415.764	-3585.968	170.2037	0.3387089	1.657658	1.646217
18930	-3421.542	-3588.963	167.4208	0.3578123	1.223873	3.629667
18936	-3411.167	-3579.21	168.0433	0.3901808	1.269912	3.199729
18942	-3411.17	-3579.334	168.1637	0.3496786	1.231857	3.199729
18948	-3421.128	-3589.336	168.2073	0.3936263	1.260193	3.104036
18954	-3416.774	-3584.485	167.7106	0.3255729	1.296093	3.459144
18960	-3424.648	-3593.702	169.0544	0.4003491	1.339117	2.532877
18966	-3423.832	-3590.008	166.1767	0.3929535	1.137003	4.350398
18972	-3421.457	-3588.847	167.3902	0.2981127	1.239521	3.714474
18978	-3412.021	-3579.704	167.6829	0.389356	1.313566	3.387397
18984	-3416.603	-3583.596	166.9932	0.3431456	1.109516	3.959602
18990	-3416.207	-3583.125	166.9178	0.3544524	1.161033	3.959602
18996	-3425.582	-3592.689	167.1074	0.4322969	1.104734	3.795821
19002	-3416.99	-3585.475	168.4844	0.3471245	1.349068	2.94139
19008	-3412.122	-3580.338	168.2159	0.353618	1.392926	3.067895
19014	-3416.702	-3584.948	168.2464	0.4062135	1.265798	3.062923
19020	-3410.883	-3577.895	167.0121	0.3493631	1.197504	3.890791
19026	-3417.542	-3585.695	168.1527	0.3567291	1.198108	3.217474
19032	-3411.304	-3579.578	168.2746	0.5024828	1.248354	2.954253
19038	-3402.401	-3571.484	169.0826	0.4150855	1.428404	2.44175
19044	-3415.254	-3584.665	169.4108	0.5058988	1.437797	2.12351
19050	-3415.983	-3585.212	169.2287	0.4549618	1.478411	2.271237
19056	-3419.32	-3588.55	169.2303	0.4521915	1.486364	2.268229
19062	-3420.245	-3589.683	169.4376	0.401996	1.474385	2.202053
19068	-3419.269	-3588.696	169.4271	0.3853489	1.517342	2.202053
19074	-3419.547	-3588.928	169.3814	0.4396339	1.63507	2.088235
19080	-3415.488	-3585.1	169.6111	0.4908373	1.63507	1.874954
19086	-3417.687	-3587.272	169.5852	0.3433541	1.699039	2.036059
19092	-3414.092	-3583.54	169.4478	0.3627014	1.592995	2.169206
19098	-3422.608	-3591.431	168.823	0.390089	1.464706	2.610919
19104	-3422.185	-3590.788	168.6031	0.3970705	1.369821	2.795681
19110	-3429.498	-3598.139	168.641	0.3626029	1.424388	2.781276
19116	-3421.597	-3590.312	168.7141	0.435121	1.321305	2.713864
19122	-3411.663	-3579.623	167.9602	0.435121	1.377852	3.134631
19128	-3409.15	-3578.101	168.9516	0.435121	1.410474	2.511857
19134	-3404.841	-3573.972	169.1316	0.441903	1.493154	2.338644
19140	-3420.413	-3589.523	169.1095	0.4725568	1.430507	2.358206
19146	-3416.414	-3585.361	168.9465	0.3750214	1.372358	2.610151
19152	-3405.003	-3573.895	168.892	0.3750214	1.433483	2.606035
19158	-3405.981	-3574.71	168.7295	0.4067996	1.434609	2.667196
19164	-3411.53	-3581.081	169.5507	0.3890202	1.591278	2.068347
19170	-3405.797	-3575.381	169.5841	0.4173939	1.503413	2.068347
19176	-3405.969	-3574.267	168.2982	0.4512746	1.250086	2.991652
19182	-3417.662	-3586.65	168.9878	0.4383356	1.497702	2.43082
19188	-3414.482	-3583.897	169.415	0.4258535	1.53596	2.147578
19194	-3422.135	-3591.703	169.5678	0.3764161	1.468725	2.153797
19200	-3414.767	-3584.059	169.2919	0.4215013	1.468725	2.275765
19206	-3407.975	-3576.601	168.6258	0.5185835	1.401743	2.630875
19212	-3407.63	-3575.68	168.05	0.4463093	1.235941	3.153571
19218	-3390.451	-3558.623	168.1724	0.3388653	1.323982	3.153571
19224	-3403.233	-3572.35	169.1174	0.3921157	1.44467	2.437317
19230	-3408.816	-3578.085	169.2694	0.3518301	1.465864	2.379503
19236	-3413.315	-3582.296	168.9809	0.3501309	1.423141	2.589154
19242	-3404.178	-3572.805	168.6269	0.3421869	1.446142	2.80267
19248	-3420.266	-3589.473	169.2073	0.3421869	1.446142	2.44403
19254	-3433.326	-3601.919	168.5938	0.4352804	1.458438	2.703379
19260	-3430.323	-3597.846	167.5229	0.3534737	1.281076	3.542388
19266	-3417.027	-3583.939	166.9126	0.3240499	1.122428	4.022033
19272	-3410.766	-3578.242	167.4757	0.4345509	1.182413	3.535228
19278	-3428.649	-3594.871	166.2221	0.4846581	1.014577	4.299898
19284	-3426.651	-3593.449	166.7974	0.3730897	1.232075	3.965951
19290	-3414.422	-3582.283	167.8605	0.3368297	1.217272	3.403126
19296	-3412.378	-3580.066	167.6877	0.4124464	1.228324	3.408552
19302	-3415.244	-3583.063	167.8189	0.3964472	1.197052	3.36786
19308	-3427.675	-3595.417	167.7422	0.3693381	1.327566	3.36786
19314	-3417.443	-3584.865	167.4217	0.3693381	1.278454	3.58372
19320	-3421.877	-3588.657	166.7802	0.4610172	1.037338	3.992735
19326	-3416.858	-3583.686	166.8279	0.3442069	1.199213	4.001527
19332	-3416.843	-3583.104	166.2609	0.3928488	1.174863	4.281471
19338	-3412.966	-3578.974	166.0082	0.3565284	1.176337	4.46464
19344	-3418.749	-3584.038	165.2894	0.4515486	1.099591	4.808277
19350	-3409.726	-3575.949	166.2236	0.4515486	1.181006	4.237301
19356	-3415.199	-3581.453	166.2539	0.3413262	1.17819	4.343115
19362	-3417.365	-3585.233	167.8681	0.4540309	1.318904	3.204171
19368	-3400.905	-3568.944	168.0397	0.4151836	1.319812	3.143768
19374	-3409.822	-3578.681	168.8589	0.3748911	1.45207	2.615204
19380	-3411.139	-3580.532	169.3937	0.4276839	1.48793	2.190439
19386	-3411.69	-3580.148	168.458	0.4146684	1.42914	2.827393
19392	-3405.758	-3573.72	167.9617	0.3711477	1.3237	3.238633
19398	-3405.86	-3574.137	168.2773	0.3703794	1.239267	3.102324
19404	-3414.769	-3582.903	168.1339	0.3703794	1.438267	3.069181
19410	-3422.427	-3591.137	168.7104	0.3971265	1.438267	2.68816
19416	-3414.476	-3583.09	168.6134	0.3971265	1.438267	2.747546
19422	-3424.431	-3593.927	169.4959	0.3160954	1.445597	2.297761
19428	-3421.713	-3590.911	169.1979	0.4558124	1.510122	2.26964
19434	-3416.438	-3585.932	169.4933	0.4018772	1.440653	2.187948
19440	-3419.992	-3588.907	168.9154	0.4884347	1.384963	2.492185
19446	-3421.568	-3590.732	169.1639	0.4884347	1.475045	2.277953
19452	-3414.429	-3583.638	169.2091	0.4558425	1.531485	2.24869
19458	-3413.299	-3582.865	169.5662	0.4558425	1.492966	2.040969
19464	-3426.803	-3595.836	169.0329	0.4767366	1.479323	2.371315
19470	-3421.424	-3590.679	169.2552	0.4767366	1.53227	2.195068
19476	-3413.627	-3582.898	169.2708	0.424762	1.448199	2.298527
19482	-3411.727	-3581.203	169.4755	0.4399104	1.557873	2.076732
19488	-3413.291	-3582.767	169.4762	0.4478379	1.543032	2.076732
19494	-3419.6	-3588.951	169.3513	0.4478379	1.59577	2.124053
19500	-3419.991	-3589.732	169.741	0.3747466	1.581709	1.967048
19506	-3423.86	-3593.999	170.1388	0.3965849	1.677703	1.593185
19512	-3410.535	-3580.949	170.4139	0.2555011	1.666073	1.629694
19518	-3412.76	-3583.017	170.2565	0.2704521	1.800243	1.619113
19524	-3421.034	-3591.078	170.0444	0.4005362	1.735384	1.614307
19530	-3408.621	-3578.711	170.0898	0.3774328	1.735384	1.614307
19536	-3413.217	-3583.031	169.8143	0.4801442	1.617757	1.759213
19542	-3426.439	-3596.435	169.9961	0.3560449	1.725583	1.719487
19548	-3423.555	-3593.763	170.2075	0.4058268	1.780848	1.451971
19554	-3418.575	-3588.661	170.0854	0.3940283	1.847147	1.511242
19560	-3426.775	-3597.031	170.2558	0.4567326	1.815225	1.314138
19566	-3428.312	-3597.944	169.6317	0.5407947	1.608777	1.823458
19572	-3435.428	-3604.776	169.3472	0.4250025	1.575022	2.167287
19578	-3436.535	-3605.908	169.3735	0.3811064	1.632952	2.167287
19584	-3428.009	-3597.166	169.1573	0.4472999	1.554608	2.276863
19590	-3419.354	-3588.891	169.5369	0.3482861	1.612135	2.118213
19596	-3415.33	-3584.389	169.0585	0.3644912	1.641458	2.385217
19602	-3419.929	-3589.772	169.8432	0.3484179	1.701448	1.85351
19608	-3425.08	-3594.903	169.8237	0.3387854	1.7765	1.829463
19614	-3430.91	-3601.085	170.1754	0.3847474	1.695695	1.570248
19620	-3426.264	-3596.437	170.1731	0.3653692	1.847606	1.488033
19626	-3421.306	-3591.689	170.3829	0.3190394	1.954491	1.318941
19632	-3434.858	-3604.878	170.0202	0.3595617	1.734645	1.690856
19638	-3431.933	-3602.105	170.1716	0.324012	1.748537	1.627014
19644	-3442.645	-3612.147	169.5021	0.4742625	1.610847	1.983833
19650	-3430.211	-3597.592	167.3802	0.4551723	1.241426	3.534932
19656	-3425.429	-3592.984	167.5553	0.3410329	1.203778	3.583826
19662	-3421.22	-3587.881	166.6611	0.3503397	1.159907	4.111705
19668	-3420.537	-3586.492	165.955	0.3117186	1.092515	4.596381
19674	-3423.474	-3590.867	167.3931	0.4031967	1.132681	3.646155
19680	-3431.162	-3598.322	167.1609	0.4224326	1.296104	3.66498
19686	-3427.152	-3595.464	168.3117	0.4224326	1.334103	2.964519
19692	-3428.004	-3596.144	168.1399	0.3316797	1.206354	3.251732
19698	-3426.409	-3594.453	168.0443	0.3316797	1.302018	3.251732
19704	-3439.091	-3606.203	167.1123	0.3999579	1.13006	3.813381
19710	-3428.682	-3597.912	169.2301	0.4138652	1.501803	2.303245
19716	-3421.844	-3590.539	168.6948	0.3358628	1.441111	2.772667
19722	-3409.452	-3578.204	168.7518	0.3047001	1.427537	2.788637
19728	-3423.699	-3592.294	168.5944	0.33491	1.339749	2.89641
19734	-3424.109	-3593.209	169.0995	0.2566424	1.357767	2.69017
19740	-3431.704	-3600.409	168.705	0.3523791	1.386431	2.778325
19746	-3410.349	-3578.951	168.6025	0.3563678	1.340674	2.863346
19752	-3418.908	-3587.931	169.0226	0.381296	1.440345	2.512788
19758	-3413.795	-3582.978	169.1827	0.2965907	1.47761	2.503693
19764	-3423.419	-3591.258	167.8389	0.3460887	1.36777	3.315803
19770	-3422.178	-3590.064	167.8858	0.3624338	1.197322	3.368324
19776	-3426.563	-3594.419	167.856	0.3697442	1.242887	3.350308
19782	-3414.367	-3583.245	168.878	0.3671405	1.546302	2.554662
19788	-3405.407	-3574.536	169.1289	0.3900653	1.563997	2.357192
19794	-3408.182	-3576.623	168.4409	0.4060902	1.447628	2.836441
19800	-3409.044	-3577.098	168.0545	0.39977	1.326985	3.14816
19806	-3415.433	-3582.856	167.4234	0.39977	1.288976	3.541564
19812	-3409.25	-3576.858	167.6085	0.3898513	1.123183	3.541564
19818	-3416.006	-3584.115	168.1091	0.3898513	1.317372	3.132871
19824	-3401.831	-3570.931	169.0997	0.3957726	1.485554	2.418243
19830	-3408.933	-3577.296	168.3633	0.4178677	1.457971	2.863753
19836	-3403.142	-3571.268	168.126	0.4537438	1.315212	3.053154
19842	-3403.393	-3571.557	168.1642	0.4537438	1.286005	3.047771
19848	-3407.496	-3575.209	167.7134	0.4160621	1.157336	3.431071
19854	-3415.776	-3585.001	169.2256	0.4160621	1.466501	2.326049
19860	-3413.239	-3582.861	169.6229	0.4019512	1.564532	2.021648
19866	-3413.874	-3583.197	169.323	0.3924636	1.586053	2.215859
19872	-3409.782	-3579.055	169.273	0.3543223	1.578013	2.302619
19878	-3411.057	-3580.098	169.0415	0.3111177	1.546207	2.52804
19884	-3401.987	-3570.917	168.9303	0.3124611	1.485492	2.632786
19890	-3405.099	-3573.946	168.8468	0.3262751	1.538069	2.632786
19896	-3410.084	-3578.659	168.575	0.3529351	1.506231	2.78386
19902	-3408.954	-3577.784	168.8299	0.3754235	1.351325	2.694465
19908	-3406.262	-3574.05	167.7887	0.3754235	1.362642	3.312651
19914	-3436.483	-3604.848	168.3653	0.4419601	1.31744	2.920749
19920	-3407.979	-3576.923	168.9447	0.4461075	1.437872	2.486687
19926	-3407.897	-3576.765	168.8685	0.3705357	1.463795	2.607457
19932	-3412.352	-3581.161	168.8094	0.3987617	1.497872	2.588313
19938	-3404.162	-3573.902	169.7399	0.3987617	1.696096	1.858302
19944	-3414.607	-3584.606	169.9991	0.3008497	1.668913	1.841234
19950	-3416.773	-3586.503	169.73	0.3237017	1.668913	1.988201
19956	-3405.503	-3574.798	169.2958	0.3931126	1.564056	2.246741
19962	-3409.167	-3578.9	169.7331	0.3828926	1.526385	1.998457
19968	-3421.731	-3591.034	169.3036	0.3798183	1.497084	2.301526
19974	-3419.071	-3587.611	168.5404	0.4955303	1.307059	2.764571
19980	-3413.388	-3581.062	167.6736	0.454498	1.260099	3.353122
19986	-3430.663	-3598.377	167.7139	0.3953533	1.138836	3.464691
19992	-3426.74	-3594.676	167.9352	0.3953533	1.33982	3.216356
19998	-3430.198	-3598.416	168.218	0.4281653	1.346677	3.006832
20004	-3415.097	-3583.711	168.6145	0.3463982	1.405781	2.829298
20010	-3414.427	-3583.327	168.9004	0.3549508	1.427483	2.629959
20016	-3415.086	-3584.24	169.1547	0.3549508	1.566914	2.384046
20022	-3423.14	-3592.955	169.8154	0.378176	1.615361	1.889449
20028	-3421.434	-3591.218	169.7835	0.3440813	1.652036	1.933883
20034	-3410.199	-3579.939	169.7408	0.3503525	1.645235	1.958252
20040	-3422.733	-3592.448	169.7154	0.3503525	1.52329	2.056418
20046	-3420.226	-3589.077	168.8513	0.3901516	1.544625	2.543694
20052	-3413.266	-3582.696	169.4291	0.3901516	1.544625	2.176934
20058	-3414.563	-3583.67	169.1067	0.4313835	1.501939	2.361031
20064	-3411.973	-3581.118	169.1443	0.3707631	1.400232	2.475041
20070	-3410.771	-3580.498	169.7268	0.4247647	1.634409	1.87577
20076	-3415.844	-3585.765	169.9202	0.3571443	1.704833	1.785471
20082	-3423.894	-3593.389	169.4951	0.5694219	1.6449	1.862219
20088	-3415.735	-3585.476	169.7405	0.3995316	1.688279	1.862219
20094	-3409.498	-3579.212	169.7145	0.3418499	1.604432	2.015186
20100	-3417.043	-3586.537	169.4941	0.3784642	1.590334	2.119851
20106	-3421.367	-3591.022	169.6549	0.4079744	1.586402	1.978005
20112	-3436.059	-3604.909	168.8497	0.4003945	1.55874	2.52351
20118	-3427.503	-3596.3	168.7973	0.3121485	1.511536	2.699049
20124	-3416.007	-3585.117	169.1102	0.3671113	1.500309	2.438269
20130	-3407.315	-3575.782	168.4675	0.3134669	1.494882	2.90808
20136	-3407.489	-3574.611	167.122	0.4315018	1.302331	3.674178
20142	-3419.704	-3586.323	166.6195	0.3542781	1.167802	4.126145
20148	-3411.548	-3579.624	168.0768	0.4819459	1.294992	3.065448
20154	-3434.066	-3602.571	168.5052	0.4819459	1.506718	2.677806
20160	-3423.989	-3592.597	168.608	0.4668581	1.408059	2.691131
20166	-3426.585	-3595.184	168.599	0.4290618	1.484529	2.691131
20172	-3422.977	-3591.425	168.4479	0.4217159	1.369917	2.861489
20178	-3413.394	-3580.98	167.5866	0.3643269	1.437379	3.400722
20184	-3414.967	-3581.997	167.0298	0.3201147	1.187158	3.922985
20190	-3411.059	-3578.615	167.5558	0.2730402	1.199064	3.676938
20196	-3417.487	-3584.81	167.3235	0.3953846	1.334749	3.577996
20202	-3412.604	-3580.829	168.225	0.3086896	1.43248	3.097546
20208	-3416.442	-3584.494	168.0519	0.3086896	1.336894	3.25698
20214	-3417.008	-3584.252	167.2445	0.4120235	1.266434	3.645012
20220	-3433.338	-3599.962	166.624	0.5503838	1.289116	3.853849
20226	-3423.688	-3592.149	168.4608	0.2922566	1.315257	3.049565
20232	-3421.063	-3591.23	170.1663	0.4570122	1.837991	1.366949
20238	-3426.612	-3596.702	170.0904	0.518087	1.811062	1.366949
20244	-3419.679	-3589.553	169.8744	0.4750715	1.793453	1.597353
20250	-3422.008	-3592.337	170.3293	0.494918	1.787928	1.221978
20256	-3419.71	-3589.939	170.2284	0.4072119	1.83052	1.395521
20262	-3417.12	-3587.384	170.2641	0.3711956	1.83052	1.422658
20268	-3420.416	-3590.283	169.8669	0.4901733	1.77576	1.5971
20274	-3421.729	-3592.144	170.4142	0.4191243	1.926503	1.144066
20280	-3412.757	-3583.143	170.3861	0.4588535	1.841801	1.179993
20286	-3420.417	-3590.869	170.452	0.3553993	1.863964	1.272463
20292	-3430.702	-3600.988	170.2858	0.3978387	1.866579	1.336001
20298	-3443.741	-3613.771	170.0298	0.440282	1.739153	1.568175
20304	-3436.521	-3606.395	169.8745	0.4284854	1.709629	1.716584
20310	-3427.204	-3597.261	170.0571	0.4443233	1.579137	1.659106
20316	-3415.277	-3584.929	169.652	0.4066206	1.579137	1.986533
20322	-3425.361	-3592.529	167.1677	0.4095462	1.195488	3.733179
20328	-3420.636	-3587.664	167.028	0.3957241	1.133034	3.864863
20334	-3414.14	-3581.468	167.3284	0.3094815	1.212654	3.75045
20340	-3415.87	-3584.295	168.425	0.3598636	1.344341	2.963921
20346	-3410.108	-3578.688	168.5803	0.3452651	1.254572	2.942901
20352	-3418.508	-3586.444	167.936	0.3875573	1.298599	3.249327
20358	-3419.1	-3586.292	167.192	0.3820028	1.152898	3.7746
20364	-3430.329	-3597.494	167.1651	0.45647	1.159059	3.706184
20370	-3417.647	-3585.226	167.5793	0.3644719	1.249703	3.514545
20376	-3419.047	-3587.979	168.9321	0.3624003	1.371207	2.635632
20382	-3426.434	-3594.651	168.2175	0.4440535	1.453092	2.925783
20388	-3423.22	-3592.168	168.948	0.3580264	1.482906	2.562211
20394	-3419.391	-3588.547	169.1557	0.3371782	1.532342	2.429017
20400	-3415.963	-3584.81	168.8471	0.3728631	1.360968	2.681149
20406	-3419.128	-3588.336	169.2079	0.3728631	1.506437	2.365337
20412	-3416.668	-3586.201	169.5328	0.3372308	1.506196	2.205126
20418	-3408.725	-3578.343	169.6183	0.4199399	1.475328	2.061205
20424	-3406.821	-3575.988	169.1673	0.3382528	1.534332	2.419037
20430	-3406.42	-3575.484	169.0641	0.4242245	1.432015	2.440412
20436	-3418.586	-3587.637	169.0508	0.4083	1.470873	2.443141
20442	-3412.821	-3581.854	169.0327	0.35817	1.437696	2.537451
20448	-3415.917	-3585.436	169.5193	0.4243959	1.62857	2.019791
20454	-3403.835	-3572.724	168.8888	0.3974823	1.415198	2.59187
20460	-3410.825	-3578.809	167.984	0.3553687	1.343486	3.232973
20466	-3422.03	-3589.223	167.1934	0.3327566	1.192239	3.810127
20472	-3416.759	-3584.271	167.5126	0.3396756	1.244903	3.586424
20478	-3414.233	-3582.612	168.3784	0.337596	1.322156	3.033407
20484	-3429.259	-3596.013	166.7538	0.4007937	1.185297	3.986388
20490	-3421.779	-3587.185	165.4053	0.4074949	1.161609	4.754125
20496	-3421.317	-3587.534	166.2163	0.3936064	1.139907	4.325613
20502	-3416.102	-3583.458	167.3559	0.504855	1.221335	3.511575
20508	-3421.75	-3590.098	168.3476	0.4034488	1.331197	2.966198
20514	-3412.245	-3580.775	168.5302	0.3394839	1.366528	2.913032
20520	-3416.352	-3585.783	169.4316	0.4267014	1.437738	2.199552
20526	-3416.432	-3585.548	169.1157	0.337148	1.529679	2.455864
20532	-3412.074	-3581.094	169.02	0.3538622	1.355567	2.601881
20538	-3417.525	-3585.875	168.3498	0.4138638	1.287487	2.97926
20544	-3425.397	-3595.399	170.0024	0.3598908	1.815127	1.645583
20550	-3431.497	-3601.591	170.0942	0.473593	1.769609	1.453473
20556	-3423.708	-3593.908	170.1997	0.3585226	1.987228	1.371078
20562	-3412.417	-3582.828	170.4113	0.3440915	1.776591	1.394053
20568	-3396.788	-3566.756	169.9684	0.3440915	1.636975	1.818073
20574	-3403.494	-3573.193	169.699	0.4054468	1.61434	1.93289
20580	-3416.154	-3585.934	169.7798	0.39651	1.664135	1.855846
20586	-3410.745	-3580.56	169.8151	0.4360842	1.63327	1.801663
20592	-3409.675	-3579.164	169.4889	0.4509684	1.532784	2.071404
20598	-3425.938	-3595.52	169.5822	0.3984841	1.536679	2.071404
20604	-3417.087	-3586.825	169.7384	0.3676111	1.625103	1.949398
20610	-3423.869	-3593.945	170.0752	0.3676111	1.631439	1.71322
20616	-3417.648	-3587.237	169.5892	0.3676111	1.552938	2.096443
20622	-3417.158	-3586.846	169.6879	0.3040498	1.592	2.096443
20628	-3413.757	-3583.715	169.9585	0.3373383	1.510758	1.92087
20634	-3415.854	-3585.362	169.5078	0.3877285	1.510758	2.150849
20640	-3414.113	-3583.624	169.511	0.3393873	1.607017	2.150849
20646	-3413.278	-3583.05	169.7728	0.4258742	1.560245	1.893602
20652	-3409.269	-3579.657	170.3881	0.3180668	1.732626	1.48906
20658	-3406.493	-3576.658	170.1651	0.4603922	1.734191	1.443806
20664	-3406.276	-3575.973	169.6977	0.5556698	1.713458	1.688036
20670	-3404.252	-3574.038	169.7867	0.4432364	1.687118	1.775079
20676	-3427.273	-3597.335	170.0622	0.4203913	1.689906	1.60711
20682	-3408.392	-3578.443	170.0504	0.4203913	1.767046	1.559357
20688	-3413.376	-3583.712	170.3361	0.3638972	1.721275	1.462585
20694	-3417.546	-3587.765	170.2193	0.3638972	1.721275	1.549982
20700	-3414.001	-3583.732	169.7305	0.3677263	1.677247	1.919415
20706	-3413.179	-3583.168	169.9891	0.3622441	1.757611	1.69265
20712	-3412.648	-3582.736	170.0876	0.4061864	1.688867	1.608881
20718	-3412.368	-3581.96	169.5918	0.3666374	1.60672	2.060638
20724	-3410.707	-3580.688	169.9808	0.3148965	1.654961	1.841269
20730	-3415.95	-3584.988	169.0377	0.3354491	1.596549	2.465154
20736	-3401.944	-3570.822	168.8776	0.3584488	1.47711	2.608928
20742	-3408.474	-3577.138	168.6634	0.3822034	1.377649	2.771904
20748	-3415.845	-3583.974	168.1298	0.3515911	1.370222	3.135292
20754	-3417.429	-3586.026	168.5967	0.4229347	1.478535	2.70316
20760	-3417.968	-3586.108	168.1399	0.6170042	1.28429	2.90812
20766	-3407.839	-3576.249	168.4099	0.4274283	1.320232	2.90812
20772	-3407.281	-3574.967	167.6858	0.4205493	1.245039	3.390924
20778	-3410.141	-3576.923	166.7817	0.3101649	1.060814	4.1495
20784	-3409.007	-3576.174	167.1669	0.4409206	1.233459	3.67818
20790	-3414.625	-3581.376	166.7509	0.4113342	1.323244	3.897548
20796	-3417.314	-3585.574	168.2602	0.4113342	1.401137	2.967674
20802	-3414.201	-3581.426	167.2245	0.3684985	1.221816	3.73173
20808	-3423.601	-3589.874	166.2728	0.4156943	1.152695	4.262528
20814	-3431.714	-3597.213	165.4989	0.3659103	1.106041	4.778699
20820	-3423.376	-3589.945	166.5689	0.525353	1.106041	4.012807
20826	-3415.784	-3582.756	166.9723	0.3957761	1.193007	3.862345
20832	-3422.374	-3590.182	167.8083	0.4556255	1.290336	3.254744
20838	-3413.899	-3581.152	167.2529	0.3900498	1.214558	3.694648
20844	-3420.841	-3590.287	169.4453	0.387235	1.600005	2.134095
20850	-3424.665	-3593.693	169.0278	0.3890048	1.583524	2.410171
20856	-3434.026	-3602.84	168.8137	0.3857153	1.539796	2.575461
20862	-3417.217	-3586.684	169.4669	0.3147193	1.500337	2.283314
20868	-3420.093	-3589.512	169.4186	0.3657322	1.550187	2.211796
20874	-3424.188	-3593.562	169.3735	0.3538863	1.569381	2.244322
20880	-3407.07	-3576.451	169.3814	0.3945358	1.505466	2.227604
20886	-3414.457	-3583.785	169.3284	0.39737	1.474264	2.278153
20892	-3424.121	-3592.789	168.6673	0.3546369	1.442239	2.764402
20898	-3428.936	-3597.906	168.9695	0.2818676	1.481437	2.65537
20904	-3424.239	-3592.993	168.7538	0.4619763	1.432844	2.591155
20910	-3427.715	-3595.901	168.1856	0.3619013	1.346758	3.103266
20916	-3416.584	-3584.803	168.2189	0.3731804	1.2905	3.103266
20922	-3429.122	-3596.828	167.7065	0.3611568	1.319221	3.403524
20928	-3424.018	-3591.871	167.853	0.4645056	1.27408	3.228775
20934	-3424.2	-3592.192	167.9913	0.4365364	1.316508	3.15109
20940	-3409.392	-3576.787	167.3945	0.418399	1.231843	3.571055
20946	-3414.092	-3581.863	167.7712	0.418399	1.22584	3.354456
20952	-3402.682	-3571.603	168.9202	0.3491621	1.496025	2.582842
20958	-3406.361	-3574.703	168.3425	0.3558634	1.308953	3.039596
20964	-3397.798	-3566.004	168.2058	0.4103277	1.337528	3.039596
20970	-3412.221	-3580.493	168.2729	0.384317	1.397137	2.99385
20976	-3409.522	-3577.671	168.1487	0.384317	1.264858	3.147026
20982	-3405.235	-3573.913	168.6774	0.3491577	1.525008	2.714624
20988	-3408.863	-3578.404	169.5414	0.4132468	1.520835	2.090172
20994	-3408.401	-3577.779	169.3776	0.4770086	1.570193	2.090172
21000	-3431.678	-3600.085	168.4072	0.5544902	1.272746	2.809162
21006	-3418.63	-3586.828	168.1979	0.4243949	1.251163	3.080191
21012	-3430.591	-3597.718	167.1269	0.3991119	1.117096	3.813396
21018	-3424.613	-3592.77	168.1572	0.3408689	1.269915	3.192089
21024	-3433.531	-3603.061	169.5299	0.4920546	1.50844	2.013551
21030	-3411.718	-3581.359	169.6412	0.4022532	1.50844	2.046306
21036	-3420.214	-3589.163	168.9489	0.3865782	1.439832	2.552507
21042	-3422.497	-3592.859	170.3612	0.3352632	2.003088	1.267891
21048	-3402.653	-3572.508	169.855	0.508781	1.710787	1.630441
21054	-3423.591	-3593.43	169.8388	0.4068349	1.652317	1.809766
21060	-3409.603	-3579.28	169.6769	0.3538072	1.640192	1.99952
21066	-3407.341	-3576.537	169.1964	0.3398637	1.469168	2.439534
21072	-3413.781	-3583.095	169.3146	0.3636024	1.52436	2.298034
21078	-3409.349	-3578.591	169.2413	0.3589903	1.480317	2.378729
21084	-3408.707	-3577.473	168.7664	0.3934274	1.480317	2.632197
21090	-3408.252	-3577.434	169.1815	0.4604817	1.424915	2.329331
21096	-3416.715	-3586.354	169.6387	0.4669548	1.590329	1.914273
21102	-3406.206	-3575.51	169.3044	0.4257407	1.609832	2.171595
21108	-3400.795	-3569.927	169.1316	0.3600455	1.518205	2.422661
21114	-3405.735	-3574.852	169.1163	0.3766883	1.499671	2.422661
21120	-3413.519	-3582.261	168.7427	0.4321154	1.37017	2.669694
21126	-3416.276	-3583.96	167.6847	0.3432309	1.385565	3.399456
21132	-3417.157	-3584.095	166.9385	0.3166103	1.194681	3.975469
21138	-3414.12	-3581.724	167.6047	0.3606299	1.330303	3.457279
21144	-3415.959	-3583.313	167.3547	0.3314368	1.286544	3.664216
21150	-3415.939	-3582.964	167.0256	0.3488928	1.208128	3.877504
21156	-3428.663	-3596.446	167.7828	0.3488928	1.163277	3.465113
21162	-3421.044	-3588.994	167.9504	0.4435598	1.21148	3.230073
21168	-3421.818	-3589.127	167.3086	0.3933415	1.21148	3.66049
21174	-3415.481	-3582.58	167.0995	0.4627834	1.25271	3.683574
21180	-3416.853	-3584.556	167.7029	0.3672054	1.273158	3.425375
21186	-3419.839	-3587.93	168.0908	0.3754817	1.289073	3.177493
21192	-3415.266	-3584.501	169.2343	0.3843773	1.376286	2.416398
21198	-3420.432	-3589.611	169.1794	0.4640225	1.372382	2.360144
21204	-3408.516	-3577.38	168.8647	0.3439864	1.473309	2.63803
21210	-3417.338	-3586.14	168.8018	0.3090563	1.43153	2.749624
21216	-3422.932	-3592.529	169.597	0.4482856	1.445764	2.06067
21222	-3420.442	-3590.444	170.0027	0.4459259	1.677163	1.625694
21228	-3407.817	-3577.666	169.8493	0.4999674	1.60085	1.723147
21234	-3413.364	-3583.33	169.9662	0.4456749	1.621504	1.691915
21240	-3418.446	-3587.998	169.5521	0.4878066	1.518672	1.996691
21246	-3420.878	-3589.69	168.812	0.457982	1.513926	2.508915
21252	-3411.99	-3581.522	169.5317	0.4870553	1.55134	1.989293
21258	-3411.974	-3581.825	169.8509	0.4870553	1.539495	1.780061
21264	-3416.013	-3585.612	169.5982	0.3789512	1.668894	1.998593
21270	-3415.581	-3585.578	169.9974	0.3636225	1.711947	1.717112
21276	-3409.839	-3579.899	170.0596	0.4543654	1.743321	1.524534
21282	-3412.417	-3582.618	170.2007	0.3608906	1.71465	1.573161
21288	-3403.375	-3573.117	169.7419	0.3971881	1.591237	1.930221
21294	-3409.331	-3578.452	169.1213	0.3971881	1.529026	2.375405
21300	-3416.117	-3585.118	169.0003	0.4567997	1.54554	2.371922
21306	-3415.968	-3585.936	169.9673	0.3854411	1.679737	1.730057
21312	-3416.963	-3586.943	169.9801	0.3963092	1.729177	1.670857
21318	-3407.13	-3577.31	170.1805	0.3306656	1.66766	1.668127
21324	-3412.431	-3582.648	170.2174	0.4816044	1.724209	1.382804
21330	-3416.806	-3587.071	170.2642	0.402363	1.861009	1.3507
21336	-3415.167	-3585.221	170.0539	0.4452908	1.789148	1.506575
21342	-3404.221	-3574.115	169.8943	0.407103	1.66119	1.764707
21348	-3397.775	-3567.834	170.059	0.3771125	1.648663	1.69891
21354	-3406.791	-3576.765	169.9736	0.3029487	1.583717	1.913315
21360	-3405.915	-3575.654	169.7386	0.4424728	1.535077	1.913315
21366	-3412.635	-3582.189	169.5533	0.4220722	1.564056	2.042868
21372	-3424.636	-3594.455	169.8194	0.3117178	1.524226	2.042868
21378	-3429.51	-3598.612	169.1014	0.4269458	1.602355	2.305694
21384	-3425.158	-3594.712	169.5546	0.4777664	1.544775	1.988943
21390	-3419.491	-3589.515	170.0232	0.4486298	1.649627	1.627223
21396	-3407.685	-3577.692	170.0072	0.4756795	1.722887	1.551039
21402	-3416.412	-3586.251	169.8389	0.3787865	1.703154	1.812362
21408	-3420.787	-3590.722	169.9351	0.3030148	1.61151	1.920433
21414	-3433.088	-3602.838	169.7498	0.4277847	1.540061	1.920433
21420	-3419.737	-3588.432	168.6945	0.4277847	1.344433	2.71994
21426	-3417.067	-3586.039	168.973	0.3401401	1.347356	2.653987
21432	-3429.936	-3597.147	167.211	0.355455	1.246288	3.740951
21438	-3430.902	-3598.12	167.2175	0.3733369	1.20309	3.740951
21444	-3408.014	-3574.795	166.781	0.3640334	1.191467	4.009089
21450	-3423.356	-3591.161	167.8048	0.4281804	1.330422	3.262379
21456	-3420.517	-3587.771	167.2539	0.4786141	1.330422	3.532988
21462	-3408.706	-3576.213	167.5067	0.4933911	1.275155	3.403023
21468	-3413.097	-3580.687	167.5898	0.428896	1.304974	3.403023
21474	-3398.918	-3566.635	167.7169	0.4318262	1.189607	3.393012
21480	-3411.681	-3578.657	166.976	0.419031	1.278421	3.785617
21486	-3406.301	-3573.739	167.438	0.4049123	1.295382	3.523587
21492	-3421.788	-3590.247	168.4593	0.3845766	1.370319	2.897408
21498	-3417.212	-3585.334	168.1224	0.3682118	1.370319	3.119193
21504	-3414.539	-3582.386	167.8464	0.3656387	1.370319	3.285853
21510	-3409.174	-3578.197	169.0229	0.4530846	1.394921	2.456753
21516	-3422.443	-3590.318	167.8746	0.4613838	1.332313	3.184714
21522	-3417.522	-3585.942	168.4209	0.4283896	1.459538	2.815981
21528	-3406.775	-3575.839	169.0638	0.3545303	1.445543	2.517939
21534	-3417.052	-3586.612	169.5593	0.3912792	1.627398	2.03582
21540	-3418.104	-3587.619	169.515	0.3912792	1.671703	2.03582
21546	-3414.636	-3583.852	169.2164	0.3151179	1.483553	2.452162
21552	-3415.711	-3585.287	169.5763	0.3417534	1.546451	2.144471
21558	-3416.935	-3586.415	169.4802	0.3417534	1.642514	2.144471
21564	-3408.799	-3578.702	169.9033	0.2825395	1.627982	1.963421
21570	-3420.546	-3590.631	170.0848	0.3592915	1.709753	1.662932
21576	-3419.531	-3589.605	170.0748	0.4304332	1.709753	1.569921
21582	-3428.898	-3598.442	169.5438	0.4509115	1.576368	2.006217
21588	-3424.279	-3593.139	168.8602	0.4023164	1.57736	2.502998
21594	-3426.47	-3595.096	168.6266	0.3798102	1.517352	2.711947
21600	-3423.249	-3592.426	169.1774	0.3810058	1.562808	2.338504
21606	-3433.86	-3601.954	168.0937	0.4086483	1.490346	3.017146
21612	-3430.531	-3597.522	166.9908	0.3404299	1.23436	3.892772
21618	-3423.192	-3590.784	167.5912	0.3301172	1.246775	3.551723
21624	-3425.575	-3592.743	167.1676	0.4280643	1.333142	3.633589
21630	-3420.595	-3588.158	167.5627	0.401568	1.195676	3.512792
21636	-3422.695	-3589.391	166.6959	0.3638321	1.135698	4.089695
21642	-3415.253	-3582.129	166.8763	0.43188	1.114041	3.923675
21648	-3419.563	-3586.83	167.2677	0.3490766	1.186322	3.750534
21654	-3422.678	-3587.938	165.2607	0.3273636	1.049983	4.988225
21660	-3421.864	-3589.496	167.6327	0.49355	1.239075	3.350137
21666	-3419.049	-3587.511	168.4619	0.4261323	1.364815	2.851146
21672	-3412.57	-3580.999	168.4289	0.3778857	1.289904	2.972271
21678	-3404.315	-3572.503	168.1881	0.5013684	1.245387	3.009067
21684	-3412.875	-3580.173	167.298	0.4068789	1.153484	3.685055
21690	-3413.869	-3581.107	167.2374	0.4897093	1.170983	3.624369
21696	-3413.336	-3581.185	167.8488	0.4584704	1.299394	3.2225
21702	-3423.854	-3592.662	168.808	0.4758226	1.424029	2.548145
21708	-3427.691	-3595.625	167.9331	0.3502843	1.329719	3.277437
21714	-3420.099	-3585.985	165.8867	0.3766864	1.093803	4.556175
21720	-3412.942	-3580.749	167.8064	0.4313185	1.233847	3.314978
21726	-3426.214	-3594.043	167.8293	0.2905904	1.323511	3.420535
21732	-3419.097	-3587.245	168.1473	0.3372336	1.379142	3.137795
21738	-3420.493	-3587.421	166.9283	0.3567861	1.319154	3.860126
21744	-3410.848	-3577.786	166.9381	0.3600847	1.149481	3.947875
21750	-3414.521	-3582.826	168.3053	0.4076361	1.288518	3.01243
21756	-3422.534	-3591.188	168.6541	0.3125174	1.317947	2.903521
21762	-3418.092	-3585.603	167.5108	0.4384418	1.219635	3.48896
21768	-3412.106	-3580.722	168.6162	0.4051891	1.342009	2.795141
21774	-3408.954	-3577.179	168.2249	0.3486426	1.291789	3.129104
21780	-3410.722	-3578.513	167.7916	0.4949532	1.284899	3.228044
21786	-3420.838	-3587.35	166.5121	0.3820999	1.170876	4.153241
21792	-3411.56	-3578.839	167.2799	0.4308624	1.229066	3.62586
21798	-3423.53	-3591.363	167.8334	0.3063935	1.182142	3.479232
21804	-3411.483	-3580.222	168.7394	0.4524454	1.33364	2.671675
21810	-3423.723	-3590.901	167.1785	0.5711255	1.137937	3.602657
21816	-3421.684	-3588.95	167.2657	0.4753705	1.140311	3.639806
21822	-3419.879	-3587.436	167.5566	0.3992662	1.167399	3.535387
21828	-3422.512	-3589.004	166.4922	0.4441905	1.124841	4.124091
21834	-3421.418	-3590.026	168.6078	0.4225876	1.336171	2.783819
21840	-3423.205	-3591.252	168.0468	0.4225876	1.27941	3.155353
21846	-3417.815	-3586.757	168.9415	0.3278961	1.435206	2.635619
21852	-3413.385	-3582.035	168.6505	0.3730731	1.368751	2.796372
21858	-3418.924	-3586.969	168.0453	0.3725506	1.440973	3.117757
21864	-3411.647	-3580.586	168.9387	0.384245	1.47694	2.53865
21870	-3416.281	-3585.749	169.4677	0.2934499	1.453772	2.343818
21876	-3412.096	-3580.182	168.0859	0.3125973	1.375401	3.208817
21882	-3413.553	-3581.934	168.3815	0.4509736	1.306278	2.907997
21888	-3409.767	-3578.372	168.6046	0.3176217	1.348587	2.907997
21894	-3414.807	-3582.986	168.1791	0.405214	1.303133	3.081928
21900	-3408.021	-3576.189	168.1685	0.3329713	1.329069	3.160461
21906	-3404.466	-3572.358	167.8918	0.3350583	1.250089	3.367755
21912	-3405.431	-3573.974	168.5425	0.3274919	1.329059	2.943989
21918	-3420.757	-3590.142	169.3847	0.3426274	1.481531	2.308641
21924	-3419.561	-3589.005	169.4444	0.5579727	1.509902	1.999296
21930	-3421.282	-3590.897	169.6152	0.505874	1.513407	1.937756
21936	-3424.137	-3593.208	169.0712	0.4201677	1.555942	2.36242
21942	-3431.718	-3601.124	169.4058	0.4201677	1.439834	2.222689
21948	-3425.079	-3594.491	169.4118	0.4307939	1.469967	2.186669
21954	-3421.421	-3590.446	169.0253	0.4374027	1.401949	2.468514
21960	-3421.42	-3589.75	168.3306	0.5795795	1.336109	2.794121
21966	-3426.576	-3595.171	168.5948	0.4154232	1.272884	2.838369
21972	-3421.032	-3589.551	168.5193	0.4674621	1.352347	2.778846
21978	-3427.619	-3593.793	166.1746	0.5033236	1.01545	4.30867
21984	-3414.74	-3582.279	167.5384	0.416287	1.207406	3.503796
21990	-3423.238	-3590.76	167.5218	0.3510263	1.35359	3.503796
21996	-3420.434	-3588.448	168.0138	0.3558785	1.412545	3.173756
22002	-3416.275	-3584.398	168.1228	0.3289498	1.357383	3.17599
22008	-3421.398	-3589.687	168.289	0.3804623	1.457645	2.952392
22014	-3423.906	-3591.464	167.5582	0.398274	1.397199	3.401312
22020	-3416.351	-3585.247	168.8959	0.4018485	1.426368	2.575329
22026	-3411.569	-3580.996	169.4267	0.4036894	1.470037	2.20982
22032	-3421.508	-3590.685	169.1763	0.4140613	1.499298	2.338908
22038	-3412.162	-3581.115	168.9534	0.3996192	1.484291	2.506174
22044	-3418.354	-3586.277	167.9227	0.3960781	1.264027	3.267725
22050	-3416.819	-3584.054	167.2351	0.4233492	1.116151	3.725146
22056	-3422.269	-3588.848	166.5785	0.3678155	1.119439	4.161064
22062	-3427.182	-3593.627	166.4451	0.4492448	1.14025	4.136988
22068	-3437.923	-3603.506	165.5821	0.4172568	1.004087	4.733071
22074	-3421.528	-3589.822	168.2942	0.3958419	1.425216	2.950576
22080	-3419.153	-3587.757	168.6042	0.4041298	1.300052	2.82917
22086	-3434.294	-3603.055	168.7606	0.4304977	1.291447	2.70884
22092	-3434.21	-3600.132	165.9222	0.3862935	1.198482	4.466623
22098	-3421.256	-3588.564	167.3078	0.3049495	1.136335	3.812277
22104	-3411.636	-3580.147	168.5105	0.3629275	1.408786	2.869631
22110	-3406.787	-3575.743	168.9553	0.346535	1.432545	2.603847
22116	-3409.717	-3578.825	169.1079	0.3255282	1.537563	2.471781
22122	-3406.843	-3575.695	168.8525	0.301006	1.506314	2.684053
22128	-3431.218	-3599.771	168.5532	0.5717953	1.338259	2.663682
22134	-3415.323	-3583.203	167.8795	0.3534704	1.337378	3.300578
22140	-3415.418	-3582.06	166.6419	0.4491804	1.165726	4.010334
22146	-3415.326	-3581.954	166.6276	0.4057675	1.26013	4.010334
22152	-3421.82	-3590.819	168.9994	0.3695375	1.522033	2.491068
22158	-3420.496	-3588.304	167.8084	0.3659852	1.255617	3.375283
22164	-3411.505	-3578.74	167.2354	0.3112257	1.278119	3.764033
22170	-3396.766	-3564.579	167.8125	0.3727829	1.230481	3.379501
22176	-3396.834	-3565.063	168.229	0.4208979	1.456514	2.942331
22182	-3407.304	-3575.917	168.6134	0.4867274	1.346753	2.704655
22188	-3409.364	-3578.112	168.7486	0.3195056	1.547669	2.696598
22194	-3406.412	-3576.177	169.7647	0.3952571	1.611077	1.903958
22200	-3418.216	-3588.153	169.9374	0.3062113	1.626169	1.903958
22206	-3419.914	-3589.568	169.6536	0.4058727	1.656074	1.934777
22212	-3416.977	-3586.278	169.3005	0.4028066	1.551069	2.240025
22218	-3418.4	-3587.788	169.3884	0.4287104	1.580599	2.132385
22224	-3418.542	-3587.617	169.0747	0.3600406	1.467044	2.490494
22230	-3413.637	-3582.589	168.9528	0.40719	1.413482	2.541633
22236	-3415.667	-3584.679	169.0122	0.2959639	1.5371	2.573762
22242	-3407.863	-3577.576	169.7139	0.4188017	1.68986	1.85428
22248	-3415.296	-3584.809	169.5132	0.4754094	1.571343	2.001535
22254	-3407.01	-3575.412	168.4022	0.3939815	1.307869	2.958369
22260	-3416.59	-3585.119	168.5286	0.3343793	1.303987	2.958369
22266	-3412.584	-3581.31	168.7255	0.3343793	1.391552	2.786154
22272	-3413.356	-3582.29	168.9344	0.3343793	1.427073	2.636265
22278	-3412.52	-3581.377	168.8571	0.3861954	1.397163	2.636265
22284	-3413.716	-3581.393	167.6773	0.3890831	1.231844	3.438915
22290	-3413.954	-3581.731	167.7762	0.2862026	1.309409	3.466021
22296	-3408.822	-3577.769	168.9468	0.4466004	1.350848	2.539105
22302	-3402.947	-3571.903	168.9559	0.4091333	1.46873	2.50297
22308	-3413.453	-3582.771	169.3181	0.4297965	1.479063	2.242467
22314	-3411.983	-3581.554	169.5708	0.4266589	1.558599	2.029302
22320	-3415.986	-3584.925	168.9393	0.403445	1.558601	2.463849
22326	-3408.527	-3577.362	168.8345	0.3840128	1.403512	2.648948
22332	-3410.532	-3579.599	169.0669	0.4642168	1.439429	2.388726
22338	-3416.983	-3585.176	168.1927	0.4304135	1.372435	3.004097
22344	-3416.073	-3583.863	167.7901	0.519667	1.245802	3.228073
22350	-3417.437	-3586.032	168.5948	0.4116959	1.297289	2.827843
22356	-3420.741	-3588.713	167.9726	0.3387571	1.297289	3.287788
22362	-3420.372	-3588.994	168.6228	0.3101534	1.418575	2.864856
22368	-3425.398	-3593.786	168.3874	0.4419547	1.341747	2.892753
22374	-3424.666	-3592.928	168.2625	0.3873976	1.280343	3.066351
22380	-3425.705	-3596.007	170.3018	0.5330402	1.917082	1.077201
22386	-3428.031	-3598.715	170.684	0.3428922	1.864909	1.093328
22392	-3420.219	-3590.361	170.1418	0.5408927	1.895781	1.226591
22398	-3411.269	-3581.652	170.3835	0.4228806	1.85487	1.226591
22404	-3428.296	-3598.448	170.1518	0.393216	1.841686	1.466549
22410	-3432.451	-3602.606	170.1544	0.3981269	1.789346	1.496915
22416	-3420.934	-3591.12	170.1863	0.3981269	1.740957	1.509223
22422	-3419.528	-3589.374	169.8467	0.3650453	1.680567	1.841689
22428	-3417.95	-3587.309	169.3584	0.4354685	1.603645	2.128815
22434	-3418.776	-3588.297	169.5208	0.4185329	1.603645	2.042583
22440	-3418.835	-3588.969	170.1338	0.3967745	1.653252	1.61434
22446	-3408.36	-3578.053	169.6936	0.3641577	1.602254	1.999425
22452	-3413.179	-3582.852	169.6727	0.3930028	1.577901	1.991114
22458	-3417.37	-3586.807	169.4373	0.4202202	1.491224	2.168983
22464	-3413.76	-3583.354	169.5944	0.3900714	1.530007	2.07854
22470	-3425.924	-3595.287	169.3628	0.4023918	1.46245	2.257492
22476	-3411.617	-3581.112	169.4952	0.5092434	1.487704	2.031487
22482	-3418.598	-3587.899	169.3013	0.4448319	1.459537	2.248258
22488	-3418.553	-3587.836	169.2827	0.4448319	1.43081	2.278674
22494	-3410.596	-3579.985	169.389	0.3773833	1.452245	2.278674
22500	-3418.07	-3587.889	169.819	0.3977454	1.528894	1.919522
22506	-3429.502	-3599.211	169.709	0.3977454	1.653536	1.909604
22512	-3411.227	-3578.925	167.6976	0.3912377	1.301914	3.383462
22518	-3426.915	-3594.949	168.0336	0.4261228	1.383096	3.097585
22524	-3419.913	-3587.776	167.8633	0.4718357	1.367992	3.159479
22530	-3426.896	-3595.281	168.385	0.3309084	1.439816	2.967567
22536	-3418.46	-3586.279	167.8195	0.3451009	1.362156	3.331711
22542	-3424.576	-3592.6	168.0242	0.4265062	1.412233	3.085388
22548	-3418.765	-3587.363	168.5975	0.4688197	1.447287	2.671434
22554	-3419.444	-3588.065	168.621	0.291065	1.303812	2.962023
22560	-3424.318	-3592.536	168.2179	0.3468109	1.292322	3.135237
22566	-3417.671	-3585.712	168.0406	0.4029815	1.310363	3.162629
22572	-3413.533	-3582.28	168.7466	0.3389434	1.311704	2.8159
22578	-3423.744	-3591.871	168.1267	0.3486425	1.313388	3.17462
22584	-3420.138	-3589.104	168.9657	0.4053215	1.366986	2.564734
22590	-3424.751	-3593.622	168.8715	0.3839659	1.474603	2.582194
22596	-3420.644	-3590.657	170.0129	0.4243272	1.71812	1.617101
22602	-3417.562	-3587.898	170.3356	0.3409378	1.719489	1.500701
22608	-3433.094	-3603.492	170.398	0.4073882	1.723065	1.34637
22614	-3415.354	-3585.737	170.3833	0.3708269	1.809616	1.34637
22620	-3415.125	-3585.134	170.0083	0.5140181	1.677184	1.536797
22626	-3412.987	-3583.196	170.2092	0.3488135	1.75308	1.557193
22632	-3414.238	-3584.53	170.2916	0.4888191	1.75308	1.290728
22638	-3416.479	-3586.687	170.2077	0.4073523	1.835933	1.407223
22644	-3398.627	-3568.932	170.3049	0.4311468	1.978432	1.17498
22650	-3412.354	-3582.805	170.4506	0.4183956	2.008174	1.036192
22656	-3417.876	-3588.352	170.4756	0.4688036	1.974329	0.954003
22662	-3427.748	-3598.213	170.4651	0.4688036	1.990641	0.947912
22668	-3421.001	-3591.318	170.3176	0.4974505	1.913804	1.118627
22674	-3409.92	-3580.435	170.5149	0.3983312	1.885855	1.125668
22680	-3411.132	-3581.649	170.5172	0.4101036	1.917471	1.07393
22686	-3409.206	-3579.63	170.4244	0.4123466	1.756978	1.290182
22692	-3417.946	-3588.285	170.339	0.3414209	1.870473	1.381662
22698	-3407.244	-3577.321	170.0775	0.4577942	1.714761	1.527973
22704	-3410.369	-3580.533	170.164	0.4163522	1.703413	1.527973
22710	-3414.687	-3584.419	169.7322	0.4558923	1.629059	1.837301
22716	-3414.314	-3584.199	169.8848	0.4472472	1.639439	1.734808
22722	-3422.341	-3592.071	169.7299	0.390969	1.707605	1.867648
22728	-3430.871	-3600.838	169.9676	0.390969	1.652932	1.740976
22734	-3424.037	-3593.865	169.8274	0.3973493	1.677458	1.812827
22740	-3413.143	-3583.03	169.8872	0.3855611	1.643063	1.811196
22746	-3417.599	-3587.732	170.1335	0.3920789	1.646542	1.625996
22752	-3412.442	-3582.605	170.1633	0.3182758	1.836569	1.578354
22758	-3415.965	-3585.621	169.6557	0.3182758	1.717887	2.01314
22764	-3411.555	-3581.464	169.9094	0.3946274	1.638192	1.786945
22770	-3418.485	-3587.991	169.5066	0.3946274	1.559322	2.111115
22776	-3407.82	-3577.426	169.6064	0.433057	1.510614	2.029735
22782	-3410.919	-3580.863	169.9437	0.5206184	1.620286	1.617948
22788	-3407.849	-3577.266	169.417	0.4869877	1.576595	2.048871
22794	-3412.951	-3582.344	169.393	0.4289695	1.679175	2.064324
22800	-3423.332	-3592.822	169.4907	0.3684108	1.512251	2.186145
22806	-3428.243	-3597.648	169.4044	0.376479	1.619994	2.161664
22812	-3421.219	-3589.87	168.6515	0.3880883	1.421517	2.745312
22818	-3426.731	-3596.063	169.3315	0.444953	1.454226	2.232132
22824	-3421.184	-3590.241	169.0575	0.4990832	1.455818	2.346766
22830	-3437.463	-3606.329	168.8666	0.3657917	1.349736	2.68487
22836	-3436.632	-3605.511	168.879	0.4472872	1.445637	2.521541
22842	-3426.219	-3595.214	168.995	0.4540044	1.553839	2.373142
22848	-3423.751	-3592.838	169.0862	0.4540044	1.511502	2.342126
22854	-3424.876	-3594.374	169.4981	0.3951307	1.648596	2.057321
22860	-3412.916	-3582.121	169.2058	0.4323006	1.479822	2.310993
22866	-3404.301	-3574.397	170.0956	0.3658811	1.680681	1.666292
22872	-3421.323	-3591.273	169.9502	0.4099951	1.796537	1.625121
22878	-3414.219	-3584.394	170.1752	0.4099951	1.751594	1.492562
22884	-3408.975	-3579	170.025	0.4279255	1.782581	1.556336
22890	-3420.662	-3590.591	169.929	0.4225625	1.683856	1.704001
22896	-3417.328	-3587.157	169.8295	0.3573673	1.646598	1.887477
22902	-3420.294	-3590.03	169.736	0.3909095	1.672492	1.887477
22908	-3419.797	-3589.939	170.1429	0.3316876	1.77241	1.618306
22914	-3410.226	-3580.255	170.0292	0.4151362	1.652243	1.665105
22920	-3416.158	-3586.16	170.0021	0.4716576	1.652243	1.611426
22926	-3412.724	-3582.769	170.0449	0.4137654	1.71718	1.608874
22932	-3411.461	-3581.525	170.0636	0.4760315	1.764889	1.47706
22938	-3416.992	-3587.106	170.1136	0.4546965	1.752062	1.47706
22944	-3407.246	-3577.515	170.2687	0.3366446	1.826943	1.47706
22950	-3407.05	-3577.218	170.1674	0.3857169	1.826943	1.47706
22956	-3410.216	-3580.126	169.9101	0.5641266	1.909619	1.374592
22962	-3413.555	-3583.754	170.1981	0.4940504	1.789656	1.329654
22968	-3416.342	-3586.526	170.1848	0.3945263	1.717231	1.53328
22974	-3419.849	-3590.054	170.2056	0.377469	1.730057	1.53328
22980	-3426.412	-3596.48	170.0675	0.3927967	1.741446	1.60408
22986	-3417.474	-3587.435	169.961	0.4733388	1.700619	1.60408
22992	-3423.606	-3592.837	169.2305	0.4656104	1.518326	2.232428
22998	-3428.823	-3597.788	168.9647	0.4766799	1.5498	2.369923
23004	-3425.306	-3594.714	169.4082	0.4002286	1.547414	2.175958
23010	-3411.12	-3579.391	168.2712	0.4174767	1.369475	2.97312
23016	-3419.075	-3586.934	167.859	0.3418315	1.14049	3.442662
23022	-3437.861	-3608.048	170.1873	0.3999962	1.925314	1.364267
23028	-3436.794	-3607.055	170.2607	0.4002623	1.843817	1.370264
23034	-3415.577	-3583.711	168.134	0.4568702	1.336649	3.032242
23040	-3413.867	-3582.8	168.9332	0.4568702	1.336649	2.54507
23046	-3420.799	-3590.201	169.4019	0.4176139	1.432873	2.232768
23052	-3415.224	-3584.256	169.0324	0.4067002	1.439029	2.47655
23058	-3421.111	-3588.447	167.336	0.4067002	1.210538	3.630211
23064	-3419.059	-3587.17	168.1108	0.4067002	1.285072	3.131674
23070	-3410.514	-3578.354	167.8407	0.4135029	1.286159	3.283444
23076	-3415.571	-3583.364	167.7934	0.3189266	1.255591	3.443072
23082	-3423.797	-3592.879	169.0826	0.2873526	1.442933	2.601109
23088	-3433.688	-3602.614	168.9263	0.3734407	1.387139	2.615445
23094	-3430.319	-3598.953	168.6342	0.5020477	1.338018	2.68156
23100	-3423.758	-3591.647	167.8889	0.4797339	1.255749	3.202826
23106	-3425.288	-3593.238	167.9504	0.4662918	1.201451	3.212264
23112	-3421.392	-3589.837	168.4455	0.3754574	1.43102	2.880084
23118	-3416.786	-3586.169	169.3828	0.3810211	1.446333	2.281792
23124	-3415.943	-3585.729	169.7863	0.3503312	1.552261	1.990103
23130	-3417.444	-3586.884	169.44	0.3503312	1.590941	2.192269
23136	-3419.807	-3588.811	169.004	0.4599269	1.56788	2.351944
23142	-3413.515	-3582.66	169.1448	0.4133801	1.637161	2.271855
23148	-3411.801	-3579.771	167.9703	0.4133801	1.36792	3.158449
23154	-3419.679	-3587.559	167.8807	0.4031301	1.260872	3.286382
23160	-3416.75	-3584.793	168.0427	0.4031301	1.381643	3.118816
23166	-3410.406	-3578.297	167.8906	0.3817615	1.237884	3.31864
23172	-3421.355	-3589.39	168.0352	0.4383125	1.278937	3.145387
23178	-3420.896	-3588.417	167.5209	0.4911078	1.252218	3.410415
23184	-3429.516	-3598.643	169.1271	0.5496563	1.403025	2.284449
23190	-3422.836	-3591.643	168.807	0.460419	1.419886	2.567898
23196	-3416.32	-3585.108	168.7881	0.4870889	1.497369	2.502918
23202	-3415.109	-3584.059	168.9495	0.4727525	1.419135	2.466095
23208	-3415.752	-3584.829	169.0761	0.4662636	1.419135	2.393458
23214	-3419.132	-3587.321	168.1896	0.4521822	1.273143	3.04193
23220	-3418.245	-3586.051	167.8055	0.5123293	1.28992	3.199909
23226	-3415.363	-3582.784	167.4203	0.3919282	1.199197	3.604437
23232	-3410.481	-3578.499	168.0172	0.3919282	1.29273	3.199653
23238	-3421.416	-3589.718	168.3023	0.466507	1.30818	2.938153
23244	-3421.972	-3590.802	168.8299	0.3796045	1.488916	2.604497
23250	-3412.022	-3580.736	168.7147	0.4403329	1.488916	2.604497
23256	-3415.537	-3584.054	168.5171	0.3412899	1.417084	2.888073
23262	-3415.963	-3584.655	168.6916	0.3478743	1.391916	2.788961
23268	-3406.673	-3574.467	167.7945	0.3355966	1.334111	3.374918
23274	-3418.788	-3587.372	168.5844	0.4487877	1.261371	2.814587
23280	-3418.257	-3587.793	169.5361	0.3889042	1.406694	2.198559
23286	-3416.466	-3585.96	169.494	0.3962326	1.434506	2.198559
23292	-3421.84	-3590.713	168.8738	0.3106814	1.361069	2.746406
23298	-3416.385	-3584.941	168.5558	0.3584937	1.332227	2.894074
23304	-3409.546	-3577.572	168.0262	0.3880549	1.283797	3.204101
23310	-3408.231	-3576.504	168.2732	0.3436107	1.304375	3.099152
23316	-3411.054	-3579.131	168.0768	0.3880154	1.444649	3.078434
23322	-3416.144	-3584.71	168.5661	0.3789194	1.495718	2.763234
23328	-3416.837	-3585.524	168.6872	0.3384753	1.458587	2.763234
23334	-3406.004	-3575.037	169.0323	0.3328774	1.493163	2.536663
23340	-3414.528	-3583.739	169.2109	0.4148826	1.51922	2.303221
23346	-3426.709	-3596.551	169.8414	0.369756	1.556525	1.923196
23352	-3433.647	-3603.122	169.475	0.3699458	1.632995	2.115712
23358	-3419.483	-3588.943	169.4606	0.3492775	1.569219	2.194454
23364	-3436.461	-3605.678	169.2166	0.3021325	1.495178	2.46339
23370	-3426.003	-3595.184	169.1803	0.3742796	1.4637	2.407984
23376	-3423.947	-3592.838	168.891	0.4496929	1.456885	2.504337
23382	-3416.516	-3585.816	169.3005	0.383153	1.553214	2.263291
23388	-3422.623	-3592.042	169.4197	0.334718	1.592398	2.226001
23394	-3418.229	-3586.594	168.3652	0.4491307	1.238564	2.960584
23400	-3417.09	-3585.846	168.756	0.3685447	1.45638	2.683846
23406	-3415.934	-3584.611	168.677	0.3171389	1.449395	2.803662
23412	-3405.05	-3573.979	168.9286	0.4265259	1.508867	2.474579
23418	-3417.064	-3586.596	169.5322	0.3454142	1.557144	2.161124
23424	-3421.341	-3590.953	169.612	0.4262133	1.522333	2.026584
23430	-3410.72	-3580.757	170.0372	0.3734989	1.661673	1.710301
23436	-3406.046	-3575.556	169.5098	0.369684	1.647738	2.083554
23442	-3419.214	-3588.983	169.7687	0.3878184	1.749227	1.816671
23448	-3422.002	-3591.878	169.8764	0.3419528	1.735604	1.816671
23454	-3427.72	-3596.861	169.1414	0.3403023	1.55518	2.41941
23460	-3425.31	-3593.914	168.604	0.44427	1.411801	2.715733
23466	-3416.549	-3585.529	168.9798	0.3636489	1.402567	2.58516
23472	-3415.136	-3584.081	168.945	0.4306818	1.366033	2.548744
23478	-3409.92	-3579.215	169.2948	0.4888377	1.583304	2.12278
23484	-3409.966	-3579.33	169.3639	0.325527	1.515786	2.323782
23490	-3413.793	-3583.369	169.5758	0.3572401	1.496589	2.156004
23496	-3415.197	-3584.433	169.235	0.3202155	1.441825	2.459486
23502	-3414.375	-3583.671	169.2961	0.3361732	1.394687	2.428649
23508	-3427.649	-3596.437	168.788	0.4935749	1.464787	2.516557
23514	-3428.224	-3597.542	169.3184	0.3903912	1.461985	2.3011
23520	-3422.129	-3591.541	169.4124	0.39217	1.491464	2.219597
23526	-3413.931	-3583.41	169.4789	0.3457105	1.571911	2.185741
23532	-3416.946	-3586.496	169.5497	0.3457105	1.501118	2.185741
23538	-3431.701	-3601.479	169.7776	0.3791669	1.636299	1.899602
23544	-3428.247	-3597.263	169.0163	0.359183	1.285646	2.640547
23550	-3419.708	-3589.181	169.4733	0.3593687	1.538389	2.192512
23556	-3419.467	-3588.554	169.0869	0.4814679	1.538389	2.294243
23562	-3418.596	-3586.986	168.3897	0.3912833	1.38372	2.923422
23568	-3422.851	-3591.608	168.7578	0.4201792	1.388663	2.662571
23574	-3427.683	-3596.792	169.1089	0.4649071	1.460527	2.347938
23580	-3420.593	-3589.108	168.5157	0.3859181	1.429436	2.825861
23586	-3433.08	-3601.85	168.7696	0.4470988	1.403625	2.615728
23592	-3433.34	-3601.296	167.9559	0.4522089	1.321988	3.152112
23598	-3435.384	-3602.648	167.2648	0.3986855	1.312572	3.621264
23604	-3416.839	-3586.16	169.3203	0.3598598	1.445494	2.349572
23610	-3420.26	-3587.502	167.2418	0.3796571	1.297381	3.665075
23616	-3417.674	-3585.6	167.9261	0.3499137	1.331198	3.281173
23622	-3419.597	-3587.862	168.2647	0.3109102	1.290806	3.155168
23628	-3413.637	-3581.45	167.8129	0.3668247	1.3812	3.297752
23634	-3411.207	-3578.933	167.7255	0.4782761	1.261002	3.297752
23640	-3416.589	-3584.115	167.5257	0.3989435	1.28309	3.486308
23646	-3417.338	-3585.893	168.5552	0.4160853	1.311055	2.838486
23652	-3416.055	-3585.256	169.2009	0.4480364	1.502956	2.281152
23658	-3407.048	-3576.128	169.0799	0.3983488	1.498199	2.419595
23664	-3424.285	-3593.806	169.5209	0.3303859	1.541733	2.199503
23670	-3420.568	-3588.825	168.2573	0.3564214	1.428605	3.018273
23676	-3427.434	-3595.733	168.2986	0.3720273	1.35529	3.018273
23682	-3425.362	-3595.072	169.7096	0.4693551	1.493759	1.928822
23688	-3414.28	-3583.821	169.5413	0.5216101	1.555045	1.942278
23694	-3414.376	-3583.779	169.403	0.4124275	1.423518	2.24435
23700	-3413.897	-3583.187	169.2897	0.4255657	1.512297	2.24435
23706	-3412.859	-3582.529	169.6705	0.3695899	1.505116	2.071756
23712	-3408.965	-3578.039	169.0743	0.344688	1.34193	2.588747
23718	-3406.893	-3575.152	168.2592	0.4485381	1.328265	2.971
23724	-3412.709	-3581.042	168.3328	0.4614861	1.32775	2.913235
23730	-3413.659	-3582.095	168.4352	0.364777	1.400891	2.917582
23736	-3406.864	-3575.112	168.2484	0.3794864	1.306427	3.068565
23742	-3420.412	-3587.603	167.1916	0.3716812	1.226627	3.744225
23748	-3407.527	-3575.364	167.8374	0.4696092	1.226627	3.260771
23754	-3410.51	-3579.206	168.6959	0.3483435	1.381929	2.791779
23760	-3417.937	-3585.594	167.6572	0.4517777	1.325782	3.326973
23766	-3413.78	-3581.999	168.219	0.466455	1.285564	3.001889
23772	-3409.717	-3577.822	168.1054	0.3949592	1.236048	3.177451
23778	-3415.664	-3583.485	167.8207	0.3971978	1.267753	3.324381
23784	-3414.796	-3582.43	167.6345	0.3316015	1.23311	3.532584
23790	-3417.437	-3585.541	168.1042	0.4247183	1.30394	3.104237
23796	-3421.605	-3589.667	168.0612	0.4641945	1.294281	3.093383
23802	-3417.595	-3585.849	168.2538	0.3529826	1.313645	3.093383
23808	-3410.605	-3578.955	168.3502	0.3946017	1.30995	2.987645
23814	-3420.715	-3588.91	168.1948	0.4956144	1.297001	2.979799
23820	-3411.468	-3579.826	168.358	0.4013706	1.30213	2.979799
23826	-3417.238	-3585.798	168.5599	0.4355472	1.396914	2.761458
23832	-3424.814	-3594.06	169.2459	0.5248344	1.394461	2.238719
23838	-3412.26	-3581.369	169.1087	0.4221734	1.415448	2.425164
23844	-3412.117	-3581.248	169.1304	0.3855003	1.497181	2.40423
23850	-3430.836	-3599.418	168.5822	0.3820333	1.537309	2.724175
23856	-3422.087	-3589.761	167.6738	0.3998148	1.174445	3.462316
23862	-3423.009	-3591.729	168.7205	0.3989016	1.395298	2.70619
23868	-3416.418	-3585.489	169.0708	0.4586205	1.411894	2.409788
23874	-3413.822	-3582.73	168.9083	0.3921185	1.473476	2.550064
23880	-3417.652	-3586.228	168.5765	0.3642507	1.401807	2.832188
23886	-3412.842	-3580.728	167.8863	0.3482401	1.389698	3.272232
23892	-3410.789	-3578.843	168.0537	0.3816632	1.329251	3.168362
23898	-3419.627	-3588.143	168.5154	0.3816632	1.304702	2.906666
23904	-3422.911	-3589.971	167.0596	0.3294852	1.209672	3.881086
23910	-3415.626	-3582.519	166.8933	0.4372494	1.020848	3.961705
23916	-3428.389	-3595.175	166.786	0.4991668	1.169449	3.876603
23922	-3415.782	-3583.672	167.8893	0.3021936	1.250616	3.412136
23928	-3399.906	-3568.062	168.1553	0.3896785	1.324552	3.101293
23934	-3411.72	-3579.744	168.0237	0.3978362	1.301732	3.183653
23940	-3411.212	-3579.169	167.9565	0.4238037	1.26143	3.218234
23946	-3417.48	-3585.166	167.6859	0.3718671	1.335213	3.393425
23952	-3415.956	-3584.223	168.267	0.5142439	1.225547	2.960972
23958	-3406.564	-3573.953	167.3892	0.366398	1.171916	3.667883
23964	-3409.056	-3575.871	166.8149	0.361538	1.120441	4.033194
23970	-3419.45	-3587.567	168.1169	0.3978885	1.323579	3.115217
23976	-3416.931	-3585.164	168.2333	0.3856737	1.336419	3.052352
23982	-3423.134	-3591.008	167.8742	0.3856737	1.267872	3.306083
23988	-3412.299	-3581.796	169.497	0.3942431	1.530386	2.136802
23994	-3417.238	-3586.955	169.7169	0.4948289	1.458462	1.918529
24000	-3408.565	-3578.392	169.8272	0.3750893	1.626119	1.878323
24006	-3409.927	-3579.654	169.7272	0.3737683	1.609697	1.958857
24012	-3419.303	-3589.29	169.9868	0.3496381	1.698005	1.754751
24018	-3428.375	-3598.277	169.9024	0.3666096	1.747247	1.754751
24024	-3414.035	-3583.983	169.9481	0.3666096	1.60902	1.818954
24030	-3424.47	-3594.525	170.0548	0.3805403	1.584989	1.741937
24036	-3426.068	-3595.662	169.5941	0.5458678	1.621508	1.835158
24042	-3415.474	-3585.738	170.264	0.402397	1.761541	1.428531
24048	-3409.279	-3579.693	170.4141	0.4603488	1.807878	1.18286
24054	-3412.149	-3582.414	170.2646	0.4550348	1.825921	1.300744
24060	-3414.535	-3583.896	169.3608	0.4083599	1.478054	2.241421
24066	-3410.903	-3580.558	169.6547	0.4090844	1.576657	1.983254
24072	-3413.072	-3583.018	169.9468	0.4299319	1.697584	1.67194
24078	-3413.359	-3583.278	169.9191	0.4784359	1.671869	1.648773
24084	-3409.384	-3578.967	169.583	0.4529662	1.48843	2.036205
24090	-3407.366	-3576.912	169.5461	0.2990787	1.541231	2.229213
24096	-3406.371	-3575.959	169.5874	0.4357971	1.51303	2.037361
24102	-3407.489	-3576.763	169.2742	0.4357971	1.633646	2.163796
24108	-3414.316	-3583.977	169.6608	0.4374932	1.639387	1.901438
24114	-3417.818	-3587.957	170.1393	0.3693167	1.670273	1.637433
24120	-3412.371	-3582.462	170.0911	0.5305254	1.675717	1.455774
24126	-3406.266	-3576.253	169.9871	0.4420026	1.692466	1.630967
24132	-3411.615	-3581.879	170.2632	0.4165939	1.754489	1.413774
24138	-3406.819	-3577.105	170.2862	0.4085176	1.844071	1.337281
24144	-3418.121	-3588.245	170.1241	0.4426388	1.844071	1.415089
24150	-3421.645	-3591.983	170.3386	0.3931765	1.844071	1.319015
24156	-3408.867	-3578.897	170.0304	0.4681389	1.707337	1.554966
24162	-3416.762	-3586.52	169.7577	0.4114845	1.500603	1.962161
24168	-3407.936	-3577.595	169.6593	0.3935724	1.596898	1.98663
24174	-3409.568	-3579.524	169.9556	0.4177286	1.72435	1.662688
24180	-3415.973	-3586.072	170.0988	0.4451231	1.72435	1.521688
24186	-3416.919	-3587.257	170.3385	0.3592396	1.841782	1.375088
24192	-3427.938	-3597.986	170.0486	0.4091968	1.769964	1.573985
24198	-3424.388	-3594.457	170.0685	0.3857468	1.714837	1.632583
24204	-3415.854	-3585.749	169.8957	0.4947777	1.690245	1.632583
24210	-3420.899	-3590.758	169.8584	0.3546326	1.638117	1.877499
24216	-3424.925	-3595.078	170.1524	0.3852481	1.711487	1.574763
24222	-3410.955	-3580.482	169.526	0.3752589	1.743054	2.002199
24228	-3407.825	-3577.263	169.4382	0.3752589	1.693529	2.093074
24234	-3411.589	-3581.245	169.6569	0.3152422	1.602625	2.093074
24240	-3420.862	-3590.671	169.8091	0.3065366	1.635112	1.98381
24246	-3419.147	-3588.488	169.3405	0.3899691	1.628368	2.180291
24252	-3411.616	-3580.911	169.2951	0.3530299	1.546962	2.31004
24258	-3416.804	-3585.877	169.0731	0.3888681	1.546693	2.404947
24264	-3409.555	-3579.547	169.992	0.4071526	1.707043	1.663323
24270	-3407.513	-3577.381	169.8683	0.4091278	1.774397	1.700717
24276	-3413.269	-3582.531	169.2623	0.4714553	1.446111	2.251886
24282	-3435.222	-3603.84	168.6175	0.3643872	1.456132	2.774005
24288	-3440.113	-3608.959	168.846	0.368936	1.448766	2.632608
24294	-3423.832	-3592.355	168.5231	0.3833606	1.44388	2.815624
24300	-3425.308	-3592.689	167.3812	0.3749574	1.084171	3.713205
24306	-3420.509	-3587.647	167.1382	0.4461028	1.192195	3.713205
24312	-3404.913	-3574.045	169.1317	0.4027494	1.484416	2.390271
24318	-3413.728	-3582.632	168.9038	0.3179745	1.396364	2.696272
24324	-3410.486	-3576.159	165.6735	0.4089061	1.01874	4.682536
24330	-3402.755	-3568.879	166.1238	0.3773084	1.165172	4.381832
24336	-3418.011	-3586.15	168.1397	0.4323872	1.423592	3.003068
24342	-3422.773	-3589.903	167.1293	0.337434	1.277607	3.792
24348	-3426.855	-3592.422	165.5666	0.3960077	1.178651	4.666762
24354	-3419.058	-3586.708	167.6498	0.3960077	1.329872	3.389674
24360	-3423.986	-3594.235	170.2497	0.3931382	1.810993	1.415206
24366	-3422.49	-3592.701	170.2111	0.3931382	1.810966	1.44492
24372	-3421.776	-3591.899	170.1235	0.4310247	1.816594	1.452817
24378	-3428.509	-3598.972	170.4629	0.3147237	1.649775	1.500727
24384	-3427.211	-3597.072	169.8606	0.4771447	1.649775	1.707774
24390	-3416.93	-3584.292	167.3618	0.4567264	1.275538	3.524195
24396	-3418.007	-3585.779	167.7719	0.360041	1.316433	3.368171
24402	-3419.336	-3587.207	167.8703	0.3707923	1.354364	3.274942
24408	-3419.76	-3587.488	167.7274	0.3742525	1.269501	3.404796
24414	-3416.604	-3585.014	168.4107	0.5355165	1.355293	2.77475
24420	-3421.367	-3587.668	166.3013	0.3497802	1.192849	4.297848
24426	-3424.145	-3591.202	167.0572	0.3452478	1.380651	3.764529
24432	-3426.802	-3595.729	168.9276	0.4012278	1.483131	2.521059
24438	-3419.629	-3588.92	169.2914	0.4855811	1.454318	2.212333
24444	-3419.839	-3589.574	169.7355	0.4794716	1.538082	1.869377
24450	-3404.421	-3574.268	169.8475	0.3679928	1.633288	1.869377
24456	-3402.938	-3572.696	169.7574	0.4464299	1.664499	1.807099
24462	-3409.807	-3579.574	169.7666	0.4581721	1.634337	1.807189
24468	-3405.539	-3575.611	170.0729	0.358383	1.666662	1.703414
24474	-3404.518	-3573.962	169.4435	0.358383	1.589022	2.180317
24480	-3420.706	-3590.487	169.7808	0.3272732	1.605011	1.991688
24486	-3410.588	-3579.112	168.5241	0.4879428	1.408409	2.720318
24492	-3404.182	-3573.073	168.8918	0.4580903	1.428149	2.512495
24498	-3421.763	-3590.988	169.2243	0.3856106	1.556003	2.307191
24504	-3422.031	-3591.241	169.2098	0.3967235	1.510544	2.331501
24510	-3420.965	-3590.135	169.1698	0.408145	1.505781	2.346042
24516	-3405.223	-3574.238	169.015	0.3951931	1.391012	2.531279
24522	-3400.202	-3568.686	168.4843	0.4568002	1.453219	2.750024
24528	-3406.636	-3575.408	168.7714	0.3440797	1.38399	2.750024
24534	-3415.87	-3584.828	168.9577	0.4142839	1.381659	2.550025
24540	-3413.185	-3582.01	168.8253	0.3734834	1.411171	2.662891
24546	-3410.611	-3579.591	168.9805	0.3259273	1.3563	2.662891
24552	-3419.293	-3586.313	167.0198	0.4021298	1.169394	3.841536
24558	-3415.387	-3583.81	168.4228	0.3286088	1.382241	2.982473
24564	-3422.317	-3588.941	166.6244	0.4199739	1.179	4.043164
24570	-3414.818	-3584.097	169.2788	0.4089143	1.581713	2.226753
24576	-3419.115	-3588.333	169.2179	0.3383	1.564083	2.368181
24582	-3410.908	-3580.326	169.4179	0.3808726	1.588722	2.167453
24588	-3407.263	-3576.762	169.4984	0.3328446	1.608229	2.167453
24594	-3420.422	-3589.944	169.5214	0.3819667	1.637206	2.066542
24600	-3414.56	-3584.481	169.9203	0.3289494	1.700519	1.830028
24606	-3430.966	-3599.985	169.0187	0.4364973	1.471658	2.429855
24612	-3407.992	-3577.193	169.2012	0.4208968	1.611291	2.243198
24618	-3402.966	-3572.463	169.4964	0.4208968	1.539751	2.097881
24624	-3412.959	-3582.541	169.5822	0.3435697	1.527175	2.150622
24630	-3410.633	-3580.335	169.7015	0.4846232	1.513859	1.903073
24636	-3414.42	-3584.665	170.2454	0.4049062	1.729524	1.46353
24642	-3405.786	-3575.863	170.0763	0.3959113	1.754542	1.58371
24648	-3409.994	-3579.849	169.8548	0.4173865	1.578699	1.835729
24654	-3415.453	-3585.352	169.8983	0.3808718	1.619976	1.825893
24660	-3413.557	-3582.956	169.399	0.436192	1.650356	2.070697
24666	-3420.255	-3590.177	169.9218	0.3741697	1.733658	1.739939
24672	-3427.336	-3596.76	169.4239	0.3741697	1.697637	2.10119
24678	-3430.581	-3600.529	169.9476	0.4323882	1.693247	1.671203
24684	-3427.729	-3596.696	168.9666	0.4621368	1.645249	2.324049
24690	-3440.262	-3608.793	168.5312	0.2990636	1.299048	3.007486
24696	-3422.324	-3590.279	167.9547	0.401718	1.301923	3.219996
24702	-3421.944	-3589.943	167.9983	0.4318547	1.290197	3.167591
24708	-3415.521	-3583.674	168.153	0.4375941	1.319364	3.051845
24714	-3413.32	-3581.518	168.1972	0.3771492	1.390358	3.051845
24720	-3411.885	-3580.496	168.611	0.310612	1.493397	2.826001
24726	-3419.21	-3587.842	168.6318	0.3529185	1.42571	2.798302
24732	-3413.244	-3581.742	168.4979	0.3902086	1.467556	2.808359
24738	-3427.601	-3596.066	168.4642	0.4384156	1.41052	2.808359
24744	-3415.833	-3585.179	169.3453	0.394818	1.718122	2.112532
24750	-3420.087	-3590.052	169.9648	0.398628	1.719802	1.685229
24756	-3410.512	-3580.471	169.959	0.3136942	1.598117	1.896783
24762	-3426.437	-3595.917	169.48	0.4700614	1.554095	2.041126
24768	-3413.154	-3582.865	169.7114	0.3818915	1.574655	1.98202
24774	-3433.802	-3603.258	169.4562	0.3322118	1.454927	2.294353
24780	-3424.043	-3593.011	168.9678	0.3219854	1.454927	2.615248
24786	-3423.64	-3592.117	168.477	0.4324653	1.28511	2.883191
24792	-3433.246	-3601.881	168.635	0.3618623	1.270625	2.879241
24798	-3429.471	-3597.933	168.4619	0.4525424	1.270625	2.879241
24804	-3426.002	-3595.762	169.7598	0.3504903	1.725178	1.891256
24810	-3415.624	-3584.324	168.7002	0.3997137	1.463309	2.675923
24816	-3419.602	-3587.938	168.336	0.3394937	1.272785	3.085824
24822	-3414.977	-3583.159	168.182	0.3806288	1.273899	3.126206
24828	-3427.566	-3593.809	166.2433	0.437586	1.084143	4.295185
24834	-3427.371	-3596.258	168.8868	0.330559	1.484333	2.635463
24840	-3429.652	-3598.213	168.5614	0.3675425	1.399053	2.838949
24846	-3423.797	-3592.658	168.8618	0.3423375	1.532087	2.605687
24852	-3415.245	-3584.023	168.7785	0.4184908	1.528298	2.565404
24858	-3418.557	-3586.515	167.9578	0.4848861	1.4269	3.054803
24864	-3409.601	-3579.607	170.006	0.3601173	1.667326	1.747485
24870	-3421.895	-3592.141	170.2454	0.3883344	1.860743	1.387167
24876	-3416.39	-3586.727	170.3372	0.3883344	1.873009	1.304366
24882	-3444.187	-3614.637	170.4503	0.378131	1.767114	1.314956
24888	-3415.504	-3585.747	170.2427	0.3848383	1.812807	1.431805
24894	-3421.945	-3592.402	170.4567	0.393413	1.883363	1.187615
24900	-3411.267	-3581.449	170.1828	0.4554099	1.851392	1.345524
24906	-3411.604	-3581.758	170.1536	0.4502865	1.660543	1.5215
24912	-3419.724	-3588.965	169.2404	0.4272407	1.574815	2.233844
24918	-3409.071	-3578.321	169.2495	0.38075	1.555336	2.297678
24924	-3410.414	-3579.407	168.9928	0.353865	1.50918	2.523358
24930	-3406.445	-3575.347	168.9014	0.3496173	1.540389	2.566366
24936	-3413.653	-3581.312	167.6588	0.3467508	1.303643	3.458229
24942	-3407.559	-3574.403	166.8445	0.3243323	1.306102	3.955612
24948	-3413.785	-3581.617	167.8315	0.3722157	1.351131	3.298048
24954	-3415.112	-3583.738	168.6254	0.3984418	1.389436	2.768502
24960	-3427.503	-3594.921	167.4185	0.4073836	1.189182	3.594007
24966	-3422.745	-3589.587	166.8424	0.447817	1.149875	3.906098
24972	-3415.156	-3583.495	168.3382	0.3511705	1.270453	3.071101
24978	-3419.287	-3587.333	168.046	0.3955822	1.283632	3.183769
24984	-3422.734	-3590.286	167.553	0.4832626	1.298835	3.372002
24990	-3416.251	-3584.664	168.4134	0.4197101	1.369295	2.885016
24996	-3425.378	-3593.776	168.3979	0.3026283	1.347383	3.053434
25002	-3419.36	-3587.481	168.1212	0.4270466	1.367758	3.053434
25008	-3421.643	-3590.824	169.1811	0.3553954	1.544274	2.381024
25014	-3423.012	-3592.545	169.5329	0.3822689	1.622335	2.068367
25020	-3412.303	-3582.093	169.7897	0.372674	1.753616	1.81999
25026	-3406.984	-3577.138	170.1537	0.3119447	1.825625	1.60374
25032	-3416.919	-3586.997	170.0779	0.3947938	1.806404	1.54597
25038	-3427.86	-3597.627	169.7676	0.4374793	1.789281	1.724194
25044	-3425.205	-3594.998	169.7925	0.3603025	1.736909	1.846931
25050	-3406.48	-3575.897	169.4174	0.3603025	1.577755	2.201955
25056	-3401.016	-3570.314	169.2983	0.3667542	1.684748	2.201263
25062	-3406.076	-3574.363	168.2867	0.347078	1.482686	2.979959
25068	-3411.08	-3579.861	168.7803	0.3953493	1.437427	2.647744
25074	-3400.527	-3569.537	169.0107	0.428988	1.457353	2.452557
25080	-3407.128	-3575.344	168.2154	0.5018267	1.366784	2.919179
25086	-3415.686	-3583.983	168.2969	0.3735505	1.450144	2.960503
25092	-3421.905	-3589.207	167.3014	0.3943412	1.209185	3.664864
25098	-3415.206	-3582.802	167.5963	0.4922884	1.209185	3.390258
25104	-3411.175	-3578.889	167.7136	0.3580308	1.2888	3.421002
25110	-3411.869	-3580.463	168.5935	0.3731174	1.378415	2.825091
25116	-3415.812	-3583.394	167.5816	0.3908687	1.308256	3.448107
25122	-3414.97	-3582.111	167.1409	0.3880132	1.230688	3.75232
25128	-3415.141	-3582.511	167.3698	0.4371092	1.192956	3.587983
25134	-3420.49	-3588.412	167.9219	0.4371092	1.40062	3.141687
25140	-3417.291	-3586.414	169.1228	0.3534837	1.617914	2.373862
25146	-3415.674	-3584.366	168.6922	0.3728459	1.446159	2.723908
25152	-3417.771	-3585.575	167.8045	0.3728459	1.293957	3.346839
25158	-3416.53	-3584.195	167.6652	0.391819	1.260954	3.425779
25164	-3413.39	-3582.575	169.185	0.391819	1.450429	2.391472
25170	-3401.338	-3570.472	169.1337	0.3738432	1.441975	2.451567
25176	-3410.451	-3579.969	169.5174	0.3883543	1.570422	2.10481
25182	-3415.646	-3585.285	169.6389	0.38606	1.589516	2.014977
25188	-3424.049	-3593.901	169.8524	0.4029539	1.671741	1.792048
25194	-3419.138	-3589.118	169.9802	0.3561399	1.724832	1.731049
25200	-3406.801	-3576.125	169.3241	0.3427814	1.579042	2.284874
25206	-3411.002	-3579.65	168.6486	0.3585796	1.490269	2.741458
25212	-3426.545	-3595.036	168.4904	0.3023288	1.44001	2.942733
25218	-3412.608	-3581.124	168.5161	0.3054871	1.359846	2.971152
25224	-3420.668	-3589.304	168.6359	0.3191467	1.450134	2.825435
25230	-3421.184	-3589.392	168.2082	0.4188386	1.322018	3.03789
25236	-3425.356	-3592.962	167.606	0.4188386	1.277892	3.420295
25242	-3415.493	-3583.267	167.7738	0.4188386	1.224457	3.353255
25248	-3423.807	-3591.614	167.8062	0.3892994	1.24854	3.353255
25254	-3409.611	-3578.145	168.5345	0.4721315	1.309015	2.791136
25260	-3403.068	-3571.955	168.8869	0.4174239	1.513374	2.508379
25266	-3412.006	-3580.408	168.4022	0.4164997	1.387973	2.884091
25272	-3426.223	-3595.632	169.4092	0.6367818	1.51384	1.943183
25278	-3407.872	-3577.704	169.8328	0.3756258	1.568358	1.913026
25284	-3409.429	-3579.007	169.578	0.3782896	1.585067	2.06846
25290	-3413.245	-3582.856	169.6104	0.3782896	1.552693	2.06846
25296	-3411.468	-3581.394	169.9259	0.3660496	1.567464	1.863518
25302	-3418.554	-3587.858	169.3035	0.3660496	1.522308	2.303231
25308	-3425.077	-3594.124	169.0477	0.4887617	1.52593	2.319332
25314	-3422.606	-3591.681	169.0748	0.4877234	1.482933	2.330544
25320	-3417.462	-3586.742	169.2798	0.3550599	1.533175	2.325896
25326	-3434.606	-3603.132	168.5255	0.3075238	1.434466	2.917734
25332	-3427.922	-3597.142	169.2202	0.6173732	1.430634	2.14154
25338	-3426.431	-3595.659	169.2289	0.5423313	1.4604	2.189263
25344	-3412.675	-3581.783	169.1077	0.5312954	1.412903	2.308934
25350	-3417.559	-3586.603	169.0434	0.5729601	1.412903	2.308934
25356	-3413.228	-3582.732	169.5046	0.4507841	1.458416	2.110205
25362	-3410.599	-3580.378	169.7787	0.4130761	1.525184	1.929475
25368	-3432.346	-3601.751	169.4052	0.4863185	1.551202	2.07415
25374	-3429.837	-3598.359	168.5215	0.2806384	1.466659	2.938987
25380	-3421.257	-3589.618	168.3609	0.2881718	1.56882	2.963245
25386	-3419.693	-3588.759	169.0661	0.4234987	1.545731	2.368206
25392	-3411.819	-3580.858	169.0386	0.4178468	1.489695	2.427649
25398	-3429.707	-3598.649	168.9425	0.3709661	1.489675	2.544938
25404	-3419.395	-3588.289	168.8937	0.3651214	1.489675	2.582612
25410	-3419.527	-3585.931	166.4045	0.3204336	1.183745	4.280608
25416	-3413.773	-3580.952	167.1798	0.3512815	1.367525	3.693977
25422	-3416.661	-3584.498	167.8369	0.4159674	1.407064	3.21148
25428	-3422.421	-3588.954	166.5321	0.3482986	1.18236	4.174697
25434	-3421.247	-3588.825	167.5788	0.3779946	1.210899	3.521467
25440	-3430.055	-3597.426	167.3708	0.4015049	1.289698	3.569836
25446	-3439.074	-3606.651	167.5771	0.3583643	1.219042	3.541005
25452	-3446.157	-3616.571	170.4141	0.4617685	1.869363	1.12641
25458	-3432.848	-3603.137	170.2893	0.4543536	2.009772	1.124081
25464	-3415.872	-3585.492	169.6208	0.4511441	1.591078	1.944573
25470	-3419.718	-3590.042	170.3246	0.4420946	2.07095	1.055154
25476	-3424.015	-3594.357	170.3421	0.4824485	2.090116	0.9481052
25482	-3422.025	-3592.568	170.5434	0.3780326	2.10462	0.9225313
25488	-3419.672	-3590.129	170.4572	0.44568	2.12011	0.8571029
25494	-3417.527	-3587.916	170.389	0.3788354	1.849556	1.296627
25500	-3422.355	-3592.192	169.8372	0.5466967	1.80294	1.53195
25506	-3421.115	-3591.04	169.9254	0.4919157	1.80294	1.53195
25512	-3413.073	-3581.496	168.4228	0.3684188	1.371703	2.938176
25518	-3414.776	-3583.496	168.7196	0.4197373	1.292701	2.745339
25524	-3412.307	-3581.45	169.1426	0.3731861	1.459562	2.435795
25530	-3420.181	-3588.622	168.4411	0.3731861	1.417273	2.893817
25536	-3430.147	-3598.768	168.6209	0.5486985	1.425074	2.590022
25542	-3420.532	-3589.697	169.1653	0.3967256	1.480111	2.379062
25548	-3418.773	-3587.68	168.9079	0.3967256	1.413524	2.582012
25554	-3422.018	-3590.085	168.0664	0.3149573	1.370806	3.219897
25560	-3417.664	-3585.025	167.3604	0.3668851	1.330157	3.592218
25566	-3415.185	-3583.331	168.1468	0.37029	1.332	3.124937
25572	-3406.918	-3575.13	168.2126	0.419286	1.290691	3.053503
25578	-3409.168	-3577.766	168.598	0.301785	1.399836	2.902823
25584	-3402.272	-3571.069	168.7968	0.3150236	1.399836	2.763728
25590	-3401.804	-3570.004	168.2003	0.3150236	1.372605	3.139281
25596	-3412.694	-3580.866	168.1718	0.4412976	1.36771	3.007595
25602	-3425.04	-3593.402	168.362	0.3150409	1.378367	3.039367
25608	-3418.007	-3585.801	167.7937	0.4985183	1.256522	3.240048
25614	-3420.337	-3588.219	167.8825	0.4103606	1.264223	3.275172
25620	-3423.264	-3590.157	166.8933	0.4161178	1.260913	3.846398
25626	-3409.534	-3576.968	167.434	0.3206874	1.272247	3.64029
25632	-3418.879	-3586.881	168.002	0.3645146	1.314903	3.227997
25638	-3415.232	-3583.452	168.22	0.4270032	1.373086	2.991124
25644	-3418.166	-3584.593	166.4273	0.3810906	1.193356	4.189807
25650	-3428.574	-3594.892	166.3185	0.456255	1.161492	4.189807
25656	-3419.224	-3587.25	168.0258	0.4268431	1.280657	3.162428
25662	-3421.247	-3589.221	167.9741	0.3744181	1.433366	3.162428
25668	-3414.403	-3583.041	168.6384	0.3744181	1.381797	2.794121
25674	-3420.305	-3589.501	169.1957	0.3744181	1.47012	2.394032
25680	-3414.149	-3581.497	167.3479	0.5090917	1.118771	3.571901
25686	-3419.22	-3586.404	167.1838	0.4797852	1.02824	3.747646
25692	-3415.942	-3583.263	167.3211	0.4962606	1.159834	3.575911
25698	-3427.546	-3593.441	165.8956	0.3795746	1.185186	4.496555
25704	-3412.784	-3579.271	166.4865	0.3802948	1.217465	4.14334
25710	-3420.467	-3588.003	167.5358	0.3784004	1.217465	3.542214
25716	-3422.133	-3589.299	167.1661	0.3956166	1.217465	3.736853
25722	-3425.624	-3592.737	167.1124	0.3771972	1.20751	3.794512
25728	-3422.739	-3589.797	167.058	0.4736354	1.15221	3.754766
25734	-3415.039	-3582.905	167.8661	0.3468089	1.21494	3.388706
25740	-3411.279	-3578.913	167.6342	0.3275447	1.243516	3.531836
25746	-3421.485	-3589.353	167.8679	0.445337	1.346681	3.196996
25752	-3417.126	-3585.813	168.6871	0.3865067	1.354634	2.766291
25758	-3421.82	-3590.252	168.4326	0.4387931	1.354634	2.861028
25764	-3420.173	-3588.525	168.352	0.4774552	1.410568	2.834751
25770	-3405.494	-3574.837	169.3435	0.4571951	1.446979	2.215019
25776	-3412.2	-3581.439	169.239	0.4592799	1.547826	2.215019
25782	-3414.775	-3584.053	169.278	0.4119132	1.575935	2.227365
25788	-3405.538	-3575.179	169.6408	0.3945444	1.66489	1.952184
25794	-3409.086	-3578.826	169.7396	0.4379887	1.624737	1.857122
25800	-3412.647	-3582.519	169.8724	0.4431092	1.690531	1.712775
25806	-3410.348	-3580.18	169.8313	0.4262989	1.713748	1.746854
25812	-3416.433	-3586.407	169.9745	0.4639192	1.713748	1.596557
25818	-3411.199	-3580.916	169.7175	0.4639192	1.644333	1.82722
25824	-3429.532	-3599.368	169.836	0.3840079	1.589609	1.885038
25830	-3429.538	-3598.407	168.8689	0.4893697	1.474816	2.464056
25836	-3418.832	-3587.045	168.2124	0.3513572	1.234719	3.167047
25842	-3414.502	-3582.187	167.6856	0.3860848	1.195102	3.458982
25848	-3417.101	-3583.994	166.8929	0.4863645	1.197793	3.811127
25854	-3422.717	-3589.851	167.1334	0.390688	1.250768	3.74202
25860	-3416.58	-3582.337	165.7577	0.4250038	1.055874	4.59763
25866	-3413.77	-3579.669	165.8991	0.3521183	1.05796	4.59763
25872	-3413.655	-3579.74	166.0848	0.3785113	1.081682	4.449535
25878	-3422.044	-3589.37	167.3259	0.2784464	1.27848	3.756232
25884	-3415.06	-3583.753	168.6932	0.3825098	1.423094	2.725542
25890	-3407.79	-3576.26	168.4697	0.3825098	1.428786	2.85821
25896	-3411.469	-3580.374	168.9051	0.3676394	1.428436	2.610322
25902	-3419.308	-3588.674	169.3659	0.5015118	1.607655	2.046088
25908	-3424.908	-3594.626	169.7179	0.4338903	1.607655	1.888691
25914	-3435.725	-3606.143	170.4181	0.3255403	1.741588	1.446849
25920	-3423.173	-3592.994	169.8201	0.4158705	1.686239	1.78738
25926	-3431.471	-3601.279	169.8082	0.3714972	1.784598	1.78738
25932	-3417.232	-3587.402	170.17	0.400941	1.779342	1.488608
25938	-3430.761	-3600.664	169.9027	0.4546687	1.917419	1.511298
25944	-3421.063	-3590.845	169.7818	0.3716902	1.611821	1.92347
25950	-3414.198	-3584.167	169.969	0.4367625	1.733387	1.621341
25956	-3408.038	-3577.97	169.9319	0.4065312	1.737671	1.68512
25962	-3426.305	-3595.876	169.5705	0.3776745	1.677185	2.013213
25968	-3434.622	-3604.299	169.6771	0.2873474	1.573474	2.141363
25974	-3418.091	-3588.072	169.981	0.549445	1.788782	1.430854
25980	-3414.943	-3585.081	170.1378	0.3750333	1.761732	1.563557
25986	-3409.455	-3579.31	169.8545	0.5007081	1.780569	1.589823
25992	-3409.143	-3579.342	170.1983	0.3600035	1.780569	1.527568
25998	-3408.809	-3578.953	170.1439	0.3758777	1.771265	1.550796
26004	-3409.523	-3579.63	170.1075	0.3680751	1.788476	1.576535
26010	-3407.664	-3577.977	170.3137	0.4507917	1.800225	1.287844
26016	-3413.864	-3584.175	170.3113	0.4517764	1.798526	1.289709
26022	-3425.181	-3595.36	170.1787	0.3599423	1.811687	1.519103
26028	-3414.864	-3584.823	169.9593	0.3575326	1.735391	1.736305
26034	-3413.468	-3583.827	170.3596	0.4276971	1.759992	1.317095
26040	-3413.419	-3583.508	170.0896	0.4679942	1.686034	1.527112
26046	-3407.088	-3577.138	170.0499	0.3776334	1.741066	1.638708
26052	-3415.311	-3583.873	168.5626	0.3578139	1.486919	2.796982
26058	-3421.201	-3590.095	168.8939	0.388665	1.486919	2.554915
26064	-3434.305	-3604	169.6945	0.405564	1.784049	1.820082
26070	-3411.715	-3581.435	169.7202	0.3990351	1.678989	1.88305
26076	-3407.125	-3576.793	169.6679	0.4403493	1.585487	1.929604
26082	-3415.504	-3584.317	168.8124	0.4193939	1.43504	2.60112
26088	-3411.87	-3580.561	168.6905	0.4503079	1.452662	2.63076
26094	-3411.036	-3579.021	167.9851	0.3748214	1.31005	3.228505
26100	-3419.719	-3587.703	167.9844	0.3907173	1.434901	3.136108
26106	-3415.381	-3584.303	168.9228	0.4645993	1.399727	2.503821
26112	-3419.236	-3587.493	168.2569	0.4719433	1.401996	2.90325
26118	-3420.159	-3588.538	168.3795	0.3999095	1.348273	2.940837
26124	-3423.117	-3591.541	168.4248	0.434642	1.396597	2.844883
26130	-3426.586	-3593.749	167.1635	0.3759936	1.261381	3.735367
26136	-3421.942	-3589.365	167.4234	0.3759936	1.261381	3.584833
26142	-3417.398	-3585.925	168.5268	0.3861401	1.44094	2.811817
26148	-3426.566	-3594.743	168.1777	0.3445355	1.366865	3.117704
26154	-3419.259	-3587.328	168.0691	0.3964131	1.316627	3.149516
26160	-3421.824	-3590.453	168.6291	0.3666405	1.429665	2.780247
26166	-3418.612	-3586.09	167.4785	0.3529482	1.423268	3.486028
26172	-3444.213	-3613.098	168.885	0.3447556	1.655439	2.511361
26178	-3428.399	-3597.485	169.086	0.3647778	1.552624	2.423561
26184	-3436.069	-3604.906	168.8375	0.4048264	1.472143	2.579649
26190	-3432.406	-3600.647	168.2404	0.3471264	1.440822	3.032804
26196	-3420.539	-3589.175	168.6362	0.5358099	1.354821	2.636448
26202	-3416.61	-3585.428	168.8181	0.3662129	1.451244	2.651719
26208	-3430.401	-3599.329	168.9284	0.3662129	1.451244	2.583579
26214	-3413.879	-3582.432	168.5534	0.3761525	1.380004	2.844759
26220	-3409.68	-3577.805	168.1258	0.3239594	1.336719	3.192971
26226	-3425.016	-3592.775	167.7586	0.4034877	1.3137	3.326745
26232	-3429.28	-3597.29	168.0102	0.3973941	1.337283	3.171095
26238	-3407.741	-3575.745	168.004	0.3902716	1.357351	3.171095
26244	-3400.873	-3569.568	168.695	0.4073371	1.355419	2.736315
26250	-3411.247	-3580.312	169.0649	0.3628045	1.396715	2.536958
26256	-3419.338	-3587.27	167.9315	0.401241	1.271351	3.252355
26262	-3427.122	-3596.966	169.8443	0.3885724	1.571771	1.885406
26268	-3420.263	-3589.986	169.7232	0.4297388	1.61476	1.885406
26274	-3414.356	-3581.36	167.0041	0.4279918	1.149981	3.833805
26280	-3407.745	-3574.95	167.2054	0.4279918	1.247428	3.661417
26286	-3419.411	-3587.382	167.9707	0.4082535	1.34905	3.175161
26292	-3410.562	-3579.283	168.7203	0.4264974	1.397763	2.672804
26298	-3412.569	-3581.89	169.3214	0.4240256	1.492982	2.238228
26304	-3419.315	-3588.897	169.5819	0.3041449	1.486034	2.234155
26310	-3401.604	-3570.575	168.9718	0.4419615	1.438183	2.474173
26316	-3409.414	-3578.201	168.7869	0.4343456	1.431966	2.601747
26322	-3412.721	-3581.062	168.3403	0.4006837	1.377404	2.945989
26328	-3417.729	-3585.995	168.2668	0.4239394	1.328173	2.993359
26334	-3423.759	-3592.547	168.7879	0.3930748	1.328173	2.712952
26340	-3409.295	-3577.899	168.6035	0.5030149	1.415817	2.651567
26346	-3415.771	-3584.629	168.8581	0.5030149	1.31242	2.558042
26352	-3410.388	-3579.117	168.729	0.5377448	1.436496	2.52635
26358	-3414.702	-3583.886	169.1844	0.5089775	1.440843	2.264942
26364	-3412.578	-3582.287	169.7098	0.4399257	1.526763	1.941474
26370	-3417.285	-3586.539	169.2542	0.5717362	1.526763	2.100114
26376	-3421.765	-3590.895	169.13	0.4830241	1.381237	2.365165
26382	-3407.981	-3576.606	168.6245	0.4255527	1.334667	2.771222
26388	-3414.564	-3582.936	168.3716	0.5395699	1.334667	2.807288
26394	-3409.959	-3579.011	169.052	0.4924584	1.400298	2.392426
26400	-3410.694	-3579.105	168.4112	0.4497503	1.394498	2.837899
26406	-3402.517	-3570.56	168.0425	0.3888848	1.363352	3.146248
26412	-3423.779	-3593.756	169.9778	0.3447358	1.675856	1.783745
26418	-3412.227	-3581.842	169.6149	0.3447358	1.629262	2.060657
26424	-3405.447	-3574.685	169.2375	0.3455205	1.564667	2.345537
26430	-3409.588	-3578.842	169.2541	0.4018884	1.434213	2.345537
26436	-3397.166	-3566.879	169.7135	0.4018884	1.596842	1.939487
26442	-3413.193	-3583.295	170.1018	0.3935809	1.759113	1.564942
26448	-3412.257	-3581.812	169.5554	0.3319646	1.706888	2.066851
26454	-3412.909	-3583.164	170.2552	0.3250592	1.695035	1.603545
26460	-3415.392	-3585.344	169.9516	0.3250592	1.695035	1.818112
26466	-3408.039	-3577.941	169.9025	0.3950801	1.722086	1.732538
26472	-3411.059	-3581.005	169.9452	0.3950801	1.722086	1.702398
26478	-3407.784	-3577.813	170.0287	0.3785304	1.671268	1.702398
26484	-3405.232	-3575.208	169.976	0.3752686	1.617529	1.781609
26490	-3417.845	-3587.612	169.7669	0.3582605	1.661633	1.918478
26496	-3413.122	-3582.566	169.443	0.3741829	1.523928	2.20188
26502	-3415.808	-3584.392	168.5836	0.4083331	1.487376	2.722573
26508	-3417.665	-3585.746	168.0813	0.3714721	1.291606	3.186465
26514	-3430.114	-3598.981	168.8674	0.4771326	1.291048	2.592441
26520	-3430.816	-3599.284	168.4685	0.4084463	1.416202	2.836024
26526	-3422.846	-3590.729	167.8835	0.4027301	1.436719	3.181141
26532	-3422.573	-3590.146	167.5723	0.4027301	1.269748	3.462657
26538	-3419.581	-3587.767	168.1853	0.4027301	1.334995	3.062042
26544	-3419.236	-3587.306	168.0702	0.4857834	1.281667	3.073485
26550	-3422.305	-3590.78	168.4754	0.4443273	1.341105	2.83725
26556	-3419.851	-3588.297	168.4461	0.4189418	1.341877	2.882668
26562	-3422.432	-3590.832	168.3998	0.42395	1.378895	2.882668
26568	-3417.22	-3585.921	168.7012	0.4459033	1.400469	2.661195
26574	-3421.237	-3589.954	168.7175	0.3706223	1.527482	2.661195
26580	-3428.361	-3596.887	168.5254	0.3291794	1.399133	2.909787
26586	-3428.858	-3597.747	168.8888	0.3698888	1.385403	2.644105
26592	-3433.836	-3603.137	169.3011	0.3754956	1.43948	2.345277
26598	-3424.317	-3593.516	169.1985	0.4288953	1.43948	2.345277
26604	-3435.618	-3604.783	169.1658	0.4288953	1.48096	2.33974
26610	-3431.615	-3597.648	166.0327	0.3974315	1.173046	4.406401
26616	-3421.731	-3588.918	167.187	0.3743275	1.316071	3.692138
26622	-3426.7	-3595.195	168.4951	0.3824315	1.4065	2.856463
26628	-3423.389	-3591.981	168.592	0.3951341	1.35216	2.815455
26634	-3418.47	-3586.404	167.9342	0.4269848	1.240876	3.240116
26640	-3428.598	-3596.455	167.8568	0.3945626	1.379631	3.240116
26646	-3435.585	-3603.648	168.0639	0.3226939	1.321831	3.240116
26652	-3428.062	-3597.245	169.183	0.3124668	1.34702	2.562063
26658	-3429.76	-3598.573	168.8132	0.4056491	1.43971	2.613784
26664	-3424.158	-3592.921	168.7633	0.3898084	1.580853	2.57626
26670	-3416.46	-3584.802	168.3419	0.4160292	1.318313	2.963015
26676	-3419.236	-3587.68	168.444	0.349362	1.348766	2.963015
26682	-3412.686	-3581.238	168.5518	0.3830228	1.510731	2.757827
26688	-3408.992	-3577.929	168.9374	0.3830228	1.35974	2.613701
26694	-3410.517	-3580.201	169.6843	0.3742118	1.506242	2.055702
26700	-3414.738	-3584.057	169.3189	0.5135225	1.364837	2.222518
26706	-3410.573	-3579.522	168.949	0.344548	1.484936	2.577936
26712	-3413.143	-3581.823	168.6799	0.5130785	1.361609	2.627743
26718	-3417.024	-3585.571	168.547	0.4798627	1.431228	2.700694
26724	-3408.474	-3577.6	169.1267	0.3356875	1.420893	2.51905
26730	-3409.094	-3577.767	168.6722	0.4562206	1.474626	2.622035
26736	-3413.664	-3582.531	168.8668	0.3774782	1.331518	2.681402
26742	-3413.951	-3582.795	168.8439	0.4083675	1.560662	2.516411
26748	-3405.659	-3573.785	168.1256	0.4176026	1.371925	3.058811
26754	-3410.761	-3578.959	168.1981	0.4176026	1.299405	3.058811
26760	-3415.436	-3584.064	168.628	0.393287	1.417643	2.75584
26766	-3422.242	-3590.729	168.4873	0.4615777	1.432381	2.75584
26772	-3420.208	-3589.149	168.9407	0.4204717	1.437527	2.51862
26778	-3418.654	-3588.554	169.9002	0.3373011	1.577181	1.915461
26784	-3415.875	-3585.809	169.934	0.357195	1.687318	1.787965
26790	-3417.469	-3587.605	170.1366	0.4074568	1.736384	1.536371
26796	-3415.895	-3585.995	170.1007	0.4257016	1.883814	1.426276
26802	-3413.654	-3583.431	169.7773	0.3457407	1.78954	1.842194
26808	-3413.873	-3583.417	169.5439	0.3929466	1.511595	2.120067
26814	-3415.778	-3584.291	168.5128	0.3627844	1.318382	2.923057
26820	-3422.441	-3590.65	168.2093	0.313766	1.447178	3.091206
26826	-3416.959	-3584.348	167.389	0.2976133	1.244994	3.712654
26832	-3428.319	-3596.518	168.199	0.3823885	1.368159	3.057739
26838	-3416.844	-3583.776	166.9316	0.3238768	1.182779	3.976948
26844	-3426.733	-3594.063	167.33	0.3238768	1.16834	3.756447
26850	-3426.477	-3595.915	169.4373	0.3932148	1.460546	2.222174
26856	-3416.295	-3584.713	168.4186	0.5154368	1.489568	2.707458
26862	-3409.913	-3578.772	168.8593	0.3821628	1.43955	2.613702
26868	-3416.941	-3585.666	168.7248	0.3821628	1.489791	2.665669
26874	-3423.046	-3590.628	167.582	0.380551	1.303194	3.462786
26880	-3416.522	-3585.624	169.1012	0.5282835	1.435678	2.301588
26886	-3413.183	-3582.801	169.6178	0.477221	1.609423	1.903522
26892	-3415.445	-3585.02	169.5743	0.4706846	1.609423	1.940509
26898	-3414.208	-3584.141	169.933	0.4701428	1.668958	1.651133
26904	-3408.565	-3578.447	169.8821	0.3594056	1.724176	1.795222
26910	-3417.351	-3587.229	169.8783	0.3846253	1.676911	1.795222
26916	-3412.264	-3581.61	169.3465	0.4145325	1.520792	2.215561
26922	-3414.562	-3583.667	169.1059	0.4324903	1.476821	2.376167
26928	-3425.328	-3594.395	169.0671	0.3948239	1.490972	2.436503
26934	-3424.697	-3592.581	167.8846	0.3403283	1.296628	3.337974
26940	-3419.407	-3587.787	168.3802	0.4159379	1.300381	2.950857
26946	-3424.782	-3592.333	167.5514	0.4578463	1.210086	3.45058
26952	-3423.67	-3590.515	166.8448	0.3511932	1.199643	3.983169
26958	-3412.554	-3580.339	167.7847	0.301941	1.288481	3.451527
26964	-3417.815	-3585.349	167.5339	0.2900182	1.237983	3.643232
26970	-3431.291	-3600.684	169.3937	0.4169111	1.474421	2.212089
26976	-3419.365	-3589.006	169.6401	0.4179546	1.493856	2.036992
26982	-3428.074	-3594.063	165.9883	0.4835415	1.039078	4.419175
26988	-3418.659	-3585.413	166.7542	0.3295263	1.161109	4.083466
26994	-3417.048	-3583.768	166.7198	0.3914854	1.208998	4.002591
27000	-3422.279	-3589.648	167.3686	0.3348119	1.114824	3.751184
27006	-3419.488	-3587.104	167.6155	0.3957928	1.193278	3.48988
27012	-3411.489	-3578.244	166.7541	0.4158746	1.069202	4.036161
27018	-3405.637	-3572.064	166.427	0.3501001	1.104379	4.276364
27024	-3417.673	-3584.268	166.5946	0.3612691	1.183923	4.122917
27030	-3403.412	-3570.707	167.2943	0.4464175	1.152871	3.645352
27036	-3406.877	-3574.43	167.553	0.4081896	1.180351	3.519967
27042	-3411.683	-3579.23	167.5469	0.401781	1.21249	3.511948
27048	-3416.405	-3583.384	166.9786	0.401781	1.363119	3.754124
27054	-3406.139	-3573.971	167.8316	0.4508508	1.364591	3.202022
27060	-3435.406	-3603.657	168.2508	0.4250759	1.279645	3.030769
27066	-3435.322	-3603.558	168.2357	0.4419364	1.264047	3.030769
27072	-3406.947	-3575.635	168.6875	0.4324428	1.343944	2.719301
27078	-3411.098	-3579.529	168.4312	0.3211401	1.299625	3.03692
27084	-3403.412	-3571.748	168.3364	0.345251	1.412769	2.994436
27090	-3404.803	-3573.14	168.3378	0.4029162	1.29501	2.994436
27096	-3407.256	-3575.429	168.1736	0.3466048	1.29501	3.160227
27102	-3416.941	-3585.962	169.0208	0.3067609	1.494236	2.579424
27108	-3417.558	-3585.848	168.2902	0.3693711	1.337425	3.03724
27114	-3417.003	-3585.735	168.7314	0.4093345	1.454428	2.650883
27120	-3424.843	-3594.066	169.2233	0.4209159	1.484819	2.31006
27126	-3413.254	-3582.506	169.2519	0.4323531	1.484819	2.278229
27132	-3419.726	-3589.292	169.5661	0.4131492	1.660676	1.981228
27138	-3413.278	-3583.156	169.8786	0.3527546	1.628826	1.872711
27144	-3412.002	-3581.817	169.8155	0.3907897	1.586977	1.891725
27150	-3418.728	-3588.342	169.6137	0.4637114	1.703294	1.858236
27156	-3414.724	-3584.452	169.7276	0.4162704	1.563871	1.933832
27162	-3409.751	-3579.434	169.6825	0.4103845	1.620023	1.933832
27168	-3415.612	-3585.746	170.1347	0.4103845	1.598981	1.634015
27174	-3417.463	-3587.23	169.7661	0.4390791	1.598981	1.855291
27180	-3414.026	-3584.041	170.0147	0.3089816	1.613981	1.855291
27186	-3415.639	-3585.384	169.7447	0.4504421	1.599981	1.855291
27192	-3417.975	-3587.143	169.1672	0.4504421	1.515562	2.291915
27198	-3411.396	-3580.783	169.3865	0.4224346	1.52774	2.175577
27204	-3410.898	-3580.174	169.2761	0.381913	1.516625	2.303885
27210	-3411.885	-3581.771	169.8858	0.381913	1.611624	1.838822
27216	-3411.714	-3581.128	169.4144	0.4241502	1.504929	2.170218
27222	-3415.01	-3584.926	169.9162	0.3808832	1.733704	1.734394
27228	-3426.613	-3596.57	169.9571	0.2578777	1.569376	2.007694
27234	-3426.663	-3596.971	170.3081	0.331841	1.840146	1.445051
27240	-3420.431	-3590.628	170.1973	0.3366002	1.820141	1.535715
27246	-3424.283	-3594.247	169.9646	0.3659276	1.721526	1.73012
27252	-3416.008	-3583.642	167.6345	0.5009454	1.178936	3.37716
27258	-3427.995	-3594.796	166.8006	0.4270224	1.092439	3.98451
27264	-3425.866	-3596.037	170.171	0.3045909	1.763966	1.647949
27270	-3416.185	-3586.026	169.8407	0.4436605	1.708176	1.721929
27276	-3417.916	-3587.81	169.8939	0.381508	1.734335	1.748712
27282	-3416.019	-3586.194	170.1749	0.3571688	1.776819	1.552022
27288	-3419.33	-3589.362	170.0319	0.3919145	1.849861	1.552022
27294	-3415.742	-3585.719	169.9767	0.370234	1.800299	1.659458
27300	-3404.985	-3574.865	169.88	0.370234	1.558805	1.894848
27306	-3415.965	-3585.629	169.6635	0.4121713	1.693298	1.894848
27312	-3407.556	-3577.43	169.8745	0.3826625	1.735435	1.759916
27318	-3420.25	-3589.723	169.4729	0.4370205	1.504426	2.116972
27324	-3417.872	-3587.771	169.8993	0.4477437	1.644902	1.72012
27330	-3416.919	-3586.59	169.6717	0.4872765	1.612241	1.853274
27336	-3423.095	-3593.054	169.9588	0.493768	1.641476	1.623471
27342	-3423.454	-3593.674	170.2207	0.3991165	1.716299	1.500527
27348	-3422.144	-3592.143	169.9984	0.5823403	1.874007	1.310787
27354	-3402.804	-3572.643	169.8397	0.4433043	1.597399	1.800463
27360	-3418.247	-3587.704	169.4564	0.3763146	1.566273	2.162944
27366	-3419.671	-3588.558	168.8861	0.3275488	1.457146	2.656744
27372	-3417.652	-3586.148	168.496	0.3275488	1.313757	2.981057
27378	-3413.468	-3581.482	168.0145	0.3914194	1.268178	3.21641
27384	-3423.969	-3590.91	166.9403	0.3176759	1.229565	3.953109
27390	-3422.358	-3590.026	167.6684	0.4347785	1.263661	3.374819
27396	-3419.775	-3588.229	168.4535	0.3424959	1.410934	2.928647
27402	-3421.531	-3589.927	168.3958	0.3671582	1.417105	2.928647
27408	-3407.303	-3576.067	168.7644	0.4380674	1.330036	2.674331
27414	-3401.906	-3570.708	168.8018	0.3466695	1.408711	2.712903
27420	-3409.228	-3578.572	169.3439	0.4593632	1.460884	2.203298
27426	-3411.492	-3581.55	170.0585	0.3845822	1.513376	1.783724
27432	-3411.555	-3581.313	169.7578	0.4115916	1.732334	1.8042
27438	-3408.238	-3578.332	170.0939	0.3897361	1.68509	1.630043
27444	-3418.436	-3588.162	169.7259	0.4817258	1.683045	1.773401
27450	-3419.466	-3589.391	169.925	0.4623143	1.712713	1.635171
27456	-3419.192	-3588.892	169.7	0.3230378	1.494922	2.123953
27462	-3409.939	-3579.466	169.5275	0.405212	1.496102	2.12543
27468	-3407.57	-3577.724	170.1539	0.284059	1.581148	1.822442
27474	-3412.059	-3581.874	169.8153	0.4014585	1.725167	1.782703
27480	-3416.051	-3586.007	169.9556	0.3366084	1.510171	1.924301
27486	-3416.439	-3585.848	169.4086	0.4012936	1.567341	2.161464
27492	-3415.666	-3585.107	169.4402	0.36993	1.590275	2.166251
27498	-3430.688	-3600.322	169.6335	0.36993	1.633309	2.010892
27504	-3421.657	-3591.279	169.6213	0.438612	1.54477	1.990317
27510	-3416.925	-3585.578	168.6535	0.3238362	1.45996	2.802417
27516	-3425.062	-3593.646	168.5839	0.4088128	1.389827	2.78145
27522	-3414.944	-3583.207	168.2635	0.3520951	1.341918	3.071871
27528	-3424.273	-3592.324	168.0517	0.4174659	1.341918	3.120956
27534	-3414.855	-3584.199	169.3442	0.3802427	1.444908	2.308335
27540	-3413.894	-3583.027	169.1333	0.424699	1.444908	2.388101
27546	-3417.812	-3586.979	169.167	0.363807	1.477675	2.421001
27552	-3423.377	-3592.637	169.2596	0.4657532	1.513977	2.216265
27558	-3433.779	-3603.383	169.6048	0.4997254	1.444306	1.997869
27564	-3430.302	-3599.686	169.3838	0.4700121	1.451519	2.171539
27570	-3425.222	-3593.216	167.9939	0.4700121	1.303517	3.122026
27576	-3413.063	-3581.442	168.3794	0.412878	1.248808	2.985815
27582	-3420.476	-3588.745	168.2692	0.4286433	1.263448	3.025558
27588	-3421.759	-3588.696	166.9369	0.4286433	1.23178	3.824716
27594	-3409.148	-3577.461	168.3126	0.3962706	1.301552	3.013295
27600	-3427.898	-3597.176	169.2779	0.3143445	1.454866	2.432633
27606	-3427.195	-3595.943	168.7477	0.3710718	1.35787	2.746148
27612	-3419.489	-3587.538	168.0484	0.4114294	1.434201	3.074628
27618	-3423.817	-3592.324	168.507	0.3572729	1.24288	2.978865
27624	-3427.7	-3594.742	167.0412	0.3572729	1.277885	3.818378
27630	-3423.136	-3591.024	167.8871	0.4664491	1.282295	3.201691
27636	-3413.887	-3582.628	168.7413	0.3170703	1.296374	2.857629
27642	-3407.097	-3575.752	168.655	0.3378252	1.336929	2.857629
27648	-3405.996	-3574.627	168.6304	0.3635026	1.411423	2.794471
27654	-3413.362	-3581.553	168.1908	0.4215782	1.329983	3.040448
27660	-3417.304	-3585.015	167.7118	0.3580895	1.366391	3.376471
27666	-3412.089	-3579.903	167.814	0.3580895	1.309518	3.349888
27672	-3411.113	-3578.711	167.5981	0.4520913	1.345354	3.349888
27678	-3424.539	-3593.795	169.2559	0.3961182	1.52266	2.295126
27684	-3411.646	-3580.839	169.1932	0.3961182	1.585428	2.295126
27690	-3404.295	-3573.949	169.6538	0.4190496	1.585428	1.965478
27696	-3418.359	-3587.667	169.308	0.3223811	1.497825	2.375145
27702	-3414.62	-3582.058	167.4376	0.3178798	1.280998	3.636814
27708	-3416.814	-3584.794	167.9798	0.3462673	1.342182	3.247527
27714	-3406.701	-3575.552	168.8509	0.3302547	1.366796	2.730189
27720	-3420.221	-3588.165	167.9441	0.4902022	1.362428	3.096103
27726	-3417.041	-3585.067	168.0259	0.3952442	1.365681	3.147383
27732	-3422.243	-3590.847	168.6039	0.5647663	1.365717	2.622037
27738	-3418.948	-3587.923	168.9747	0.36024	1.388548	2.601313
27744	-3430.375	-3599.845	169.4699	0.4279974	1.58173	2.079055
27750	-3420.87	-3590.543	169.6726	0.4266944	1.58173	1.945781
27756	-3426.098	-3595.999	169.9007	0.3667506	1.653479	1.820773
27762	-3423.508	-3593.07	169.5624	0.5240468	1.58972	1.902002
27768	-3431.915	-3600.617	168.7018	0.3384898	1.515423	2.719483
27774	-3431.373	-3600.01	168.6365	0.4407117	1.379639	2.719483
27780	-3419.006	-3587.926	168.9199	0.4508412	1.372784	2.537475
27786	-3420.594	-3589.448	168.8537	0.344355	1.388972	2.696176
27792	-3424.351	-3592.237	167.8859	0.4033795	1.259128	3.284029
27798	-3429.318	-3598.49	169.1721	0.4294843	1.418032	2.374983
27804	-3435.011	-3601.025	166.0142	0.3958213	1.125944	4.445126
27810	-3421.039	-3590.453	169.4133	0.3467022	1.533743	2.251342
27816	-3421.835	-3591.559	169.7241	0.3467022	1.531235	2.05046
27822	-3414.57	-3584.098	169.5278	0.4065714	1.533421	2.099144
27828	-3416.865	-3586.521	169.6569	0.3172708	1.572548	2.1098
27834	-3423.112	-3592.017	168.9047	0.3579944	1.539014	2.554277
27840	-3413.507	-3582.049	168.5426	0.5294851	1.368506	2.691816
27846	-3427.187	-3595.37	168.1827	0.574781	1.295145	2.91301
27852	-3408.778	-3577.208	168.4299	0.4475971	1.274787	2.901406
27858	-3407.655	-3574.562	166.9065	0.3897331	1.167431	3.921516
27864	-3413.046	-3578.985	165.9389	0.3680353	1.082001	4.543313
27870	-3410.087	-3575.892	165.8053	0.3680353	1.138844	4.586399
27876	-3411.478	-3578.548	167.0707	0.3822271	1.145364	3.848475
27882	-3413.548	-3581.352	167.804	0.3517758	1.232717	3.408561
27888	-3414.85	-3583.137	168.2875	0.3887476	1.367665	2.997557
27894	-3418.982	-3587.775	168.7928	0.3887476	1.385464	2.679971
27900	-3429.166	-3597.713	168.5471	0.4607415	1.406862	2.735774
27906	-3416.351	-3585.286	168.9352	0.4607415	1.312488	2.554649
27912	-3405.068	-3572.176	167.1077	0.3648701	1.084005	3.882568
27918	-3409.987	-3577.084	167.0969	0.3438208	1.138579	3.882723
27924	-3409.586	-3578.908	169.3228	0.39627	1.501731	2.265536
27930	-3417.464	-3586.327	168.8631	0.4105027	1.44593	2.573334
27936	-3428.687	-3597.399	168.7121	0.3687952	1.486942	2.691769
27942	-3419.043	-3587.302	168.2595	0.3790765	1.4672	2.966078
27948	-3417.646	-3585.188	167.5415	0.4382712	1.241496	3.458453
27954	-3426.833	-3594.409	167.5767	0.4382712	1.241496	3.437853
27960	-3407.851	-3576.729	168.8782	0.4209159	1.403781	2.577961
27966	-3415.79	-3584.362	168.5713	0.3419602	1.357436	2.890517
27972	-3423.14	-3592.011	168.8705	0.2837755	1.505349	2.698685
27978	-3426.258	-3595.212	168.9535	0.3049356	1.467247	2.640346
27984	-3424.236	-3592.776	168.5397	0.3604063	1.412751	2.852672
27990	-3412.178	-3581.292	169.1137	0.3857443	1.395965	2.47806
27996	-3440.366	-3609.211	168.8451	0.3043184	1.387927	2.756452
28002	-3425.577	-3594.078	168.5009	0.3768282	1.521898	2.789605
28008	-3418.52	-3588.121	169.6013	0.4252252	1.521898	2.035181
28014	-3429.285	-3597.546	168.2612	0.3786402	1.294786	3.068878
28020	-3416.35	-3584.427	168.0773	0.4502598	1.343768	3.068878
28026	-3417.578	-3586.219	168.6406	0.4548414	1.488363	2.634569
28032	-3421.062	-3589.704	168.6421	0.4925934	1.422092	2.634569
28038	-3425.936	-3593.722	167.7858	0.3861256	1.248077	3.369197
28044	-3429.191	-3598.119	168.9277	0.345369	1.522192	2.566955
28050	-3438.124	-3607.005	168.8812	0.380896	1.522192	2.550417
28056	-3425.064	-3594.357	169.293	0.3240673	1.409159	2.438195
28062	-3418.252	-3587.479	169.2271	0.346503	1.442698	2.427946
28068	-3423.29	-3591.102	167.8123	0.4011551	1.344234	3.279781
28074	-3417.86	-3586.694	168.8338	0.4724046	1.366744	2.571346
28080	-3414.204	-3582.982	168.7773	0.4341557	1.346049	2.660911
28086	-3418.355	-3587.375	169.0208	0.4883604	1.385863	2.425555
28092	-3406.626	-3574.357	167.731	0.4244598	1.248693	3.358021
28098	-3399.984	-3568.156	168.1713	0.4068056	1.340498	3.062466
28104	-3403.73	-3572.356	168.6265	0.4068056	1.289247	2.819086
28110	-3419.287	-3586.873	167.5856	0.4272275	1.452588	3.320571
28116	-3414.518	-3583.455	168.9366	0.4186539	1.402964	2.544817
28122	-3407.322	-3576.132	168.81	0.3057027	1.447197	2.739711
28128	-3410.065	-3578.096	168.031	0.3485094	1.208715	3.293311
28134	-3417.143	-3584.876	167.7332	0.2884519	1.208715	3.546643
28140	-3412.353	-3581.628	169.2751	0.388303	1.470557	2.325872
28146	-3414.75	-3583.771	169.0209	0.388303	1.619718	2.392507
28152	-3424.716	-3594.043	169.3271	0.3807277	1.619718	2.206405
28158	-3425.022	-3594.222	169.2002	0.3737911	1.571516	2.327713
28164	-3423.497	-3592.752	169.2551	0.4262242	1.472958	2.291008
28170	-3434.127	-3602.9	168.7736	0.3559711	1.477112	2.676238
28176	-3430.1	-3598.811	168.7116	0.3359217	1.590335	2.670922
28182	-3424.937	-3593.998	169.0616	0.4028554	1.56831	2.381428
28188	-3413.16	-3582.851	169.6908	0.4345515	1.655214	1.873916
28194	-3408.124	-3577.764	169.64	0.4336343	1.629327	1.927102
28200	-3420.387	-3589.676	169.2891	0.30136	1.567614	2.373142
28206	-3411.886	-3581.236	169.3504	0.3847392	1.504405	2.260587
28212	-3403.448	-3573.015	169.5671	0.3538408	1.60012	2.098642
28218	-3422.026	-3590.854	168.8285	0.4206851	1.412361	2.603735
28224	-3425.885	-3595.34	169.4551	0.3237141	1.598077	2.215079
28230	-3426.105	-3595.493	169.3884	0.3851608	1.648869	2.142
28236	-3420.423	-3589.455	169.0318	0.3498016	1.488243	2.517452
28242	-3413.367	-3582.733	169.3652	0.4278494	1.475065	2.216983
28248	-3421.35	-3590.7	169.3492	0.4847582	1.475065	2.162368
28254	-3420.037	-3588.757	168.7198	0.3684301	1.36812	2.760238
28260	-3416.868	-3585.4	168.5326	0.4756283	1.39581	2.735624
28266	-3427.306	-3595.739	168.4327	0.4643086	1.344456	2.839693
28272	-3423.283	-3592.044	168.7609	0.4156383	1.379403	2.67156
28278	-3422.507	-3589.882	167.3753	0.3924283	1.243671	3.604158
28284	-3419.903	-3587.796	167.8924	0.3748628	1.302499	3.287687
28290	-3409.207	-3577.894	168.6869	0.4239305	1.519919	2.621061
28296	-3408.849	-3577.78	168.931	0.4340604	1.602269	2.405604
28302	-3407.706	-3576.484	168.7775	0.3955639	1.365556	2.693468
28308	-3421.419	-3590.294	168.8744	0.3996766	1.481505	2.55708
28314	-3425.839	-3595.092	169.2526	0.430971	1.542709	2.242292
28320	-3414.007	-3583.386	169.3794	0.3579979	1.475611	2.295131
28326	-3410.264	-3579.927	169.6624	0.5028709	1.647524	1.817567
28332	-3418.619	-3587.789	169.1705	0.5238226	1.530839	2.200447
28338	-3406.342	-3575.588	169.2461	0.4177804	1.486164	2.298333
28344	-3406.833	-3576.686	169.853	0.4081181	1.568008	1.856301
28350	-3405.554	-3575.39	169.8357	0.4356731	1.608895	1.804808
28356	-3405.754	-3574.924	169.17	0.4940497	1.509004	2.246184
28362	-3398.538	-3567.95	169.4119	0.442731	1.501722	2.151882
28368	-3407.162	-3576.714	169.5512	0.3940562	1.453451	2.151882
28374	-3406.049	-3575.507	169.4583	0.3940562	1.600586	2.116445
28380	-3397.334	-3567.439	170.1053	0.3331667	1.600586	1.764717
28386	-3408.18	-3577.921	169.7411	0.4155089	1.664685	1.857154
28392	-3415.916	-3585.636	169.7198	0.3313252	1.683711	1.973916
28398	-3422.315	-3592.351	170.0363	0.4434445	1.731507	1.564883
28404	-3413.749	-3583.988	170.2382	0.3921073	1.682473	1.522872
28410	-3414.832	-3585.055	170.2234	0.4236541	1.757029	1.432358
28416	-3409.083	-3578.981	169.8976	0.4236541	1.757029	1.672893
28422	-3415.875	-3585.062	169.1872	0.5119841	1.539094	2.196665
28428	-3407.679	-3576.814	169.1346	0.5143342	1.496513	2.255583
28434	-3414.456	-3583.583	169.1267	0.4247567	1.428603	2.402499
28440	-3396.67	-3565.796	169.1257	0.4247567	1.429625	2.402499
28446	-3411.509	-3580.006	168.4971	0.4423455	1.401206	2.789646
28452	-3401.761	-3570.591	168.8305	0.5284077	1.448135	2.464851
28458	-3418.779	-3587.977	169.1985	0.4421891	1.480989	2.303469
28464	-3413.036	-3582.39	169.3536	0.4648901	1.561854	2.125079
28470	-3411.535	-3581.586	170.0502	0.4859769	1.566251	1.621185
28476	-3414.401	-3584.37	169.9696	0.4887154	1.698603	1.580245
28482	-3416.464	-3586.378	169.9135	0.5482451	1.658678	1.580245
28488	-3425.898	-3595.831	169.9329	0.5066753	1.705519	1.580245
28494	-3412.401	-3582.044	169.6431	0.3687615	1.552046	2.059958
28500	-3410.369	-3579.786	169.4168	0.4644848	1.531981	2.103756
28506	-3420.465	-3589.847	169.3813	0.5114008	1.545699	2.0661
28512	-3428.635	-3597.881	169.2461	0.4221466	1.52579	2.267755
28518	-3423.838	-3593.431	169.5931	0.4221466	1.528492	2.039966
28524	-3415.523	-3585.068	169.5444	0.4651548	1.559604	2.0003
28530	-3419.314	-3589.36	170.0457	0.4188822	1.704133	1.610826
28536	-3432.39	-3602.738	170.3481	0.3913837	1.690853	1.434627
28542	-3430.859	-3601.309	170.4498	0.3101294	1.729763	1.458086
28548	-3418.2	-3588.516	170.3156	0.4799675	1.839877	1.210856
28554	-3417.32	-3586.632	169.3115	0.4396193	1.626283	2.139737
28560	-3419.512	-3588.539	169.0267	0.4877389	1.397666	2.41504
28566	-3418.769	-3588.086	169.3165	0.4205216	1.48497	2.2507
28572	-3422.216	-3590.716	168.5003	0.4485809	1.389864	2.787813
28578	-3412.131	-3580.258	168.1271	0.3808456	1.386822	3.091381
28584	-3418.834	-3587.184	168.35	0.3405087	1.479507	2.952258
28590	-3422.338	-3592.119	169.7815	0.3765481	1.641155	1.897218
28596	-3411.266	-3580.97	169.704	0.426185	1.670332	1.865041
28602	-3401.287	-3571.275	169.9883	0.315455	1.677299	1.81984
28608	-3399.88	-3569.944	170.0636	0.3788957	1.719027	1.642922
28614	-3402.281	-3572.333	170.0527	0.3853955	1.682376	1.66773
28620	-3404.905	-3574.878	169.9734	0.3280379	1.610064	1.857028
28626	-3407.668	-3577.52	169.8523	0.3860989	1.610271	1.857028
28632	-3419.037	-3589.46	170.423	0.3324028	1.724687	1.444512
28638	-3415.174	-3585.052	169.8782	0.4448046	1.638828	1.742917
28644	-3421.962	-3591.124	169.1612	0.3873281	1.530514	2.361389
28650	-3416.493	-3586.653	170.1593	0.5125608	1.771647	1.350667
28656	-3418.437	-3588.484	170.0463	0.4653432	1.695879	1.555275
28662	-3416.245	-3586.244	169.9994	0.4332976	1.695879	1.631012
28668	-3409.791	-3579.671	169.8795	0.5005928	1.753547	1.591438
28674	-3405.873	-3576.14	170.2678	0.3979107	1.767871	1.427358
28680	-3402.939	-3573.338	170.3989	0.41024	1.844214	1.242504
28686	-3401.188	-3571.634	170.4455	0.3965976	1.952233	1.131457
28692	-3412.327	-3582.855	170.528	0.3997924	1.928618	1.071881
28698	-3416.377	-3586.751	170.3736	0.462328	1.928618	1.108553
28704	-3413.802	-3583.941	170.1386	0.4254813	1.928618	1.362172
28710	-3418.306	-3587.184	168.8778	0.4756104	1.478126	2.470994
28716	-3422.871	-3591.486	168.6157	0.3790395	1.300901	2.851458
28722	-3417.697	-3587.906	170.2092	0.480924	1.854034	1.286454
28728	-3418.015	-3588.098	170.0832	0.4097629	1.806861	1.520401
28734	-3421.821	-3592.034	170.2131	0.4351157	1.867989	1.33706
28740	-3423.004	-3593.249	170.2456	0.4100593	1.897053	1.325084
28746	-3421.498	-3591.796	170.2981	0.4024647	1.859012	1.325084
28752	-3413.46	-3583.625	170.1652	0.4445661	1.914587	1.324461
28758	-3412.61	-3582.751	170.1402	0.3461158	1.857788	1.535006
28764	-3404.93	-3575.096	170.1664	0.387356	1.817365	1.48259
28770	-3411.273	-3581.261	169.9875	0.3860164	1.617416	1.758773
28776	-3412.489	-3581.996	169.5074	0.4937655	1.579077	1.979535
28782	-3409.828	-3579.498	169.6705	0.4867494	1.67817	1.80937
28788	-3405.956	-3575.622	169.6661	0.3621942	1.584207	2.03237
28794	-3403.086	-3572.355	169.269	0.2929521	1.582963	2.388641
28800	-3408.985	-3577.189	168.2046	0.2693596	1.435627	3.163676
28806	-3416.734	-3584.675	167.9407	0.3234347	1.373854	3.281145
28812	-3414.739	-3583.348	168.6093	0.3770529	1.32132	2.845381
28818	-3403.27	-3571.611	168.3407	0.501388	1.364191	2.845381
28824	-3410.633	-3579.486	168.8531	0.3602206	1.446889	2.640453
28830	-3422.021	-3591.43	169.4088	0.3084978	1.512496	2.321665
28836	-3427.106	-3596.288	169.1812	0.3994585	1.578062	2.303333
28842	-3415.556	-3585.121	169.5644	0.4006172	1.650429	2.0051
28848	-3441.198	-3610.857	169.6589	0.4402472	1.779825	1.803137
28854	-3429.997	-3599.91	169.9124	0.4126268	1.708523	1.711416
28860	-3423.047	-3592.495	169.4483	0.4502297	1.581228	2.067108
28866	-3422.049	-3591.455	169.4061	0.373522	1.50228	2.240553
28872	-3409.258	-3578.709	169.4516	0.3017251	1.550342	2.28011
28878	-3415.428	-3584.935	169.5072	0.4272375	1.458057	2.136587
28884	-3414.067	-3584.006	169.9397	0.3627665	1.541986	1.876119
28890	-3408.706	-3578.509	169.8027	0.3994741	1.605782	1.876119
28896	-3417.251	-3587.067	169.8156	0.3908297	1.544188	1.920608
28902	-3403.12	-3573.251	170.1307	0.3908297	1.768636	1.540565
28908	-3407.989	-3578.034	170.0442	0.399102	1.699681	1.642212
28914	-3419.296	-3589.203	169.9077	0.399102	1.699681	1.739175
28920	-3415.531	-3585.553	170.0212	0.3395801	1.746242	1.711746
28926	-3412.177	-3582.117	169.9408	0.3670089	1.709308	1.753866
28932	-3410.885	-3580.707	169.8224	0.2863244	1.525186	2.079418
28938	-3411.405	-3581.137	169.7319	0.3886124	1.619277	1.929341
28944	-3412.121	-3581.728	169.6075	0.3639639	1.529482	2.10473
28950	-3407.697	-3577.313	169.6159	0.3665376	1.515772	2.10473
28956	-3412.734	-3582.139	169.4056	0.358845	1.415164	2.315927
28962	-3406.722	-3575.928	169.2061	0.358845	1.442468	2.425007
28968	-3415.646	-3584.653	169.007	0.358845	1.370965	2.593984
28974	-3419.177	-3587.398	168.2211	0.4390403	1.143825	3.114382
28980	-3435.11	-3603.603	168.4931	0.4781858	1.207415	2.871615
28986	-3415.701	-3584.256	168.5545	0.4124716	1.263855	2.871615
28992	-3428.128	-3596.604	168.4757	0.4108848	1.260079	2.923336
28998	-3419.401	-3587.496	168.095	0.3990767	1.227628	3.183879
29004	-3416.882	-3585.185	168.3026	0.4228574	1.275349	3.004762
29010	-3406.872	-3574.423	167.5502	0.4532115	1.149125	3.491699
29016	-3413.73	-3581.538	167.8082	0.4532115	1.23986	3.287142
29022	-3408.496	-3576.057	167.5605	0.386553	1.30934	3.464766
29028	-3404.28	-3571.159	166.8786	0.3187764	1.19729	4.005445
29034	-3410.195	-3577.686	167.4912	0.5635734	1.118671	3.438343
29040	-3409.897	-3578.218	168.3207	0.482804	1.246629	2.947326
29046	-3407.386	-3575.165	167.7788	0.4970651	1.246629	3.256159
29052	-3414.379	-3581.535	167.1559	0.4459017	1.215106	3.689964
29058	-3411.318	-3578.884	167.5658	0.3749293	1.151178	3.56737
29064	-3431.37	-3600.586	169.2152	0.4187428	1.381311	2.383503
29070	-3417.705	-3586.975	169.2691	0.2981696	1.508887	2.427574
29076	-3422.349	-3591.455	169.106	0.3680938	1.46377	2.462588
29082	-3436.598	-3605.619	169.0216	0.48519	1.571345	2.310857
29088	-3424.798	-3593.974	169.1758	0.4279526	1.521919	2.308345
29094	-3422.961	-3592.001	169.0402	0.3618799	1.530133	2.470233
29100	-3425.703	-3594.598	168.8943	0.4192434	1.451106	2.540519
29106	-3423.165	-3592.12	168.9552	0.3702829	1.485474	2.540519
29112	-3413.572	-3582.22	168.6476	0.3980689	1.443586	2.722295
29118	-3430.403	-3599.266	168.8632	0.475584	1.322777	2.576998
29124	-3411.547	-3580.869	169.3216	0.459743	1.50765	2.187027
29130	-3418.151	-3586.881	168.7303	0.4254194	1.389541	2.672945
29136	-3421.786	-3591.113	169.3274	0.471665	1.528081	2.156549
29142	-3418.619	-3588.046	169.4273	0.4438729	1.447078	2.176059
29148	-3409.783	-3579.266	169.4826	0.4438729	1.487869	2.113398
29154	-3419.136	-3588.65	169.5143	0.4555505	1.552065	2.036522
29160	-3429.29	-3598.551	169.2614	0.5182612	1.404649	2.229007
29166	-3423.193	-3592.335	169.1421	0.4348872	1.432235	2.378718
29172	-3431.928	-3598.016	166.0886	0.4268254	1.166747	4.34704
29178	-3431.472	-3599.637	168.165	0.4105856	1.270997	3.103403
29184	-3422.655	-3591.996	169.3406	0.4439901	1.505418	2.194296
29190	-3418.342	-3587.704	169.3616	0.4966903	1.545018	2.095436
29196	-3420.88	-3589.359	168.4793	0.3509683	1.331508	2.950101
29202	-3420.109	-3587.254	167.1446	0.3155312	1.183271	3.865248
29208	-3423.011	-3590.789	167.7786	0.3971955	1.319461	3.318712
29214	-3422.927	-3590.643	167.7157	0.3654246	1.271904	3.42072
29220	-3417.557	-3586.07	168.5135	0.3654246	1.252471	2.95908
29226	-3417.325	-3586.001	168.6759	0.4056272	1.388966	2.729524
29232	-3414.16	-3583.145	168.9853	0.4290109	1.407902	2.499405
29238	-3423.019	-3592.164	169.1449	0.5308984	1.522362	2.215184
29244	-3431.124	-3601.068	169.9442	0.3140677	1.694827	1.840272
29250	-3419.754	-3587.7	167.9457	0.4029402	1.297985	3.226264
29256	-3413.646	-3581.276	167.6294	0.3253266	1.178675	3.5752
29262	-3413.128	-3583.186	170.0581	0.3661685	1.714303	1.668621
29268	-3421.057	-3590.426	169.3693	0.4793783	1.540032	2.112778
29274	-3405.859	-3575.372	169.5123	0.4096112	1.522293	2.112778
29280	-3416.241	-3585.057	168.8167	0.3497839	1.362515	2.728015
29286	-3421.519	-3590.53	169.0109	0.3909888	1.387416	2.541166
29292	-3411.275	-3579.253	167.9782	0.3924633	1.31832	3.20698
29298	-3411.967	-3579.915	167.9488	0.4520416	1.236974	3.20698
29304	-3416.15	-3583.956	167.806	0.338501	1.333349	3.364899
29310	-3426.315	-3594.2	167.8851	0.4247728	1.346785	3.208908
29316	-3418.671	-3587.981	169.31	0.3576335	1.481035	2.336432
29322	-3416.731	-3585.991	169.2605	0.4027323	1.523448	2.283501
29328	-3425.718	-3595.093	169.3747	0.4027323	1.589061	2.167554
29334	-3424.277	-3593.648	169.3714	0.3925894	1.650871	2.142224
29340	-3409.281	-3578.584	169.3035	0.4289768	1.599533	2.174978
29346	-3410.648	-3579.833	169.1851	0.4554421	1.670332	2.174978
29352	-3424.491	-3593.599	169.1074	0.4273897	1.54773	2.33613
29358	-3429.543	-3599.012	169.4696	0.4557521	1.538332	2.074928
29364	-3416.778	-3585.724	168.9451	0.4557521	1.480371	2.449002
29370	-3406.305	-3575.374	169.0695	0.3995013	1.459675	2.449002
29376	-3412.755	-3581.633	168.8776	0.3534583	1.473003	2.617854
29382	-3430.196	-3598.98	168.7834	0.445397	1.426616	2.5949
29388	-3420.002	-3588.231	168.2291	0.445397	1.426649	2.933316
29394	-3421.837	-3589.792	167.9547	0.4221396	1.176733	3.271164
29400	-3420.192	-3586.629	166.4369	0.3446229	1.16812	4.24126
29406	-3432.436	-3600.08	167.644	0.4655735	1.198505	3.395226
29412	-3428.263	-3595.867	167.6037	0.4703564	1.290165	3.360255
29418	-3413.456	-3581.493	168.037	0.395176	1.260512	3.20324
29424	-3417.38	-3585.584	168.2039	0.3738601	1.36634	3.066118
29430	-3420.435	-3587.952	167.5172	0.4210252	1.350512	3.427377
29436	-3427.137	-3595.336	168.1987	0.3417068	1.390001	3.094992
29442	-3410.279	-3577.979	167.6999	0.4015667	1.318382	3.36068
29448	-3411.241	-3578.165	166.9238	0.4015667	1.203422	3.877765
29454	-3408.694	-3577.276	168.5816	0.325481	1.36825	2.899399
29460	-3403.849	-3572.544	168.6948	0.3352856	1.429611	2.780464
29466	-3410.327	-3579.025	168.6976	0.4114806	1.44311	2.676154
29472	-3416.922	-3586.048	169.1258	0.3264452	1.527846	2.465352
29478	-3420.041	-3589.231	169.1894	0.3952412	1.497947	2.354314
29484	-3414.28	-3583.13	168.85	0.3554387	1.405998	2.673679
29490	-3414.689	-3583.279	168.5895	0.4964678	1.460202	2.639501
29496	-3418.428	-3586.896	168.4673	0.4964678	1.582427	2.639501
29502	-3410.891	-3579.715	168.8241	0.4354942	1.513064	2.526992
29508	-3420.579	-3589.726	169.1469	0.4711397	1.555016	2.256458
29514	-3413.242	-3582.612	169.3696	0.4279267	1.570415	2.152211
29520	-3413.435	-3582.644	169.2083	0.4213973	1.579472	2.258469
29526	-3418.984	-3588.237	169.2526	0.5542835	1.429586	2.181859
29532	-3419.174	-3588.802	169.6286	0.4792744	1.649332	1.866659
29538	-3406.425	-3576.325	169.8999	0.4380237	1.664896	1.717937
29544	-3409.262	-3579.265	170.0031	0.3521824	1.698722	1.739101
29550	-3414.816	-3584.746	169.9306	0.4778297	1.729219	1.59981
29556	-3417.811	-3587.873	170.0623	0.3514343	1.882517	1.565968
29562	-3403.633	-3573.516	169.883	0.4922935	1.747225	1.603513
29568	-3410.241	-3579.703	169.4623	0.409671	1.639319	2.068663
29574	-3416.479	-3585.819	169.3398	0.4461694	1.490531	2.201945
29580	-3409.185	-3578.105	168.919	0.5333167	1.403637	2.432302
29586	-3409.143	-3578.058	168.9155	0.4588098	1.542463	2.4252
29592	-3416.834	-3585.234	168.4004	0.3516781	1.28923	3.021977
29598	-3412.249	-3581.071	168.8219	0.4189587	1.403291	2.615386
29604	-3409.759	-3578.011	168.2522	0.4851541	1.286324	2.962271
29610	-3412.135	-3581.28	169.1456	0.457037	1.404017	2.369285
29616	-3416.587	-3585.986	169.3993	0.4562639	1.404017	2.207788
29622	-3410.336	-3579.733	169.3971	0.4540348	1.506603	2.145185
29628	-3412.419	-3581.459	169.04	0.4540348	1.491173	2.384298
29634	-3422.676	-3591.817	169.1404	0.3803395	1.528956	2.384298
29640	-3425.483	-3594.756	169.2737	0.3731468	1.464758	2.349652
29646	-3429.96	-3599.37	169.4096	0.3791506	1.475563	2.24821
29652	-3428.76	-3597.112	168.3523	0.3244536	1.282119	3.090093
29658	-3425.274	-3592.879	167.6056	0.5073959	1.216999	3.365584
29664	-3420.814	-3587.41	166.5955	0.5149414	1.133905	3.991259
29670	-3426.376	-3595.199	168.8228	0.3763786	1.490777	2.611704
29676	-3430.443	-3599.579	169.1357	0.4061603	1.48823	2.381202
29682	-3427.383	-3596.495	169.1117	0.4257407	1.584278	2.31205
29688	-3418.311	-3587.998	169.6865	0.347901	1.588784	2.035611
29694	-3412.616	-3582.431	169.815	0.4613519	1.607408	1.788463
29700	-3415.754	-3585.32	169.5667	0.3721642	1.508311	2.134306
29706	-3422.479	-3592.135	169.6559	0.3251292	1.635839	2.057265
29712	-3420.972	-3589.822	168.8494	0.3833578	1.429965	2.624244
29718	-3419.815	-3588.745	168.9303	0.3551434	1.406497	2.624244
29724	-3423.491	-3591.883	168.3917	0.3865908	1.478235	2.870623
29730	-3411.148	-3580.441	169.2935	0.3865908	1.499119	2.298072
29736	-3411.999	-3580.941	168.9426	0.3994559	1.478214	2.516877
29742	-3419.646	-3588.613	168.9674	0.4426316	1.353149	2.529257
29748	-3413.793	-3582.596	168.8032	0.4217707	1.353149	2.654661
29754	-3411.396	-3580.048	168.6519	0.4460491	1.409471	2.685841
29760	-3409.798	-3578.568	168.7708	0.3637528	1.467664	2.673864
29766	-3404.604	-3573.434	168.8294	0.3637528	1.406313	2.675517
29772	-3417.833	-3586.785	168.952	0.3072613	1.406313	2.675517
29778	-3424.437	-3593.284	168.8462	0.3278064	1.408038	2.711069
29784	-3405.256	-3573.477	168.2218	0.4618287	1.254136	3.023883
29790	-3408.058	-3575.673	167.6145	0.4618287	1.265594	3.377012
29796	-3418.193	-3585.714	167.5215	0.5136107	1.271444	3.377012
29802	-3406.192	-3573.488	167.2955	0.3822633	1.216236	3.677939
29808	-3417.69	-3585.007	167.3169	0.3715492	1.216292	3.677939
29814	-3411.735	-3579.059	167.3238	0.4441886	1.304064	3.542733
29820	-3416.052	-3584.277	168.2247	0.3840827	1.376776	3.035229
29826	-3414.254	-3582.912	168.6576	0.3966266	1.399756	2.744674
29832	-3426.595	-3595.737	169.1426	0.3966266	1.489511	2.387642
29838	-3420.302	-3589.032	168.7303	0.56117	1.383281	2.536107
29844	-3425.922	-3594.18	168.2579	0.421265	1.383281	2.96858
29850	-3424.814	-3593.662	168.8477	0.3034345	1.481325	2.698941
29856	-3419.314	-3587.859	168.5445	0.4225967	1.338506	2.820948
29862	-3422.37	-3592.251	169.8808	0.4402635	1.59096	1.780237
29868	-3419.906	-3589.328	169.4211	0.4079004	1.606658	2.119425
29874	-3425.843	-3595.342	169.4995	0.3682598	1.52815	2.170352
29880	-3412.323	-3581.343	169.0198	0.4789963	1.514834	2.354673
29886	-3409.209	-3578.713	169.5039	0.4414551	1.670923	1.981078
29892	-3425.188	-3594.961	169.7735	0.419868	1.666156	1.828315
29898	-3434.872	-3604.371	169.4993	0.3960466	1.523283	2.137654
29904	-3423.851	-3593.693	169.8421	0.3901758	1.611056	1.857957
29910	-3410.772	-3580.436	169.6646	0.3734142	1.611056	2.000303
29916	-3411.502	-3581.221	169.7192	0.3831163	1.537069	2.000303
29922	-3406.456	-3576.292	169.8367	0.3831163	1.699716	1.810341
29928	-3417.649	-3587.518	169.8694	0.4384766	1.689311	1.721633
29934	-3412.579	-3582.549	169.9699	0.3273874	1.663493	1.823724
29940	-3408.148	-3578.278	170.1295	0.3447537	1.591852	1.736394
29946	-3413.727	-3583.718	169.991	0.3366997	1.695333	1.772989
29952	-3417.883	-3587.869	169.9858	0.309645	1.695333	1.818201
29958	-3423.297	-3592.959	169.6619	0.4643542	1.695333	1.829886
29964	-3411.899	-3581.709	169.81	0.4078048	1.650029	1.829886
29970	-3421.73	-3591.564	169.8343	0.3844529	1.650029	1.844362
29976	-3413.899	-3583.646	169.7469	0.3462657	1.650029	1.956768
29982	-3421.608	-3591.161	169.5535	0.2515568	1.494422	2.329475
29988	-3413.536	-3582.586	169.05	0.3202088	1.346935	2.633632
29994	-3418.515	-3586.533	168.0179	0.4403326	1.348062	3.112365
30000	-3430.886	-3599.409	168.5227	0.4798936	1.330139	2.777312
30006	-3428.284	-3596.835	168.5505	0.421975	1.332854	2.821407
30012	-3433.211	-3601.826	168.6153	0.3558795	1.412746	2.812493
30018	-3431.698	-3600.109	168.4105	0.3016608	1.36644	3.035841
30024	-3419.313	-3588.054	168.7408	0.3634495	1.504763	2.669877
30030	-3429.784	-3598.998	169.2138	0.3827279	1.493455	2.35726
30036	-3422.841	-3592.232	169.391	0.3193061	1.426947	2.37182
30042	-3410.78	-3580.313	169.5329	0.4565805	1.532123	2.036221
30048	-3404.781	-3574.368	169.5869	0.474516	1.475871	2.016992
30054	-3402.715	-3572.042	169.327	0.464739	1.450039	2.215193
30060	-3411.148	-3580.689	169.5413	0.3845791	1.546286	2.10984
30066	-3415.82	-3585.112	169.292	0.3677083	1.53344	2.301274
30072	-3420.8	-3589.875	169.0756	0.3677083	1.502346	2.457945
30078	-3412.44	-3581.438	168.9983	0.4069677	1.502346	2.457945
30084	-3424.865	-3594.353	169.488	0.3736461	1.479209	2.202432
30090	-3424.809	-3594.166	169.3566	0.3116961	1.488247	2.365649
30096	-3417.787	-3586.593	168.8056	0.4272939	1.435065	2.596239
30102	-3415.835	-3584.685	168.8501	0.4749814	1.376605	2.552371
30108	-3415.809	-3584.523	168.7145	0.4918876	1.242094	2.701484
30114	-3442.355	-3611.602	169.2469	0.3954372	1.57019	2.271325
30120	-3435.466	-3605.486	170.0199	0.3456006	1.548795	1.841107
30126	-3420.519	-3590.378	169.8583	0.3688629	1.481944	1.963275
30132	-3414.565	-3582.901	168.3362	0.5272097	1.332068	2.842251
30138	-3420.607	-3589.138	168.5301	0.3548124	1.335428	2.912285
30144	-3417.234	-3586.306	169.0716	0.3548124	1.324415	2.588027
30150	-3412.685	-3581.584	168.8995	0.4222281	1.315192	2.618118
30156	-3413.294	-3582.087	168.7936	0.4723354	1.306543	2.633591
30162	-3410.414	-3578.622	168.2082	0.3368368	1.363053	3.111637
30168	-3409.638	-3578.716	169.0782	0.412744	1.418351	2.453658
30174	-3408.456	-3576.078	167.622	0.4688133	1.356992	3.311755
30180	-3410.072	-3578.122	168.0496	0.2975743	1.298852	3.295918
30186	-3416.697	-3585.28	168.5831	0.3525275	1.424237	2.829335
30192	-3427.467	-3596.478	169.0106	0.4242437	1.528722	2.413209
30198	-3409.318	-3578.081	168.7626	0.4291386	1.456105	2.60774
30204	-3417.292	-3586.422	169.1308	0.3580086	1.509724	2.431152
30210	-3428.604	-3597.729	169.1256	0.2731492	1.509724	2.554456
30216	-3417.889	-3586.592	168.7032	0.2962633	1.49046	2.791905
30222	-3410.588	-3579.27	168.6828	0.3306268	1.432966	2.791905
30228	-3409.273	-3577.454	168.181	0.3734656	1.328188	3.103049
30234	-3429.255	-3596.926	167.6711	0.3266486	1.326941	3.462833
30240	-3419.208	-3587.417	168.2096	0.4574272	1.263621	3.030141
30246	-3434.101	-3601.054	166.9529	0.4574272	1.214156	3.795866
30252	-3436.441	-3602.895	166.4534	0.3392105	1.181979	4.230604
30258	-3421.483	-3589.302	167.8189	0.3442197	1.380595	3.32231
30264	-3417.198	-3586.189	168.9907	0.4054962	1.399631	2.528684
30270	-3428.607	-3596.466	167.859	0.3641813	1.234443	3.360173
30276	-3416.923	-3584.84	167.9176	0.3307147	1.425025	3.255124
30282	-3408.795	-3575.888	167.0927	0.4663581	1.231724	3.696037
30288	-3415.217	-3583.893	168.6761	0.3211192	1.319962	2.877328
30294	-3420.34	-3588.401	168.0611	0.4038006	1.218371	3.204118
30300	-3424.019	-3591.581	167.562	0.4070895	1.272295	3.462307
30306	-3422.562	-3589.197	166.6347	0.3344544	1.228549	4.10697
30312	-3422.427	-3590.235	167.8074	0.4671672	1.32974	3.220078
30318	-3422.417	-3590.529	168.1119	0.4576079	1.431613	2.987768
30324	-3420.179	-3589.268	169.0882	0.4768778	1.540684	2.296943
30330	-3420.674	-3590.28	169.6059	0.3657743	1.566824	2.078796
30336	-3428.009	-3597.241	169.232	0.3030638	1.549131	2.418395
30342	-3425.844	-3595.533	169.6886	0.2480044	1.508509	2.239882
30348	-3426.474	-3595.738	169.2632	0.3700376	1.494528	2.341407
30354	-3415.922	-3584.359	168.4371	0.3468848	1.431148	2.920718
30360	-3426.064	-3594.624	168.5605	0.406648	1.436511	2.769784
30366	-3428.326	-3597.607	169.281	0.406648	1.492463	2.285433
30372	-3427.751	-3596.408	168.6573	0.351239	1.484687	2.748917
30378	-3434.282	-3603.076	168.7938	0.5046644	1.346414	2.57517
30384	-3420.041	-3588.193	168.1526	0.3893291	1.407972	3.053502
30390	-3425.426	-3593.632	168.2062	0.3183709	1.390511	3.120678
30396	-3427.04	-3594.548	167.5074	0.3140291	1.320124	3.578595
30402	-3419.249	-3587.762	168.5128	0.4145924	1.394332	2.81534
30408	-3412.651	-3581.89	169.239	0.4540093	1.426637	2.298841
30414	-3415.484	-3584.484	168.9994	0.3984762	1.553686	2.435199
30420	-3417.289	-3586.104	168.8148	0.3984762	1.365334	2.667156
30426	-3415.116	-3584.037	168.9207	0.3905278	1.396214	2.592296
30432	-3418.076	-3587.168	169.092	0.3344122	1.398176	2.556553
30438	-3421.534	-3590.982	169.448	0.4243927	1.529442	2.132036
30444	-3427.035	-3596.656	169.6205	0.3908362	1.520294	2.066752
30450	-3414.535	-3584.204	169.6687	0.4517141	1.588582	1.913259
30456	-3437.1	-3606.218	169.1178	0.3059516	1.584604	2.463744
30462	-3412.691	-3581.089	168.3982	0.3564637	1.269621	3.029058
30468	-3405.084	-3573.191	168.1075	0.4335668	1.269621	3.113046
30474	-3414.902	-3582.83	167.9285	0.3909039	1.303682	3.246875
30480	-3407.694	-3574.74	167.0457	0.4257593	1.226204	3.768331
30486	-3413.413	-3581.168	167.7546	0.4904295	1.323827	3.231367
30492	-3429.578	-3597.761	168.1829	0.386376	1.285493	3.111979
30498	-3416.13	-3584.18	168.0504	0.3940239	1.244112	3.206381
30504	-3421.227	-3589.802	168.5748	0.2718024	1.39063	2.965719
30510	-3410.708	-3579.41	168.7019	0.3949998	1.411963	2.712054
30516	-3412.175	-3581.05	168.8749	0.3949998	1.460774	2.575254
30522	-3410.303	-3578.342	168.0389	0.3949998	1.325548	3.163747
30528	-3419.863	-3588.613	168.7507	0.3822465	1.503056	2.641415
30534	-3406.758	-3575.531	168.7729	0.3931441	1.459411	2.641415
30540	-3409.746	-3578.672	168.9264	0.4150328	1.450969	2.525496
30546	-3420.758	-3589.809	169.0513	0.4001748	1.480268	2.44669
30552	-3413.95	-3583.215	169.2647	0.4604992	1.435977	2.269117
30558	-3422.609	-3590.956	168.347	0.506145	1.464419	2.77586
30564	-3414.138	-3583.175	169.0372	0.377314	1.464419	2.493598
30570	-3417.646	-3586.223	168.5773	0.414773	1.375554	2.787344
30576	-3426.222	-3592.853	166.6313	0.3506582	1.155141	4.130994
30582	-3427.409	-3594.263	166.8541	0.3699204	1.211511	3.948919
30588	-3429.458	-3596.337	166.8797	0.3887644	1.214502	3.911024
30594	-3422.763	-3589.753	166.9903	0.5480779	1.226798	3.680653
30600	-3408.901	-3576.767	167.8655	0.4260329	1.237518	3.283702
30606	-3409.725	-3578.033	168.3079	0.3077276	1.406632	3.064776
30612	-3412.259	-3581.259	168.9997	0.3211588	1.555257	2.534381
30618	-3412.224	-3581.453	169.2292	0.351378	1.529456	2.365311
30624	-3424.203	-3593.68	169.4776	0.2722454	1.528574	2.322556
30630	-3418.889	-3588.037	169.1483	0.2979818	1.410471	2.564944
30636	-3431.636	-3599.669	168.0336	0.4958135	1.327604	3.057844
30642	-3428.695	-3597.024	168.3291	0.3573477	1.366487	3.011364
30648	-3426.563	-3594.697	168.1345	0.3402537	1.29761	3.189945
30654	-3432.139	-3599.641	167.5014	0.3731353	1.18084	3.58967
30660	-3422.811	-3591.246	168.4342	0.3733803	1.31975	2.956541
30666	-3429.519	-3598.074	168.5547	0.4307242	1.384006	2.777885
30672	-3407.295	-3576.53	169.2355	0.3767231	1.594896	2.286468
30678	-3428.319	-3598.22	169.9008	0.4127664	1.479359	1.878168
30684	-3431.07	-3599.945	168.8746	0.3799932	1.470766	2.58755
30690	-3426.416	-3595.769	169.353	0.3582168	1.459942	2.321743
30696	-3417.616	-3586.222	168.6058	0.4356943	1.460833	2.69406
30702	-3425.764	-3595.035	169.2713	0.3781168	1.44257	2.358916
30708	-3436.75	-3605.33	168.58	0.4784979	1.437804	2.677804
30714	-3417.117	-3583.441	166.3241	0.3907745	1.114456	4.282158
30720	-3408.674	-3575.463	166.7891	0.425657	1.181771	3.941424
30726	-3422.075	-3589.653	167.578	0.3989906	1.267853	3.464631
30732	-3405.784	-3573.24	167.4557	0.3273289	1.22668	3.645605
30738	-3407.296	-3575.12	167.8238	0.4138279	1.209564	3.338131
30744	-3405.132	-3572.152	167.0201	0.3585516	1.163826	3.894535
30750	-3412.281	-3581.008	168.7274	0.3585516	1.326712	2.793233
30756	-3415.304	-3583.881	168.5767	0.318409	1.386552	2.900852
30762	-3412.381	-3580.351	167.9701	0.423409	1.32526	3.172752
30768	-3422.273	-3590.382	168.1089	0.3927763	1.173763	3.214833
30774	-3422.857	-3590.321	167.4637	0.3556167	1.172973	3.636972
30780	-3417.551	-3586.088	168.5368	0.3803966	1.361835	2.860719
30786	-3421.032	-3589.486	168.4546	0.3857031	1.362083	2.903919
30792	-3413.316	-3581.197	167.8804	0.3422267	1.362083	3.299549
30798	-3411.314	-3578.926	167.6114	0.4334021	1.189261	3.453274
30804	-3404.467	-3571.652	167.1841	0.3778788	1.149248	3.785994
30810	-3402.221	-3570.459	168.2383	0.3295313	1.338111	3.117987
30816	-3400.515	-3568.876	168.3607	0.4108373	1.355543	2.935184
30822	-3418.053	-3586.927	168.8739	0.3592224	1.555747	2.561455
30828	-3414.067	-3583.689	169.6228	0.4186776	1.619625	1.963738
30834	-3413.322	-3582.921	169.5993	0.4198966	1.640934	1.963738
30840	-3414.35	-3584.053	169.703	0.2664119	1.540544	2.179337
30846	-3417.551	-3586.709	169.1587	0.3370456	1.437523	2.48682
30852	-3418.031	-3587.053	169.022	0.4001962	1.445526	2.48682
30858	-3414.6	-3583.735	169.1354	0.4394672	1.514152	2.325642
30864	-3423.973	-3593.481	169.5077	0.4448818	1.64723	1.990215
30870	-3429.918	-3599.703	169.7854	0.4385967	1.64723	1.809396
30876	-3414.77	-3584.595	169.8248	0.4728636	1.685677	1.71288
30882	-3417.825	-3587.906	170.0803	0.4073715	1.652959	1.638446
30888	-3426.438	-3595.651	169.2131	0.5005087	1.562445	2.176878
30894	-3412.079	-3581.593	169.5146	0.3587378	1.52253	2.176878
30900	-3410.16	-3578.481	168.3214	0.3942439	1.438983	2.927789
30906	-3413.846	-3581.607	167.7608	0.3720106	1.32929	3.352731
30912	-3421.096	-3588.746	167.65	0.3639011	1.276579	3.458236
30918	-3427.696	-3595.483	167.7867	0.4645834	1.24099	3.287375
30924	-3436.729	-3604.957	168.2281	0.3280767	1.34731	3.120532
30930	-3424.966	-3593.469	168.5022	0.3661303	1.373916	2.891769
30936	-3439.103	-3607.475	168.372	0.3661303	1.362745	2.976971
30942	-3429.168	-3597.851	168.683	0.2969856	1.383414	2.868113
30948	-3418.94	-3587.662	168.7224	0.2969856	1.354174	2.861963
30954	-3412.208	-3580.632	168.4246	0.3886878	1.346304	2.927977
30960	-3408.928	-3577.575	168.6466	0.5194283	1.362674	2.641271
30966	-3400.521	-3568.483	167.9616	0.5194283	1.394964	3.037564
30972	-3402.114	-3570.568	168.4543	0.4766865	1.415027	2.770609
30978	-3413.218	-3582.202	168.9842	0.3144363	1.34975	2.680423
30984	-3417.305	-3583.72	166.4152	0.3495845	1.199766	4.229661
30990	-3409.5	-3576.549	167.0484	0.3154404	1.235585	3.890566
30996	-3411.043	-3579.09	168.0464	0.4362917	1.358211	3.093723
31002	-3407.452	-3576.292	168.8394	0.3170035	1.367383	2.7548
31008	-3413.146	-3582.329	169.1829	0.3528639	1.470343	2.429923
31014	-3427.03	-3596.237	169.2076	0.3686235	1.408514	2.432803
31020	-3418.5	-3586.715	168.2151	0.4207846	1.381269	2.99607
31026	-3422.472	-3589.953	167.4811	0.3812758	1.227073	3.565112
31032	-3421.57	-3589.115	167.5444	0.3025196	1.304229	3.581658
31038	-3418.853	-3586.263	167.4098	0.4184207	1.198248	3.581658
31044	-3415.624	-3585.104	169.48	0.3992907	1.651207	2.062235
31050	-3414.215	-3584.047	169.8321	0.4104043	1.669451	1.797859
31056	-3415.714	-3585.41	169.6955	0.3470907	1.716764	1.945284
31062	-3426.401	-3596.087	169.6855	0.3751812	1.699605	1.924451
31068	-3420.412	-3589.82	169.4078	0.3983738	1.677688	2.093523
31074	-3426.087	-3595.408	169.3206	0.4219845	1.673804	2.123897
31080	-3426.49	-3594.633	168.1436	0.3855275	1.315373	3.118606
31086	-3421.12	-3590.237	169.1169	0.3276	1.470493	2.505222
31092	-3422.693	-3591.915	169.2221	0.3765478	1.575384	2.307733
31098	-3415.809	-3585.245	169.4356	0.3228683	1.592834	2.232281
31104	-3434.179	-3603.058	168.8792	0.4473736	1.388564	2.556857
31110	-3422.255	-3591.034	168.7787	0.3606232	1.467231	2.673249
31116	-3427.682	-3596.889	169.2078	0.3426681	1.445645	2.44335
31122	-3423.08	-3593.029	169.9492	0.3037657	1.782704	1.792452
31128	-3416.302	-3586.067	169.7648	0.4077339	1.764568	1.782057
31134	-3422.539	-3591.478	168.939	0.4077339	1.672292	2.387283
31140	-3418.533	-3587.899	169.3666	0.389696	1.68056	2.129724
31146	-3423.384	-3592.685	169.3004	0.4583777	1.629634	2.122964
31152	-3433.452	-3603.066	169.6134	0.3735792	1.678165	1.989498
31158	-3412.779	-3582.416	169.6372	0.433379	1.703903	1.878738
31164	-3424.127	-3593.643	169.5156	0.433379	1.671923	1.982367
31170	-3423.096	-3593.083	169.9864	0.4588751	1.779013	1.546409
31176	-3427.371	-3597.468	170.0977	0.3345236	1.909758	1.546409
31182	-3412.422	-3582.508	170.086	0.3674462	1.814689	1.574016
31188	-3408.988	-3579.249	170.2612	0.4354717	1.838763	1.32143
31194	-3415.182	-3585.588	170.4064	0.3869834	1.930736	1.200956
31200	-3416.988	-3587.353	170.3644	0.3553333	1.940208	1.281941
31206	-3419.327	-3589.632	170.3048	0.3553333	1.903792	1.359199
31212	-3421.412	-3591.887	170.4748	0.3458567	2.070182	1.091145
31218	-3419.891	-3590.478	170.5866	0.3458567	1.984054	1.067237
31224	-3424.328	-3594.884	170.5559	0.3726249	1.961728	1.06496
31230	-3422.792	-3593.227	170.435	0.3726249	1.817756	1.295262
31236	-3430.876	-3601.057	170.1808	0.5082994	1.851949	1.274045
31242	-3417.199	-3587.603	170.4042	0.3841286	1.967447	1.175995
31248	-3402.26	-3572.581	170.3215	0.4666354	2.004108	1.080148
31254	-3410.126	-3580.504	170.3779	0.3815209	2.007885	1.168207
31260	-3417.001	-3587.521	170.5199	0.3567341	1.969302	1.121187
31266	-3416.391	-3586.852	170.4611	0.4034557	1.966448	1.092331
31272	-3404.444	-3574.917	170.4727	0.3878914	1.944436	1.12928
31278	-3409.27	-3579.774	170.5039	0.3878914	1.944436	1.101009
31284	-3408.508	-3578.753	170.2449	0.4709834	1.944436	1.19508
31290	-3416.876	-3587.245	170.3699	0.3458866	2.033354	1.216257
31296	-3416.322	-3586.659	170.3369	0.5307024	2.033354	0.9297732
31302	-3420.898	-3591.333	170.4349	0.4810644	2.023549	0.9223754
31308	-3417.266	-3587.768	170.5014	0.3532422	1.892269	1.211226
31314	-3405.561	-3574.909	169.3478	0.3441268	1.566079	2.276184
31320	-3404.963	-3574.138	169.1756	0.4558729	1.566079	2.247952
31326	-3408.645	-3578.355	169.7106	0.4482855	1.587854	1.889411
31332	-3419.161	-3588.875	169.7136	0.3182667	1.525894	2.101739
31338	-3415.197	-3583.997	168.8002	0.3440902	1.506041	2.657454
31344	-3421.149	-3591.359	170.2107	0.4698326	1.775122	1.36388
31350	-3415.322	-3585.061	169.7382	0.3401056	1.561191	2.030633
31356	-3408.599	-3577.965	169.3664	0.3606411	1.561191	2.245094
31362	-3420.072	-3590.428	170.3564	0.3348136	1.852313	1.393401
31368	-3412.883	-3582.666	169.7825	0.3853153	1.628876	1.892992
31374	-3420.411	-3589.402	168.9911	0.3371379	1.363049	2.637127
31380	-3398.715	-3567.232	168.517	0.3735629	1.384082	2.86753
31386	-3410.087	-3578.572	168.4852	0.4291492	1.391396	2.817484
31392	-3416.21	-3585.295	169.0852	0.3839143	1.470121	2.45175
31398	-3406.057	-3574.317	168.2597	0.4011332	1.392264	2.984973
31404	-3415.322	-3583.735	168.413	0.3341639	1.28714	3.038117
31410	-3421.204	-3588.885	167.6817	0.3399293	1.215303	3.504916
31416	-3417.285	-3585.397	168.1121	0.3658404	1.435181	3.089578
31422	-3410.35	-3578.681	168.3304	0.3611779	1.363853	3.007363
31428	-3418.061	-3586.262	168.2011	0.3244536	1.371104	3.127185
31434	-3412.767	-3582.817	170.0495	0.3898137	1.827353	1.558692
31440	-3418.241	-3588.329	170.0885	0.3969041	1.826515	1.520128
31446	-3403.452	-3573.594	170.1417	0.4208139	1.826515	1.445733
31452	-3416.416	-3586.733	170.3173	0.4503507	1.84259	1.250495
31458	-3412.381	-3582.465	170.084	0.4563721	1.869987	1.407133
31464	-3419.223	-3589.439	170.2157	0.4953133	1.852047	1.262831
31470	-3415.217	-3585.734	170.5165	0.3450453	1.832962	1.262831
31476	-3418.506	-3588.929	170.4222	0.4319782	1.877248	1.159573
31482	-3428.995	-3599.414	170.4193	0.3783295	1.877248	1.249777
31488	-3423.778	-3594.222	170.4437	0.3783295	2.027226	1.097683
31494	-3424.549	-3595.036	170.4865	0.4051252	1.959149	1.07258
31500	-3418.13	-3588.838	170.708	0.2827842	1.999758	1.07258
31506	-3414.398	-3584.889	170.4904	0.2827842	1.925098	1.324028
31512	-3409.889	-3580.241	170.3529	0.3309133	1.825896	1.423172
31518	-3408.584	-3578.931	170.3468	0.3241739	1.839162	1.429057
31524	-3425.211	-3594.985	169.7739	0.3731181	1.612946	1.926121
31530	-3412.975	-3582.69	169.7156	0.4492276	1.616695	1.865228
31536	-3402.095	-3572.165	170.0705	0.2891639	1.589951	1.865228
31542	-3404.514	-3574.759	170.2452	0.4465188	1.809867	1.341444
31548	-3414.425	-3584.669	170.2446	0.4023622	1.819722	1.398571
31554	-3438.029	-3604.954	166.9244	0.3473513	1.114272	3.991131
31560	-3421.836	-3591.907	170.0718	0.4156378	1.701542	1.598151
31566	-3411.516	-3581.702	170.1863	0.3628606	1.731363	1.568452
31572	-3403.788	-3573.768	169.9805	0.4044587	1.675549	1.697538
31578	-3414.651	-3584.443	169.792	0.4140605	1.726356	1.781395
31584	-3407.163	-3576.273	169.1097	0.41429	1.397192	2.445296
31590	-3418.827	-3587.688	168.8616	0.4179263	1.512975	2.523862
31596	-3410.291	-3579.019	168.7274	0.4005091	1.38947	2.703628
31602	-3423.676	-3592.264	168.5874	0.4094798	1.394732	2.775576
31608	-3414.881	-3583.237	168.3561	0.4094798	1.334713	2.952047
31614	-3421.496	-3590.84	169.3438	0.3007438	1.555351	2.34717
31620	-3411.161	-3580.222	169.0616	0.4056314	1.606856	2.353618
31626	-3413.673	-3582.653	168.9797	0.4210804	1.533388	2.433407
31632	-3418.215	-3587.303	169.0878	0.4390093	1.533388	2.344222
31638	-3417.121	-3586.374	169.2525	0.3614089	1.518468	2.344222
31644	-3425.52	-3594.341	168.8219	0.4752744	1.398033	2.556231
31650	-3421.1	-3589.555	168.4552	0.3279992	1.323478	2.999144
31656	-3409.208	-3577.989	168.7812	0.3870903	1.574097	2.572647
31662	-3411.189	-3580.703	169.5142	0.4299654	1.530536	2.081231
31668	-3413.653	-3582.943	169.2896	0.3698888	1.570824	2.276055
31674	-3412.332	-3581.241	168.9082	0.3698888	1.490005	2.567399
31680	-3420.128	-3589.294	169.1667	0.383685	1.518936	2.369807
31686	-3424.36	-3593.424	169.0639	0.4109035	1.568965	2.369807
31692	-3426.93	-3595.536	168.6064	0.4904759	1.456706	2.637396
31698	-3416.611	-3585.524	168.9131	0.3401129	1.418423	2.647109
31704	-3417.976	-3587.613	169.637	0.4232353	1.604544	1.958685
31710	-3415.268	-3585.037	169.7691	0.3377345	1.643231	1.958685
31716	-3420.364	-3590.035	169.6706	0.332681	1.615124	2.050321
31722	-3428.689	-3598.63	169.9409	0.2875467	1.767946	1.834689
31728	-3425.745	-3595.819	170.0742	0.3699073	1.767528	1.613282
31734	-3416.671	-3586.799	170.1288	0.3816337	1.840752	1.501821
31740	-3423.661	-3593.645	169.9842	0.3584314	1.874432	1.618126
31746	-3419.186	-3589.555	170.3682	0.3632425	1.857986	1.332186
31752	-3414.831	-3584.893	170.0618	0.4183399	1.665406	1.627911
31758	-3410.624	-3580.327	169.7023	0.3053977	1.587659	2.08784
31764	-3407.579	-3576.59	169.0115	0.4530801	1.527262	2.380552
31770	-3413.374	-3582.637	169.2623	0.4448966	1.451189	2.278584
31776	-3412.893	-3582.227	169.3349	0.3591831	1.543586	2.278584
31782	-3407.687	-3576.249	168.5617	0.433954	1.41596	2.750526
31788	-3417.96	-3586.449	168.4885	0.3941904	1.402097	2.849081
31794	-3423.455	-3592.022	168.5666	0.3717182	1.368674	2.849081
31800	-3418.941	-3587.485	168.5446	0.3126098	1.427572	2.903325
31806	-3421.144	-3589.77	168.6267	0.3655483	1.421576	2.788008
31812	-3418.056	-3587.067	169.0107	0.5197151	1.486479	2.335593
31818	-3420.341	-3589.528	169.187	0.4219914	1.478971	2.335593
31824	-3411.546	-3580.7	169.1536	0.393488	1.506056	2.374044
31830	-3419.263	-3589.165	169.9019	0.3593474	1.625971	1.849371
31836	-3425.232	-3595.131	169.8992	0.3957644	1.597426	1.820671
31842	-3417.834	-3587.566	169.732	0.4169307	1.568464	1.926916
31848	-3424.711	-3594.351	169.6406	0.3976798	1.478488	2.072289
31854	-3411.687	-3580.932	169.2455	0.4746781	1.472493	2.242212
31860	-3403.781	-3573.578	169.7967	0.3123444	1.600013	2.006689
31866	-3409.635	-3579.431	169.7964	0.4242297	1.611182	1.844787
31872	-3421.799	-3591.447	169.6477	0.285345	1.600625	2.145968
31878	-3407.069	-3576.707	169.6378	0.5033437	1.540503	1.907023
31884	-3403.661	-3572.024	168.3634	0.4280999	1.36857	2.906269
31890	-3405.197	-3574.132	168.9353	0.3906945	1.410698	2.574052
31896	-3403.231	-3572.071	168.8397	0.3970165	1.374099	2.648201
31902	-3403.184	-3572.04	168.8553	0.3966241	1.40491	2.61999
31908	-3416.773	-3585.381	168.6088	0.3676608	1.364629	2.830882
31914	-3405.277	-3574.176	168.8994	0.3069159	1.449857	2.681576
31920	-3415.529	-3585.008	169.4789	0.4289688	1.671943	2.012186
31926	-3410.166	-3579.718	169.5515	0.42633	1.670663	1.967816
31932	-3413.06	-3582.677	169.6173	0.3968937	1.563677	2.032381
31938	-3427.811	-3596.77	168.9584	0.3710222	1.431333	2.57126
31944	-3434.097	-3603.1	169.0028	0.3924289	1.378143	2.550262
31950	-3432.214	-3601.184	168.9703	0.3937608	1.462078	2.516587
31956	-3418.979	-3588.435	169.4568	0.3341137	1.510254	2.255847
31962	-3416.17	-3585.755	169.5852	0.4991367	1.537071	1.949528
31968	-3410.295	-3580.075	169.7798	0.3969026	1.549429	1.933237
31974	-3416.098	-3585.942	169.8435	0.3969026	1.559559	1.88321
31980	-3425.81	-3595.584	169.7741	0.3940494	1.574833	1.923687
31986	-3426.041	-3596.311	170.27	0.4176244	1.719738	1.433846
31992	-3408.648	-3579.144	170.4966	0.3019919	1.780769	1.39726
31998	-3419.934	-3590.273	170.3392	0.4296851	1.825499	1.277471
32004	-3424.144	-3590.954	166.8096	0.3930922	1.229571	3.937686
32010	-3416.982	-3584.798	167.8165	0.392241	1.325648	3.298473
32016	-3402.291	-3570.758	168.466	0.3737674	1.399406	2.888832
32022	-3411.619	-3580.572	168.953	0.2934209	1.396132	2.700951
32028	-3417.38	-3586.097	168.7169	0.4068356	1.426429	2.679958
32034	-3427.624	-3596.5	168.876	0.328349	1.572013	2.590936
32040	-3423.781	-3593.151	169.3702	0.3941633	1.543845	2.210532
32046	-3425.711	-3595.038	169.3269	0.3452118	1.543845	2.302302
32052	-3419.495	-3588.673	169.1777	0.290832	1.543845	2.473889
32058	-3416.496	-3584.784	168.2881	0.4055917	1.482667	2.90832
32064	-3424.065	-3593.073	169.008	0.3446679	1.495561	2.534465
32070	-3415.532	-3584.572	169.0398	0.3000957	1.524902	2.558191
32076	-3418.678	-3587.733	169.0552	0.3238014	1.455564	2.558191
32082	-3416.575	-3584.696	168.1213	0.3339391	1.480889	3.096901
32088	-3414.374	-3581.43	167.0562	0.4846966	1.177353	3.730394
32094	-3418.513	-3584.979	166.4661	0.390781	1.019212	4.255696
32100	-3419.181	-3585.514	166.333	0.5000516	0.9560822	4.255696
32106	-3429.542	-3595.791	166.2492	0.3592058	1.170511	4.328778
32112	-3411.083	-3579.179	168.0952	0.4286921	1.251818	3.136255
32118	-3415.347	-3583.525	168.1781	0.384989	1.252292	3.136255
32124	-3416.171	-3584.747	168.5754	0.4672293	1.256904	2.803073
32130	-3417.372	-3585.459	168.087	0.4010967	1.2224	3.189434
32136	-3412.872	-3580.088	167.2156	0.3859776	1.19495	3.732163
32142	-3423.321	-3590.632	167.3106	0.4318739	1.224142	3.609783
32148	-3429.262	-3597.916	168.6531	0.4318739	1.448626	2.6768
32154	-3429.419	-3598.322	168.9033	0.3833963	1.434934	2.587804
32160	-3420.466	-3588.703	168.2369	0.3711127	1.39552	3.03228
32166	-3418.387	-3587.152	168.7645	0.3178677	1.404597	2.776633
32172	-3416.969	-3585.487	168.5185	0.4316581	1.454644	2.755863
32178	-3415.956	-3584.775	168.8199	0.3104091	1.462637	2.717601
32184	-3413.951	-3581.124	167.1725	0.4077928	1.292131	3.676445
32190	-3416.142	-3584.491	168.3488	0.3477984	1.453118	2.959482
32196	-3410.268	-3578.466	168.1981	0.4714632	1.368419	2.959482
32202	-3421.283	-3589.224	167.9417	0.385078	1.158672	3.33132
32208	-3412.671	-3580.539	167.8682	0.5303146	1.304039	3.137137
32214	-3403.674	-3572.378	168.7038	0.3381505	1.311008	2.843355
32220	-3417.513	-3585.957	168.4438	0.3397222	1.430798	2.926091
32226	-3419.221	-3588.471	169.2505	0.3097698	1.529291	2.409547
32232	-3411.919	-3581.233	169.3139	0.3642803	1.529291	2.294445
32238	-3411.249	-3580.221	168.9723	0.4010726	1.525908	2.466571
32244	-3418.462	-3587.218	168.7552	0.3749042	1.345579	2.74437
32250	-3417.991	-3586.769	168.7782	0.3963561	1.361799	2.694349
32256	-3418.08	-3586.685	168.6052	0.3070278	1.363282	2.913267
32262	-3416.953	-3585.326	168.3734	0.3580525	1.282101	3.034487
32268	-3414.759	-3582.626	167.8672	0.3189493	1.315717	3.364512
32274	-3410.582	-3579.474	168.892	0.4733615	1.435219	2.491426
32280	-3421.105	-3589.63	168.5251	0.3982313	1.4128	2.815642
32286	-3410.403	-3579.14	168.7375	0.3128973	1.438785	2.779097
32292	-3415.337	-3584.326	168.9885	0.3173217	1.45051	2.611683
32298	-3414.998	-3583.749	168.7508	0.369479	1.424801	2.705275
32304	-3417.524	-3586.21	168.6853	0.369479	1.490299	2.705275
32310	-3408.609	-3577.141	168.5319	0.4122024	1.384863	2.812226
32316	-3408.24	-3577.008	168.768	0.3053736	1.433799	2.77401
32322	-3414.073	-3582.824	168.7504	0.3206035	1.343231	2.818831
32328	-3416.089	-3585.284	169.1949	0.4692163	1.39498	2.330213
32334	-3417.616	-3585.995	168.3789	0.3745009	1.430924	2.921539
32340	-3423.299	-3592.283	168.9841	0.3953808	1.460953	2.506681
32346	-3409.39	-3578.128	168.7386	0.3281981	1.355838	2.808154
32352	-3408.594	-3577.33	168.7357	0.2841042	1.460227	2.808154
32358	-3415.998	-3583.903	167.9048	0.3986546	1.210931	3.30667
32364	-3409.773	-3576.626	166.8531	0.4122695	1.206821	3.904685
32370	-3416.145	-3583.982	167.8376	0.4155595	1.399301	3.216114
32376	-3424.923	-3592.199	167.2766	0.3741398	1.191746	3.712408
32382	-3420.666	-3588.54	167.8739	0.4010342	1.355356	3.236962
32388	-3426.744	-3595.154	168.4106	0.3690197	1.360609	2.951488
32394	-3409.986	-3578.396	168.4106	0.3690197	1.360609	2.951488
32400	-3421.136	-3589.388	168.2516	0.4210743	1.277381	3.036091
32406	-3404.194	-3572.678	168.4834	0.2786718	1.247899	3.09577
32412	-3398.127	-3566.354	168.2272	0.3743959	1.292238	3.09577
32418	-3413.951	-3582.064	168.1122	0.4031752	1.260476	3.149526
32424	-3424.447	-3592.429	167.9819	0.3845095	1.409189	3.160159
32430	-3408.448	-3576.55	168.1027	0.4110248	1.218856	3.171004
32436	-3407.773	-3575.394	167.6206	0.449623	1.308669	3.360769
32442	-3412.95	-3580.739	167.7896	0.449623	1.20136	3.324548
32448	-3420.571	-3587.378	166.8072	0.449623	1.098467	3.953851
32454	-3420.218	-3588.506	168.2881	0.3654519	1.165988	3.145496
32460	-3426.514	-3592.962	166.4483	0.4567182	1.157344	4.117925
32466	-3412.418	-3580.138	167.72	0.3917646	1.275806	3.385026
32472	-3404.19	-3572.968	168.7785	0.3605216	1.410405	2.708352
32478	-3417.746	-3586.785	169.0389	0.2932618	1.363587	2.668373
32484	-3421.431	-3588.576	167.1444	0.3699102	1.215605	3.779861
32490	-3411.778	-3579.211	167.4327	0.3759769	1.266074	3.576724
32496	-3413.475	-3582.573	169.0975	0.3002563	1.404278	2.59695
32502	-3431.227	-3598.979	167.7522	0.3913329	1.219293	3.399796
32508	-3420.479	-3587.909	167.4309	0.3205551	1.218204	3.673606
32514	-3411.505	-3578.729	167.2241	0.4036548	1.253386	3.673606
32520	-3411.546	-3578.83	167.2841	0.4177642	1.260252	3.619379
32526	-3416.734	-3585.458	168.7241	0.4434393	1.382499	2.660915
32532	-3424.135	-3591.069	166.9344	0.4996934	1.094931	3.833628
32538	-3422.953	-3590.12	167.1671	0.3460786	1.148965	3.833628
32544	-3417.847	-3585.021	167.1738	0.3009712	1.153342	3.884806
32550	-3415.912	-3582.534	166.6225	0.3341303	1.166704	4.14947
32556	-3416.599	-3584.771	168.1722	0.3701047	1.340249	3.105138
32562	-3413.508	-3582.172	168.6638	0.3670293	1.426245	2.760713
32568	-3412.459	-3580.924	168.4646	0.3946204	1.432325	2.844773
32574	-3413.524	-3581.117	167.5929	0.3465007	1.24336	3.532146
32580	-3439.853	-3608.215	168.3617	0.381124	1.381005	2.953967
32586	-3435.441	-3604.274	168.8325	0.4433172	1.414082	2.574514
32592	-3426.609	-3595.126	168.5166	0.3300618	1.338566	2.950462
32598	-3422.547	-3590.891	168.3444	0.4460336	1.23122	2.980811
32604	-3414.193	-3581.843	167.6502	0.4039325	1.23122	3.438265
32610	-3420.017	-3588.361	168.3443	0.4586196	1.403847	2.863271
32616	-3413.592	-3582.578	168.9855	0.4422861	1.414475	2.480072
32622	-3425.6	-3594.948	169.3476	0.3314855	1.617148	2.26099
32628	-3434.025	-3603.681	169.6564	0.3314855	1.576659	2.086789
32634	-3431.552	-3599.958	168.4059	0.4028196	1.384791	2.899485
32640	-3422.544	-3592.1	169.5553	0.318815	1.513739	2.211898
32646	-3418.414	-3587.919	169.5045	0.2976339	1.487907	2.292332
32652	-3428.504	-3597.93	169.4255	0.3513801	1.546261	2.229109
32658	-3426.555	-3595.476	168.9203	0.3429228	1.501659	2.587483
32664	-3410.384	-3579.415	169.0305	0.339285	1.405321	2.583716
32670	-3415.277	-3583.958	168.6807	0.3774889	1.363886	2.77549
32676	-3405.751	-3574.092	168.341	0.3774889	1.308505	3.014334
32682	-3413.757	-3581.403	167.646	0.3774889	1.325491	3.415862
32688	-3413.089	-3581.319	168.2305	0.3749868	1.268604	3.107228
32694	-3418.852	-3587.376	168.5244	0.3442205	1.414962	2.88114
32700	-3408.564	-3577.11	168.5464	0.3360786	1.410518	2.88114
32706	-3422.786	-3592.026	169.2404	0.462308	1.468072	2.262047
32712	-3414.381	-3583.812	169.4307	0.3629782	1.510814	2.233067
32718	-3423.283	-3592.662	169.3794	0.4705647	1.596229	2.079185
32724	-3420.91	-3590.65	169.7406	0.486302	1.688312	1.754119
32730	-3432.733	-3602.504	169.7714	0.4503117	1.75347	1.7305
32736	-3418.572	-3588.391	169.8188	0.4226569	1.667445	1.792503
32742	-3417.584	-3587.206	169.6221	0.5154948	1.731636	1.772914
32748	-3422.814	-3592.38	169.5652	0.3982674	1.67152	1.993569
32754	-3433.608	-3602.786	169.1786	0.4253754	1.474498	2.339799
32760	-3406.037	-3575.31	169.2731	0.4194403	1.505841	2.266464
32766	-3411.674	-3581.289	169.615	0.3384486	1.461076	2.179451
32772	-3422.001	-3590.918	168.9172	0.5361593	1.520288	2.3569
32778	-3412.134	-3580.702	168.5678	0.4324657	1.405036	2.755106
32784	-3426.086	-3594.715	168.6294	0.4436742	1.518088	2.635439
32790	-3424.783	-3593.998	169.2145	0.4079093	1.459529	2.347301
32796	-3437.556	-3605.792	168.2358	0.3555393	1.308759	3.103842
32802	-3415.793	-3583.613	167.8204	0.2887666	1.249827	3.471403
32808	-3419.098	-3587.4	168.3026	0.4241935	1.211511	3.041526
32814	-3432.662	-3600.695	168.0336	0.384587	1.252663	3.222245
32820	-3417.591	-3585.583	167.9925	0.384587	1.293719	3.222245
32826	-3414.63	-3582.679	168.0484	0.3649302	1.277419	3.222245
32832	-3422.353	-3590.952	168.5995	0.3473418	1.360628	2.864562
32838	-3425.601	-3594.633	169.0324	0.3454332	1.383903	2.587697
32844	-3425.9	-3591.16	165.2599	0.3325816	1.131597	4.936889
32850	-3425.704	-3594.766	169.0617	0.4425123	1.564664	2.336916
32856	-3437.895	-3607.48	169.5856	0.328296	1.700716	2.056294
32862	-3434.39	-3604.127	169.7375	0.378299	1.675133	1.901591
32868	-3427.077	-3596.78	169.7037	0.3945271	1.53326	1.998195
32874	-3424.946	-3594.331	169.385	0.3427464	1.59564	2.235138
32880	-3413.278	-3582.634	169.3564	0.4472695	1.595085	2.121808
32886	-3407.902	-3577.245	169.3434	0.4739557	1.521141	2.148096
32892	-3419.536	-3588.949	169.4128	0.406002	1.576603	2.146819
32898	-3427.026	-3596.62	169.5943	0.4512029	1.484542	2.033364
32904	-3413.292	-3582.801	169.509	0.4512029	1.560703	2.039434
32910	-3417.553	-3587.888	170.335	0.3244286	1.78603	1.47809
32916	-3418.134	-3588.171	170.037	0.4515711	1.75084	1.539347
32922	-3419.386	-3589.195	169.8087	0.3691261	1.75084	1.813755
32928	-3419.149	-3588.824	169.6758	0.3260155	1.684923	2.010257
32934	-3407.086	-3577.14	170.0536	0.3625834	1.869782	1.564665
32940	-3435.45	-3605.297	169.8465	0.3117275	1.590356	1.980804
32946	-3420.304	-3590.417	170.1135	0.4753844	1.643039	1.531806
32952	-3411.629	-3581.879	170.2501	0.4021612	1.668148	1.510145
32958	-3421.591	-3591.733	170.1416	0.439353	1.707857	1.509779
32964	-3414.077	-3584.074	169.997	0.439353	1.800776	1.548177
32970	-3413.156	-3583.54	170.3841	0.3166823	1.733488	1.493743
32976	-3415.966	-3586.202	170.2357	0.4169169	1.909435	1.312618
32982	-3410.534	-3580.808	170.2747	0.4169169	1.843986	1.333905
32988	-3405.86	-3575.86	170.0004	0.3739134	1.804653	1.633962
32994	-3412.389	-3582.621	170.2327	0.3775466	1.865293	1.410236
33000	-3414.442	-3584.475	170.0327	0.3677695	1.73509	1.669631
33006	-3406.304	-3576.224	169.9197	0.3437506	1.654569	1.840027
33012	-3412.453	-3581.998	169.5446	0.3795549	1.605429	2.075365
33018	-3421.603	-3591.22	169.6173	0.4096964	1.605429	1.988266
33024	-3415.959	-3585.476	169.5169	0.320166	1.636961	2.154965
33030	-3411.507	-3581.071	169.5638	0.4672167	1.693377	1.894888
33036	-3406.718	-3576.467	169.7492	0.4819246	1.693377	1.749736
33042	-3413.581	-3583.062	169.4804	0.3888331	1.578947	2.122862
33048	-3420.928	-3590.358	169.4298	0.423254	1.563793	2.122862
33054	-3411.545	-3580.449	168.9033	0.471624	1.484407	2.455348
33060	-3429.13	-3598.595	169.4654	0.3913691	1.571119	2.134496
33066	-3417.145	-3586.676	169.5308	0.4600003	1.610256	1.981592
33072	-3413.142	-3582.779	169.637	0.4744678	1.670232	1.852218
33078	-3412.244	-3582.239	169.9943	0.3302364	1.682473	1.789398
33084	-3413.346	-3583.156	169.8101	0.3796796	1.645418	1.870524
33090	-3399.105	-3568.829	169.7242	0.4188891	1.645418	1.877513
33096	-3425.188	-3594.902	169.7142	0.4495687	1.599466	1.877513
33102	-3407.639	-3577.361	169.7228	0.3377273	1.599466	2.018858
33108	-3422.539	-3592.179	169.6399	0.3650785	1.588369	2.04308
33114	-3422.769	-3592.314	169.545	0.4116575	1.591582	2.04308
33120	-3417.062	-3586.82	169.7577	0.4177105	1.610679	1.879853
33126	-3415.815	-3584.298	168.4825	0.3898011	1.47568	2.813244
33132	-3408.473	-3576.685	168.2123	0.4797551	1.361328	2.946631
33138	-3420.162	-3588.765	168.6039	0.4121382	1.438495	2.735685
33144	-3411.829	-3581.056	169.2266	0.3883346	1.442952	2.374151
33150	-3413.202	-3582.453	169.2509	0.3267451	1.549515	2.372422
33156	-3417.498	-3586.715	169.2167	0.4349343	1.367502	2.372422
33162	-3416.667	-3586.019	169.3515	0.3624338	1.477835	2.305691
33168	-3419.65	-3588.005	168.355	0.3567274	1.492509	2.920741
33174	-3406.293	-3574.705	168.4119	0.3962282	1.356278	2.920741
33180	-3413.139	-3581.786	168.647	0.3830231	1.303654	2.825988
33186	-3404.392	-3573.289	168.8975	0.3617114	1.361264	2.663923
33192	-3416.175	-3584.371	168.1954	0.3617114	1.427959	3.049196
33198	-3412.439	-3580.637	168.1988	0.4515875	1.252843	3.049196
33204	-3416.93	-3585.91	168.9798	0.3424221	1.446366	2.585565
33210	-3408.407	-3576.929	168.5222	0.3613586	1.408671	2.864548
33216	-3403.569	-3572.034	168.4649	0.3789905	1.410005	2.876753
33222	-3419.139	-3587.737	168.5978	0.4484352	1.236223	2.822156
33228	-3417.505	-3585.953	168.4472	0.4506632	1.382789	2.822156
33234	-3423.782	-3592.426	168.6441	0.3750859	1.360022	2.803105
33240	-3420.001	-3589.165	169.1632	0.3795131	1.466124	2.410666
33246	-3419.67	-3588.752	169.082	0.3678275	1.364225	2.540142
33252	-3414.453	-3583.657	169.2037	0.3914097	1.480901	2.360823
33258	-3412.094	-3580.914	168.8202	0.4176158	1.484523	2.567706
33264	-3405.286	-3573.475	168.1892	0.344578	1.366182	3.111199
33270	-3419.838	-3589.354	169.5162	0.3164395	1.602788	2.183011
33276	-3408.047	-3577.564	169.5161	0.4007032	1.598131	2.071638
33282	-3408.644	-3576.858	168.2141	0.4007032	1.426578	2.992293
33288	-3410.687	-3579.914	169.2271	0.3444947	1.539203	2.369711
33294	-3422.703	-3591.961	169.2582	0.3052544	1.403177	2.490466
33300	-3432.726	-3602.287	169.5613	0.4212202	1.542859	2.052673
33306	-3433.631	-3603.174	169.5435	0.3561185	1.606134	2.107014
33312	-3433.141	-3602.442	169.3018	0.4020745	1.536189	2.249678
33318	-3422.882	-3592.178	169.2954	0.4054228	1.536189	2.249678
33324	-3428.906	-3598.783	169.8776	0.4820241	1.643374	1.694378
33330	-3418.458	-3588.113	169.6554	0.3012764	1.688406	2.058596
33336	-3409.94	-3579.411	169.4709	0.4108888	1.6049	2.084177
33342	-3423.733	-3593.028	169.295	0.4108888	1.511097	2.259343
33348	-3415.928	-3585.3	169.3723	0.3645082	1.525218	2.259343
33354	-3426.919	-3596.114	169.1956	0.3852542	1.577297	2.312366
33360	-3423.406	-3592.52	169.1138	0.3859029	1.497527	2.413999
33366	-3426.474	-3594.829	168.3549	0.3008484	1.428365	3.033191
33372	-3427.517	-3596.571	169.0534	0.3242979	1.447453	2.563716
33378	-3422.125	-3591.385	169.26	0.3211195	1.444379	2.440895
33384	-3427.89	-3596.806	168.9163	0.3920287	1.379899	2.603323
33390	-3416.395	-3585.796	169.4011	0.3540888	1.503195	2.268799
33396	-3412.861	-3582.656	169.7954	0.3965391	1.628292	1.869653
33402	-3406.097	-3575.884	169.7866	0.4072387	1.628292	1.861645
33408	-3414.605	-3584.644	170.0388	0.2735148	1.724473	1.82074
33414	-3418.957	-3588.963	170.0064	0.4003632	1.830119	1.573205
33420	-3409.126	-3578.655	169.529	0.4177807	1.719568	1.96077
33426	-3417.549	-3587.634	170.0846	0.4110184	1.772246	1.5433
33432	-3418.512	-3588.505	169.9927	0.4770242	1.817309	1.489742
33438	-3437.309	-3607.32	170.0112	0.4903318	1.749162	1.510111
33444	-3415.406	-3585.008	169.6019	0.4006096	1.666303	1.96948
33450	-3411.796	-3581.41	169.6146	0.2925219	1.628534	2.138161
33456	-3410.565	-3579.822	169.2574	0.3064454	1.661538	2.32618
33462	-3419.878	-3588.998	169.1203	0.5367682	1.590153	2.181241
33468	-3410.911	-3580.495	169.5839	0.3249435	1.586076	2.137485
33474	-3419.958	-3590.097	170.1392	0.3136795	1.705804	1.697313
33480	-3430.498	-3600.204	169.7057	0.4775922	1.76864	1.732631
33486	-3421.762	-3591.907	170.145	0.3897777	1.716436	1.570058
33492	-3416.211	-3586.054	169.8432	0.3819329	1.666614	1.830245
33498	-3419.659	-3588.848	169.1893	0.4014928	1.555749	2.3099
33504	-3416.49	-3586.251	169.7613	0.3019867	1.555749	2.075171
33510	-3412.445	-3581.847	169.4027	0.3940122	1.613355	2.144522
33516	-3416.354	-3585.521	169.1668	0.4584763	1.536002	2.270027
33522	-3421.215	-3590.213	168.9971	0.3817088	1.495694	2.493675
33528	-3422.728	-3592.327	169.5985	0.4071538	1.529373	2.054465
33534	-3418.591	-3587.554	168.9631	0.5187677	1.423087	2.406931
33540	-3419.056	-3588.368	169.3128	0.3474863	1.517251	2.325177
33546	-3418.197	-3587.454	169.2567	0.3678252	1.413818	2.399551
33552	-3426.14	-3595.607	169.4669	0.3836357	1.591907	2.129866
33558	-3421.584	-3591.031	169.4469	0.3764525	1.69646	2.083884
33564	-3411.308	-3581.131	169.8235	0.3137797	1.631468	1.965589
33570	-3422.383	-3590.273	167.8901	0.3808106	1.181915	3.352967
33576	-3416.262	-3584.735	168.4735	0.4550189	1.274709	2.867074
33582	-3410.516	-3579.206	168.6899	0.4897439	1.299208	2.683727
33588	-3420.469	-3589.51	169.0408	0.4212348	1.397486	2.480184
33594	-3420.379	-3588.863	168.4845	0.4558947	1.24206	2.879252
33600	-3410.376	-3577.667	167.2912	0.3631676	1.256113	3.679685
33606	-3409.79	-3577.306	167.5155	0.3631676	1.405123	3.462651
33612	-3411.459	-3580.413	168.9533	0.4195033	1.405123	2.532091
33618	-3413.951	-3582.701	168.7493	0.3694866	1.335552	2.760814
33624	-3419.148	-3588.172	169.0236	0.3976842	1.368295	2.537049
33630	-3418.354	-3587.189	168.8352	0.3647457	1.316036	2.726137
33636	-3416.686	-3584.502	167.8163	0.4499585	1.244084	3.283254
33642	-3419.347	-3588.415	169.0675	0.3237113	1.48318	2.533517
33648	-3414.354	-3582.995	168.6403	0.2843032	1.471187	2.859078
33654	-3424.928	-3592.685	167.7572	0.4104176	1.407629	3.264445
33660	-3414.577	-3583.392	168.8151	0.3918554	1.459456	2.616889
33666	-3415.037	-3584.177	169.1397	0.2514608	1.449923	2.616889
33672	-3427.136	-3595.912	168.7759	0.3630763	1.522591	2.637759
33678	-3414.353	-3583.43	169.0762	0.3630763	1.540935	2.43932
33684	-3405.434	-3574.579	169.1444	0.2978176	1.548035	2.481844
33690	-3415.992	-3584.961	168.9685	0.2978176	1.397447	2.684258
33696	-3418.037	-3586.723	168.6859	0.3665189	1.480265	2.714758
33702	-3426.268	-3594.69	168.4222	0.3815559	1.471366	2.862374
33708	-3422.496	-3591.282	168.7858	0.2891206	1.389078	2.813601
33714	-3416.438	-3585.559	169.1208	0.4105055	1.42293	2.426608
33720	-3413.643	-3582.176	168.5335	0.4159044	1.466141	2.757473
33726	-3416.777	-3584.991	168.2141	0.3774567	1.40631	3.031812
33732	-3420.739	-3589.362	168.6228	0.4697217	1.40631	2.680077
33738	-3408.89	-3577.981	169.0913	0.3248013	1.522111	2.492812
33744	-3431.266	-3600.568	169.3019	0.4056086	1.387968	2.340066
33750	-3422.239	-3591.469	169.2299	0.4355133	1.464876	2.30138
33756	-3424.135	-3593.604	169.469	0.518941	1.566888	1.985761
33762	-3407.669	-3577.206	169.5373	0.3770169	1.476625	2.167747
33768	-3428.752	-3598.025	169.2727	0.387267	1.607242	2.241216
33774	-3407.396	-3576.98	169.5846	0.4643142	1.539845	1.98769
33780	-3404.161	-3573.994	169.8327	0.4120274	1.595522	1.846253
33786	-3407.721	-3577.543	169.8227	0.3528228	1.571607	1.949219
33792	-3409.05	-3578.821	169.7718	0.3528228	1.542598	2.00271
33798	-3408.573	-3577.51	168.9372	0.3442749	1.380157	2.650371
33804	-3408.621	-3577.132	168.511	0.4561129	1.379215	2.779652
33810	-3409.747	-3578.375	168.6278	0.3790066	1.406989	2.779652
33816	-3411.419	-3580.099	168.6793	0.4886537	1.406989	2.624985
33822	-3409.422	-3578.662	169.2397	0.4886537	1.467166	2.234113
33828	-3404.469	-3573.619	169.1501	0.3315762	1.363515	2.545815
33834	-3414.567	-3581.992	167.4244	0.3919774	1.352267	3.512947
33840	-3419.201	-3587.861	168.66	0.4122039	1.344411	2.758813
33846	-3415.359	-3583.779	168.4194	0.4971396	1.263622	2.862931
33852	-3413.012	-3581.756	168.7438	0.3584914	1.523198	2.66298
33858	-3405.173	-3573.896	168.7227	0.4294412	1.405902	2.66298
33864	-3426.993	-3595.496	168.5034	0.3929351	1.22584	2.948092
33870	-3423.425	-3592.257	168.8321	0.3680394	1.46598	2.631715
33876	-3420.508	-3590.047	169.5384	0.3339581	1.544215	2.181473
33882	-3413.128	-3582.585	169.4577	0.3797277	1.675894	2.085984
33888	-3414.264	-3584.075	169.8106	0.3895679	1.787859	1.758401
33894	-3406.738	-3576.139	169.4011	0.3682632	1.587172	2.195838
33900	-3422.405	-3591.161	168.7563	0.3627321	1.527762	2.647055
33906	-3419.663	-3588.37	168.7074	0.4630959	1.415836	2.629164
33912	-3429.898	-3598.989	169.091	0.4618325	1.626225	2.256948
33918	-3415.354	-3584.43	169.0763	0.3743094	1.487898	2.458209
33924	-3407.771	-3577.438	169.6675	0.3105616	1.475553	2.176072
33930	-3410.611	-3579.93	169.3182	0.3893322	1.564663	2.236715
33936	-3414.544	-3583.46	168.9157	0.3401773	1.454706	2.623027
33942	-3416.534	-3585.504	168.9691	0.4687574	1.424818	2.454556
33948	-3421.127	-3590.6	169.4729	0.4680819	1.476363	2.09934
33954	-3408.571	-3578.361	169.7898	0.4348952	1.637552	1.817684
33960	-3415.292	-3584.12	168.8279	0.4495425	1.523152	2.502546
33966	-3416.489	-3586.388	169.8997	0.4495425	1.650835	1.713349
33972	-3419.286	-3589.014	169.7283	0.3868277	1.595912	1.949892
33978	-3425.059	-3595.297	170.238	0.3750417	1.853709	1.418915
33984	-3426.704	-3596.738	170.0339	0.4104007	1.835119	1.535157
33990	-3415.274	-3585.513	170.2395	0.4104007	1.898983	1.327889
33996	-3409.835	-3580.09	170.2545	0.3395608	1.810568	1.495367
34002	-3422.839	-3592.824	169.9857	0.4642787	1.817379	1.51146
34008	-3417.099	-3587.689	170.5904	0.3748214	1.817379	1.160675
34014	-3431.266	-3601.879	170.6125	0.3500876	1.72634	1.262732
34020	-3424.487	-3594.973	170.4864	0.3639154	2.021079	1.090928
34026	-3418.35	-3588.744	170.3945	0.3925395	1.955404	1.180562
34032	-3412.632	-3582.71	170.0782	0.4743911	1.843633	1.407833
34038	-3415.438	-3585.801	170.3632	0.4365833	1.822601	1.249578
34044	-3412.802	-3583.065	170.2632	0.4977662	1.816462	1.249578
34050	-3420.238	-3590.094	169.8551	0.3883902	1.728305	1.770504
34056	-3422.01	-3592.077	170.0674	0.3402429	1.784358	1.650751
34062	-3420.952	-3591.052	170.0999	0.4546431	1.692346	1.532048
34068	-3418.401	-3588.583	170.1824	0.3798893	1.72809	1.548316
34074	-3416.794	-3587.002	170.2072	0.3703773	1.790025	1.498041
34080	-3421.45	-3591.876	170.4263	0.3703773	1.806693	1.314953
34086	-3418.806	-3588.999	170.1934	0.5405623	1.799413	1.264451
34092	-3409.981	-3579.929	169.9482	0.4244278	1.800423	1.604209
34098	-3411.484	-3581.379	169.8953	0.5033262	1.694227	1.619802
34104	-3411.89	-3582.078	170.1877	0.4258564	1.721497	1.483479
34110	-3417.816	-3587.859	170.0422	0.4299799	1.726696	1.581967
34116	-3412.8	-3582.976	170.1763	0.3075141	1.726696	1.666043
34122	-3405.197	-3575.059	169.8622	0.3457474	1.628695	1.894001
34128	-3416.286	-3585.712	169.4258	0.3792367	1.589288	2.164114
34134	-3415.572	-3585.632	170.06	0.3007933	1.651382	1.81145
34140	-3414.776	-3583.843	169.0674	0.2999372	1.491467	2.562042
34146	-3412.823	-3582.589	169.7657	0.3550045	1.640181	1.938355
34152	-3408.615	-3578.027	169.4124	0.3915878	1.608328	2.144549
34158	-3420.092	-3589.534	169.4414	0.3402759	1.448527	2.296733
34164	-3424.03	-3592.461	168.4309	0.3402759	1.45607	2.917904
34170	-3425.051	-3595.515	170.4641	0.3325686	1.939571	1.240044
34176	-3420.177	-3590.477	170.3005	0.3568481	1.976744	1.301645
34182	-3418.486	-3588.993	170.5064	0.3670531	1.91417	1.163273
34188	-3422.402	-3592.78	170.3789	0.4383533	1.904669	1.163273
34194	-3425.353	-3595.543	170.1896	0.5168324	1.958794	1.164185
34200	-3420.86	-3591.23	170.3699	0.4111927	1.958794	1.167799
34206	-3414.947	-3585.474	170.5272	0.4047361	2.096988	0.8908624
34212	-3431.608	-3600.808	169.2008	0.3955982	1.504272	2.342656
34218	-3417.761	-3586.453	168.6929	0.306759	1.498563	2.77836
34224	-3411.721	-3582.084	170.3639	0.5007019	2.115868	0.8606172
34230	-3413.208	-3583.835	170.6269	0.3552675	2.121997	0.8606172
34236	-3409.672	-3580.204	170.5318	0.4385527	2.121997	0.7747896
34242	-3413.93	-3584.441	170.5116	0.4128689	2.099516	0.8881512
34248	-3418.55	-3589.086	170.5352	0.3944031	2.081108	0.9218218
34254	-3417.529	-3587.972	170.4421	0.427794	2.082711	0.9521607
34260	-3413.294	-3583.769	170.4745	0.427794	2.05446	0.9477867
34266	-3423.967	-3594.56	170.5926	0.3556873	2.119028	0.9026499
34272	-3423.477	-3593.894	170.4174	0.3920635	2.125296	1.003236
34278	-3430.563	-3601.128	170.5649	0.4113052	2.10356	0.8225993
34284	-3436.416	-3605.281	168.8646	0.3425763	1.448971	2.654926
34290	-3417.588	-3586.346	168.758	0.4095168	1.420893	2.654926
34296	-3405.352	-3574.292	168.9404	0.3413994	1.402497	2.638387
34302	-3415.805	-3585.017	169.2129	0.3413994	1.394784	2.47381
34308	-3411.687	-3580.633	168.9467	0.4071786	1.528189	2.47381
34314	-3421.894	-3590.433	168.539	0.323912	1.400427	2.907781
34320	-3424.179	-3593.424	169.2444	0.3416838	1.349724	2.481919
34326	-3426.298	-3596.107	169.8091	0.3922934	1.553611	1.916667
34332	-3412.802	-3582.916	170.1142	0.3350656	1.723221	1.66901
34338	-3407.757	-3577.367	169.6106	0.4695768	1.732756	1.833231
34344	-3425.153	-3595.173	170.0209	0.3601563	1.792886	1.647891
34350	-3428.561	-3596.604	168.0428	0.4455541	1.329658	3.102935
34356	-3417.598	-3585.841	168.2431	0.3979207	1.413674	2.985857
34362	-3410.232	-3578.602	168.3709	0.4255274	1.40382	2.883277
34368	-3418.369	-3587.891	169.5215	0.3165062	1.559363	2.20763
34374	-3409.969	-3578.779	168.8106	0.3674846	1.519711	2.612525
34380	-3408.432	-3577.357	168.9249	0.3677441	1.389652	2.62192
34386	-3411.109	-3579.94	168.8308	0.3537327	1.488051	2.637142
34392	-3411.963	-3580.218	168.2545	0.3222749	1.341782	3.115726
34398	-3423.12	-3590.889	167.7692	0.3222749	1.236594	3.463955
34404	-3417.751	-3584.25	166.4992	0.3880707	1.140194	4.171301
34410	-3426.012	-3592.533	166.5214	0.3981114	1.154632	4.139371
34416	-3412.552	-3578.62	166.0684	0.3851314	1.123837	4.427585
34422	-3402.451	-3571.043	168.5925	0.4248423	1.430526	2.733013
34428	-3406.23	-3575.032	168.8015	0.3900742	1.409688	2.658111
34434	-3425.459	-3594.77	169.3105	0.4380448	1.551708	2.190741
34440	-3426.898	-3594.886	167.9883	0.3794791	1.245897	3.259021
34446	-3424.233	-3591.964	167.7304	0.4045792	1.245897	3.381981
34452	-3415.615	-3583.263	167.6479	0.4525873	1.179654	3.417377
34458	-3419.18	-3587.829	168.649	0.3900748	1.388527	2.764615
34464	-3422.075	-3590.948	168.8737	0.4360549	1.5193	2.491484
34470	-3427.671	-3596.96	169.2886	0.4331482	1.492649	2.248771
34476	-3418.009	-3585.571	167.562	0.4583493	1.307246	3.386948
34482	-3409.853	-3578.154	168.3003	0.369283	1.42059	2.981399
34488	-3410.602	-3579.492	168.8896	0.3942654	1.446268	2.575985
34494	-3428.135	-3597.266	169.1309	0.4308937	1.401627	2.409717
34500	-3431.896	-3600.317	168.4206	0.4399132	1.410106	2.833443
34506	-3421.569	-3589.506	167.9374	0.3462005	1.328668	3.280645
34512	-3430.568	-3599.225	168.6567	0.3038575	1.449125	2.834552
34518	-3418.487	-3586.499	168.012	0.4188782	1.31942	3.156365
34524	-3427.109	-3593.977	166.8684	0.3918088	1.236167	3.901638
34530	-3424.758	-3593.086	168.3283	0.3925648	1.46419	2.910379
34536	-3421.537	-3590.637	169.1006	0.3574964	1.529062	2.438679
34542	-3417.615	-3586.86	169.2448	0.4098516	1.529062	2.281273
34548	-3415.019	-3584.127	169.1081	0.4357722	1.529062	2.337812
34554	-3413.111	-3582.585	169.4739	0.4035948	1.539773	2.13397
34560	-3415.304	-3584.076	168.7725	0.3868216	1.467057	2.644622
34566	-3413.439	-3582.174	168.7356	0.3868216	1.333004	2.749521
34572	-3418.756	-3587.202	168.4461	0.4366581	1.391298	2.832925
34578	-3422.979	-3592.061	169.0822	0.4150593	1.451485	2.427506
34584	-3424.478	-3593.93	169.4517	0.3957383	1.70587	2.049387
34590	-3418.867	-3589.042	170.1756	0.2987983	1.769734	1.65019
34596	-3423.191	-3593.244	170.0532	0.4177365	1.730099	1.588029
34602	-3423.882	-3593.599	169.7166	0.4558544	1.730099	1.778301
34608	-3416.081	-3585.983	169.9024	0.3977868	1.730099	1.723283
34614	-3411.231	-3581.217	169.9864	0.3476432	1.747466	1.723283
34620	-3424.966	-3593.282	168.3166	0.3032701	1.442141	3.044466
34626	-3430.694	-3599.753	169.0585	0.3530495	1.536793	2.46608
34632	-3420.311	-3590.003	169.6926	0.3897028	1.57991	1.98075
34638	-3425.71	-3595.342	169.6324	0.4050463	1.57991	2.001137
34644	-3418.423	-3588.156	169.7324	0.395632	1.580095	1.946194
34650	-3443.679	-3613.105	169.4258	0.2730508	1.629218	2.290131
34656	-3421.751	-3589.917	168.1658	0.2952486	1.434448	3.150137
34662	-3413.522	-3581.749	168.2268	0.3049925	1.350824	3.150137
34668	-3420.608	-3589.386	168.7775	0.4974042	1.499942	2.497173
34674	-3420.248	-3589.082	168.8338	0.3896803	1.575751	2.53576
34680	-3427.163	-3595.421	168.2575	0.3896803	1.538681	2.911549
34686	-3416.417	-3585.332	168.915	0.3708973	1.432189	2.597755
34692	-3422.29	-3591.536	169.2456	0.3708973	1.444513	2.383189
34698	-3421.11	-3590.583	169.4735	0.3162169	1.493691	2.281193
34704	-3410.66	-3580.104	169.4434	0.3139221	1.528904	2.281193
34710	-3416.094	-3584.598	168.5046	0.4167128	1.475385	2.768544
34716	-3395.736	-3564.457	168.7215	0.4392729	1.463801	2.616959
34722	-3403.845	-3572.675	168.8295	0.3986917	1.572669	2.52944
34728	-3407.882	-3576.291	168.4095	0.4844933	1.456506	2.764558
34734	-3420.803	-3588.311	167.5081	0.4298487	1.542069	3.310708
34740	-3414.161	-3582.907	168.7462	0.3426117	1.565034	2.656338
34746	-3412.288	-3580.861	168.5737	0.4209122	1.461904	2.72978
34752	-3407.902	-3576.819	168.9171	0.3331532	1.484018	2.613449
34758	-3405.913	-3574.727	168.8142	0.3950208	1.45973	2.613449
34764	-3403.82	-3572.597	168.7769	0.4362572	1.428633	2.607819
34770	-3411.986	-3580.635	168.6494	0.425109	1.421428	2.703398
34776	-3401.52	-3570.237	168.7171	0.3921601	1.361872	2.736751
34782	-3407.058	-3576.235	169.177	0.3708837	1.578005	2.342032
34788	-3412.266	-3580.847	168.5816	0.4880685	1.328596	2.733844
34794	-3412.513	-3581.504	168.991	0.3517906	1.516708	2.522496
34800	-3403.621	-3572.568	168.9473	0.396031	1.471166	2.522496
34806	-3412.698	-3581.733	169.0345	0.396031	1.430225	2.493585
34812	-3423.902	-3593.392	169.4899	0.3961051	1.467469	2.180039
34818	-3432.149	-3600.832	168.6833	0.3857657	1.439923	2.717367
34824	-3417.262	-3586.868	169.6058	0.3705959	1.603673	2.048049
34830	-3410.324	-3580.206	169.8817	0.4576692	1.721188	1.666008
34836	-3412.787	-3582.864	170.077	0.3726308	1.691434	1.66211
34842	-3418.199	-3587.872	169.6728	0.3717958	1.703186	1.935248
34848	-3416.715	-3586.87	170.1555	0.3427777	1.703186	1.641876
34854	-3411.517	-3581.377	169.8602	0.3403768	1.725066	1.837423
34860	-3406.137	-3575.596	169.4591	0.3697788	1.653005	2.113249
34866	-3407.286	-3577.447	170.1608	0.3777219	1.790525	1.521242
34872	-3421.896	-3590.863	168.9663	0.3936907	1.46946	2.514573
34878	-3422.355	-3590.314	167.9589	0.375355	1.477805	3.143917
34884	-3424.371	-3592.337	167.9663	0.3509653	1.230112	3.315754
34890	-3421.069	-3587.498	166.429	0.3780637	1.213366	4.180913
34896	-3421.304	-3588.455	167.151	0.3416437	1.328342	3.745024
34902	-3417.599	-3585.023	167.4232	0.4289378	1.394657	3.447995
34908	-3430.155	-3597.521	167.3664	0.2970505	1.324121	3.68074
34914	-3425.895	-3593.332	167.437	0.2870551	1.277189	3.68074
34920	-3432.374	-3600.535	168.1606	0.4196551	1.441436	2.993918
34926	-3422.886	-3591.119	168.2323	0.4196551	1.369711	2.993918
34932	-3411.894	-3580.515	168.6205	0.4249675	1.36916	2.753241
34938	-3411.379	-3579.612	168.2332	0.4412891	1.427099	2.934999
34944	-3414.1	-3582.911	168.8111	0.43096	1.436328	2.587877
34950	-3418.711	-3587.727	169.0155	0.4542832	1.501039	2.393242
34956	-3403.896	-3573.186	169.2903	0.3421988	1.588467	2.301273
34962	-3414.663	-3583.783	169.12	0.3963926	1.485298	2.404833
34968	-3410.359	-3579.739	169.38	0.2767848	1.485298	2.404833
34974	-3399.918	-3569.1	169.182	0.4307132	1.524972	2.29919
34980	-3409.099	-3578.644	169.5452	0.3431811	1.556947	2.155901
34986	-3405.148	-3574.627	169.4789	0.3245111	1.556616	2.22534
34992	-3393.18	-3562.792	169.612	0.3616711	1.659839	2.018825
34998	-3407.005	-3577.489	170.4833	0.3322982	1.962331	1.205027
35004	-3411.967	-3582.475	170.5079	0.3421061	2.030971	1.104077
35010	-3420.335	-3590.666	170.3313	0.4314848	2.030971	1.104077
35016	-3405.705	-3576.011	170.3055	0.4161388	2.030971	1.152741
35022	-3414.344	-3584.772	170.4285	0.4161388	1.908058	1.152741
35028	-3399.494	-3569.696	170.2028	0.4968491	1.909787	1.223171
35034	-3403.463	-3573.972	170.509	0.3361276	1.906987	1.223171
35040	-3407.075	-3577.199	170.1242	0.4037792	1.906987	1.422143
35046	-3413.7	-3583.889	170.1891	0.3765024	1.661212	1.597439
35052	-3413.546	-3583.679	170.1324	0.3680273	1.735007	1.597439
35058	-3416.903	-3586.997	170.0939	0.2992873	1.767959	1.708758
35064	-3416.414	-3586.127	169.7129	0.3824546	1.619497	1.95018
35070	-3416.104	-3585.778	169.6738	0.3717183	1.680143	1.95018
35076	-3415.875	-3585.807	169.9317	0.3717183	1.677103	1.775988
35082	-3417.957	-3587.985	170.0277	0.4252011	1.653296	1.651945
35088	-3437.389	-3607.484	170.0951	0.3776656	1.891459	1.494977
35094	-3417.189	-3584.068	166.8791	0.3733444	1.156775	3.961994
35100	-3421.807	-3588.807	167.0007	0.4133481	1.088325	3.886849
35106	-3418.799	-3586.259	167.4598	0.479513	1.138097	3.524185
35112	-3411.998	-3579.923	167.9257	0.3517723	1.192968	3.360473
35118	-3410.35	-3577.804	167.4541	0.4823496	1.189952	3.494513
35124	-3412.624	-3578.7	166.0757	0.3735954	1.189991	4.399183
35130	-3415.233	-3585.27	170.0371	0.3686551	1.720153	1.675868
35136	-3419.553	-3588.876	169.3232	0.3686551	1.553513	2.267221
35142	-3425.006	-3594.15	169.144	0.5124135	1.472099	2.267221
35148	-3415.122	-3583.856	168.7339	0.4081486	1.310863	2.738858
35154	-3409.408	-3578.84	169.4323	0.334459	1.564186	2.236476
35160	-3415.636	-3584.168	168.5327	0.4495121	1.485555	2.708513
35166	-3415.323	-3584.408	169.0857	0.457894	1.453105	2.375156
35172	-3408.651	-3576.179	167.5276	0.383854	1.293451	3.496381
35178	-3408.175	-3576.312	168.1372	0.3346824	1.275104	3.208812
35184	-3409.211	-3576.989	167.7785	0.4221702	1.334792	3.281843
35190	-3416.695	-3584.474	167.7798	0.3525025	1.352403	3.351643
35196	-3404.448	-3572.216	167.768	0.3334733	1.301666	3.412157
35202	-3414.491	-3583.212	168.721	0.3954903	1.316357	2.758276
35208	-3404.087	-3573.05	168.9634	0.3319017	1.494813	2.579753
35214	-3413.506	-3581.805	168.2992	0.3705602	1.427081	2.976626
35220	-3412.134	-3579.692	167.5575	0.4015391	1.381181	3.407447
35226	-3401.148	-3569.425	168.2774	0.4674007	1.402538	2.895315
35232	-3413.437	-3581.501	168.0637	0.3888285	1.342296	3.146237
35238	-3410.435	-3578.599	168.1641	0.2964647	1.439837	3.146237
35244	-3415.393	-3583.691	168.2981	0.3074283	1.529878	2.997279
35250	-3413.381	-3582.027	168.6459	0.3428597	1.479402	2.769981
35256	-3420.816	-3589.792	168.9756	0.3413186	1.58077	2.506034
35262	-3430.422	-3599.09	168.6675	0.3982356	1.500126	2.675171
35268	-3421.426	-3590.143	168.7171	0.467309	1.505835	2.562927
35274	-3412.75	-3581.999	169.2494	0.2960518	1.553346	2.415108
35280	-3423.396	-3592.538	169.1418	0.4794662	1.599347	2.221987
35286	-3415.423	-3584.687	169.2639	0.3722602	1.637741	2.2465
35292	-3417.653	-3587.791	170.1379	0.373655	1.760844	1.566203
35298	-3424.476	-3594.76	170.2843	0.447079	1.882922	1.249311
35304	-3437.86	-3608.152	170.2919	0.4692362	1.945001	1.156289
35310	-3424.336	-3594.691	170.3552	0.4403688	1.922652	1.165106
35316	-3421.29	-3591.568	170.2784	0.4864063	1.916199	1.167754
35322	-3423.297	-3593.9	170.6033	0.3329762	1.857829	1.190457
35328	-3411.275	-3581.561	170.286	0.3554188	1.940546	1.344784
35334	-3422.016	-3592.307	170.2915	0.3726658	1.899599	1.344784
35340	-3413.256	-3583.627	170.3709	0.3777998	1.865889	1.299766
35346	-3414.291	-3584.583	170.292	0.4288209	1.839668	1.305703
35352	-3416.195	-3586.519	170.3231	0.4494217	1.905396	1.19387
35358	-3419.988	-3590.199	170.2116	0.496948	2.050666	1.091201
35364	-3421.381	-3591.785	170.4034	0.4567074	1.927648	1.091201
35370	-3414.743	-3584.877	170.1342	0.4576293	1.787035	1.430748
35376	-3408.533	-3579.058	170.5253	0.3476269	1.767614	1.30461
35382	-3410.469	-3580.791	170.3217	0.3781891	1.807314	1.385065
35388	-3421.099	-3591.31	170.2118	0.3913366	1.807314	1.449858
35394	-3403.384	-3573.683	170.2994	0.4276113	1.861832	1.283363
35400	-3415.866	-3586.36	170.4936	0.3201571	1.838796	1.320971
35406	-3411.854	-3582.503	170.6492	0.3172985	1.838796	1.19718
35412	-3420.215	-3590.682	170.4675	0.3484301	1.943485	1.205035
35418	-3409.711	-3580.187	170.4759	0.3368882	1.866395	1.283135
35424	-3412.565	-3582.994	170.4285	0.309818	2.038222	1.229718
35430	-3407.923	-3578.174	170.251	0.4114704	1.866445	1.343046
35436	-3409.782	-3580.04	170.2579	0.4084123	1.848171	1.356683
35442	-3411.584	-3582.069	170.4852	0.3497049	1.901439	1.223431
35448	-3419.429	-3589.492	170.0635	0.4558438	1.870399	1.42344
35454	-3424.94	-3595.277	170.3372	0.4111271	1.883021	1.260125
35460	-3417.672	-3588.081	170.4083	0.4889459	2.075139	0.8793062
35466	-3423.357	-3593.9	170.5426	0.3846403	1.950726	1.065182
35472	-3428.554	-3598.969	170.4148	0.4360239	1.982188	1.064188
35478	-3420.822	-3591.368	170.5458	0.3755249	2.073045	0.959004
35484	-3425.066	-3595.29	170.2239	0.6218925	2.073045	0.8578469
35490	-3416.162	-3586.646	170.484	0.4749893	1.922059	0.9882595
35496	-3428.416	-3598.942	170.5258	0.4257662	1.967756	0.9882595
35502	-3430.901	-3599.538	168.6363	0.3811739	1.554392	2.681565
35508	-3423.254	-3592.797	169.5428	0.3414165	1.481713	2.208692
35514	-3414.645	-3584.035	169.39	0.4047173	1.506498	2.208692
35520	-3430.175	-3600.263	170.0878	0.427173	1.783287	1.510266
35526	-3435.986	-3606.046	170.0592	0.4756833	1.884861	1.388806
35532	-3417.599	-3587.681	170.082	0.3929943	1.808712	1.543814
35538	-3415.156	-3584.538	169.3823	0.4001092	1.708939	2.087509
35544	-3414.263	-3584.267	170.0045	0.3846357	1.801642	1.61774
35550	-3416.97	-3586.875	169.9054	0.3846357	1.720171	1.746225
35556	-3410.959	-3580.843	169.8834	0.3783059	1.754771	1.746225
35562	-3420.099	-3590.032	169.9336	0.4135946	1.754771	1.662174
35568	-3414.015	-3583.917	169.9022	0.334078	1.754771	1.797357
35574	-3416.112	-3586.086	169.9742	0.334078	1.661418	1.812066
35580	-3407.469	-3577.069	169.5999	0.3087635	1.641258	2.114765
35586	-3402.754	-3572.745	169.9909	0.3660519	1.640602	1.768176
35592	-3413.889	-3584.121	170.2313	0.3135616	1.894968	1.492489
35598	-3408.731	-3578.772	170.0406	0.3975031	1.768379	1.597381
35604	-3407.068	-3577.122	170.0539	0.3980002	1.7541	1.597381
35610	-3421.829	-3592.001	170.1721	0.3985387	1.737726	1.521689
35616	-3422.732	-3593.372	170.6398	0.2814118	1.908778	1.216959
35622	-3404.851	-3575.068	170.2172	0.4757937	1.777509	1.348755
35628	-3423.058	-3593.234	170.1768	0.3992138	1.810364	1.462558
35634	-3417.258	-3587.201	169.9435	0.4298249	1.752817	1.634861
35640	-3414.896	-3584.97	170.0735	0.3641115	1.750193	1.634861
35646	-3426.437	-3596.09	169.6534	0.3532623	1.57931	2.056267
35652	-3418.676	-3588.576	169.9001	0.3194215	1.548703	1.961179
35658	-3412.657	-3582.363	169.7057	0.3599106	1.602097	1.997294
35664	-3421.067	-3590.884	169.8176	0.3731891	1.65363	1.868707
35670	-3408.924	-3578.102	169.1777	0.3450825	1.386278	2.496219
35676	-3408.094	-3577.675	169.5807	0.3360986	1.507636	2.174766
35682	-3412.755	-3582.156	169.4014	0.3899543	1.520131	2.210971
35688	-3423.929	-3593.547	169.6178	0.3411955	1.543719	2.119879
35694	-3439.81	-3610.066	170.2563	0.4892471	1.868735	1.223398
35700	-3415.674	-3585.852	170.1778	0.3697174	1.635993	1.633786
35706	-3427.048	-3597.13	170.0821	0.5040682	1.717138	1.46364
35712	-3409.143	-3578.213	169.07	0.3897506	1.547223	2.405522
35718	-3402.545	-3571.49	168.9451	0.418455	1.479975	2.491732
35724	-3406.239	-3574.402	168.1628	0.5284046	1.34015	2.940991
35730	-3413.508	-3581.881	168.3726	0.4012897	1.365359	2.933054
35736	-3419.302	-3587.648	168.3459	0.3944037	1.285803	3.004948
35742	-3415.819	-3583.561	167.7416	0.3789789	1.209632	3.425999
35748	-3423.958	-3592.124	168.1658	0.3789789	1.266711	3.142086
35754	-3412.824	-3580.601	167.7773	0.4788528	1.332719	3.224227
35760	-3423.983	-3591.836	167.8531	0.4779765	1.252526	3.227695
35766	-3423.741	-3591.677	167.9361	0.4779765	1.287902	3.157502
35772	-3423.892	-3591.806	167.9148	0.4853975	1.296638	3.157502
35778	-3418.774	-3587.06	168.2859	0.4394295	1.351799	2.950663
35784	-3432.363	-3602.245	169.8819	0.387051	1.6623	1.799529
35790	-3419.527	-3589.5	169.9728	0.4171917	1.718275	1.655438
35796	-3429.866	-3599.322	169.4566	0.3102113	1.576316	2.247704
35802	-3406.13	-3575.692	169.5623	0.2892589	1.472898	2.277591
35808	-3413.844	-3583.559	169.7144	0.3790576	1.633671	1.944208
35814	-3423.367	-3592.666	169.2997	0.4005984	1.572982	2.229166
35820	-3416.058	-3584.903	168.8452	0.4523696	1.521563	2.489595
35826	-3411.009	-3580.224	169.2143	0.3901759	1.441807	2.380398
35832	-3416.27	-3585.382	169.1114	0.4054885	1.515061	2.380398
35838	-3418.322	-3587.595	169.2731	0.4145578	1.627201	2.194173
35844	-3411.021	-3580.84	169.8194	0.3400541	1.627201	1.932263
35850	-3415.495	-3585.548	170.0534	0.4470548	1.838339	1.467543
35856	-3410.963	-3581.306	170.3426	0.4470548	1.886651	1.196837
35862	-3415.441	-3585.92	170.4798	0.4365268	1.949334	1.032602
35868	-3424.522	-3594.746	170.2238	0.4627977	1.949334	1.220971
35874	-3420.496	-3590.865	170.3691	0.3804076	1.802068	1.348347
35880	-3429.724	-3599.999	170.2753	0.3942793	1.915604	1.310575
35886	-3415.771	-3585.968	170.1963	0.3942793	1.824412	1.444259
35892	-3436.303	-3606.313	170.0093	0.3760352	1.756986	1.658696
35898	-3417.612	-3587.498	169.8862	0.4738093	1.697822	1.659453
35904	-3415.084	-3585.034	169.9501	0.4383578	1.603942	1.725069
35910	-3416.21	-3586.408	170.1978	0.387254	1.72418	1.528995
35916	-3424.404	-3594.467	170.0626	0.5179223	1.595511	1.552356
35922	-3417.769	-3586.085	168.3155	0.4153515	1.362685	2.952984
35928	-3433.673	-3602.414	168.7408	0.4151423	1.353535	2.700407
35934	-3423.38	-3592.757	169.3769	0.3683235	1.409353	2.325453
35940	-3419.809	-3588.182	168.3729	0.4054141	1.5251	2.831463
35946	-3410.003	-3578.624	168.6209	0.4326692	1.495824	2.66666
35952	-3424.534	-3593.136	168.6016	0.3880732	1.381045	2.800436
35958	-3420.89	-3589.275	168.3847	0.3883235	1.401371	2.919282
35964	-3419.168	-3588.166	168.9977	0.3255094	1.40714	2.621524
35970	-3420.225	-3589.433	169.2085	0.325793	1.461	2.456299
35976	-3413.63	-3582.111	168.4811	0.325793	1.413632	2.932256
35982	-3417.843	-3587.103	169.2597	0.3469549	1.484883	2.380155
35988	-3418.563	-3588.055	169.4916	0.37724	1.677198	2.066072
35994	-3412.892	-3582.092	169.1999	0.3603323	1.584396	2.337169
36000	-3418.33	-3588.142	169.8119	0.3603323	1.654965	1.88961
36006	-3414.521	-3584.348	169.8265	0.3508756	1.658612	1.890605
36012	-3414.331	-3583.279	168.9481	0.3310802	1.552702	2.554474
36018	-3405.673	-3575.32	169.6468	0.4453066	1.627709	1.909286
36024	-3407.939	-3577.355	169.4154	0.4453066	1.477809	2.162153
36030	-3411.704	-3581.264	169.5601	0.3299648	1.545449	2.172241
36036	-3411.401	-3580.782	169.3819	0.4744977	1.545449	2.106423
36042	-3416.009	-3584.947	168.9375	0.4963925	1.405197	2.457338
36048	-3420.595	-3589.606	169.0112	0.3975005	1.508537	2.457338
36054	-3428.657	-3598.009	169.3521	0.5259361	1.484906	2.109898
36060	-3416.617	-3585.356	168.7387	0.4089952	1.412133	2.672824
36066	-3410.446	-3578.906	168.4597	0.3620341	1.457352	2.872094
36072	-3414.893	-3583.552	168.6586	0.3747407	1.413792	2.761914
36078	-3422.222	-3590.491	168.2691	0.3747407	1.294589	3.068993
36084	-3428.496	-3597.637	169.1403	0.3977324	1.545071	2.352513
36090	-3417.25	-3586.442	169.192	0.3997545	1.499284	2.346272
36096	-3413.43	-3582.057	168.6273	0.4557462	1.444044	2.669107
36102	-3419.818	-3589.532	169.7141	0.360475	1.694153	1.929087
36108	-3411.695	-3581.209	169.5139	0.3756746	1.539277	2.143943
36114	-3416.032	-3585.097	169.0654	0.4888127	1.337057	2.427686
36120	-3421.099	-3589.374	168.2747	0.398656	1.295592	3.036802
36126	-3430.118	-3599.376	169.2585	0.524599	1.415361	2.217361
36132	-3435.764	-3604.65	168.8858	0.4382946	1.505737	2.489821
36138	-3416.655	-3585.613	168.9583	0.4130488	1.412505	2.531928
36144	-3424.94	-3594.232	169.2921	0.344458	1.475888	2.368657
36150	-3421.113	-3590.612	169.4997	0.3766797	1.545369	2.14794
36156	-3423.929	-3593.254	169.3245	0.4069693	1.441714	2.289676
36162	-3428.124	-3596.967	168.8427	0.3985462	1.531137	2.54728
36168	-3416.163	-3585.72	169.5571	0.3682781	1.622024	2.071213
36174	-3416.93	-3586.285	169.3553	0.5030521	1.577696	2.071213
36180	-3419.147	-3587.894	168.7463	0.3911334	1.401404	2.695884
36186	-3427.875	-3596.179	168.3042	0.3707012	1.423649	2.975491
36192	-3424.212	-3593.318	169.1066	0.3788131	1.470473	2.444425
36198	-3412.989	-3582.133	169.1446	0.3729209	1.444348	2.444425
36204	-3416.186	-3585.284	169.0978	0.453062	1.613496	2.270647
36210	-3416.82	-3586.078	169.2582	0.453062	1.648047	2.144657
36216	-3408.144	-3577.946	169.8021	0.4954523	1.550391	1.796602
36222	-3426.77	-3596.694	169.9238	0.3936183	1.602432	1.803067
36228	-3417.011	-3586.253	169.2424	0.5838128	1.499663	2.113778
36234	-3413.792	-3583.876	170.0846	0.3518109	1.740996	1.651858
36240	-3415.267	-3585.235	169.9685	0.3955565	1.740996	1.671792
36246	-3414.773	-3584.659	169.8857	0.4131938	1.650516	1.770082
36252	-3412.963	-3583.036	170.0728	0.4471894	1.734086	1.531034
36258	-3417.419	-3586.9	169.4801	0.3873492	1.557134	2.13921
36264	-3421.66	-3590.967	169.3069	0.3873492	1.500888	2.287434
36270	-3421.195	-3590.608	169.413	0.3934507	1.636933	2.123097
36276	-3412.095	-3581.501	169.4065	0.4601456	1.487081	2.144782
36282	-3411.86	-3580.597	168.7373	0.4405976	1.468022	2.603106
36288	-3412.305	-3580.891	168.5865	0.5029779	1.400444	2.671571
36294	-3413.136	-3581.231	168.0949	0.4962755	1.437863	2.954533
36300	-3411.072	-3579.649	168.5769	0.4521039	1.404146	2.728481
36306	-3409.892	-3579.077	169.185	0.4093254	1.435687	2.379433
36312	-3415.216	-3583.84	168.6248	0.4777628	1.378318	2.687558
36318	-3423.43	-3592.115	168.6848	0.4638104	1.308116	2.708596
36324	-3422.568	-3590.886	168.3183	0.4655494	1.298711	2.935226
36330	-3421.456	-3588.091	166.6353	0.5587886	1.034228	3.986061
36336	-3419.391	-3586.957	167.5661	0.3820394	1.201565	3.529615
36342	-3416.878	-3584.097	167.2194	0.5344314	1.235899	3.554865
36348	-3417.664	-3584.554	166.8904	0.4640393	1.149861	3.862145
36354	-3422.797	-3589.071	166.2746	0.4640393	1.063589	4.262456
36360	-3418.636	-3584.553	165.9166	0.3685157	1.049247	4.57366
36366	-3417.442	-3583.499	166.0569	0.3685157	1.075088	4.480295
36372	-3423.841	-3589.683	165.8414	0.3674049	1.13617	4.568376
36378	-3427.389	-3595.001	167.6121	0.3858153	1.198463	3.500223
36384	-3423.192	-3589.12	165.9272	0.3858153	1.004834	4.573207
36390	-3420.123	-3585.929	165.806	0.4188864	1.083695	4.561331
36396	-3405.93	-3572.72	166.7895	0.4833646	1.208445	3.867374
36402	-3422.487	-3588.46	165.9728	0.39442	1.2623	4.393127
36408	-3417.18	-3584.301	167.1214	0.2749129	1.268052	3.88487
36414	-3415.982	-3583.27	167.288	0.3866524	1.195381	3.689325
36420	-3418.658	-3585.418	166.7597	0.3755758	1.202262	4.00171
36426	-3427.741	-3594.398	166.6564	0.342858	1.233486	4.081481
36432	-3427.17	-3594.53	167.3601	0.4029867	1.073947	3.699492
36438	-3419.116	-3586.659	167.5429	0.3558836	1.157672	3.599572
36444	-3412.903	-3581.257	168.3537	0.3838483	1.219695	3.052312
36450	-3415.171	-3583.106	167.9344	0.4000608	1.328088	3.218422
36456	-3418.825	-3587.15	168.3251	0.4787767	1.343904	2.890072
36462	-3415.449	-3584.287	168.8378	0.3283185	1.601136	2.596595
36468	-3415.376	-3583.909	168.5333	0.462444	1.449157	2.716463
36474	-3410.585	-3579.665	169.0803	0.3526187	1.465081	2.497901
36480	-3416.675	-3584.82	168.1447	0.4935996	1.448709	2.92063
36486	-3425.682	-3594.179	168.4971	0.3556279	1.256094	2.978918
36492	-3421.971	-3589.555	167.5841	0.4996157	1.194295	3.398989
36498	-3413.109	-3580.191	167.0817	0.4285584	1.066713	3.83647
36504	-3413.895	-3580.333	166.4377	0.4073567	1.108966	4.202775
36510	-3426.006	-3591.021	165.0145	0.3883504	1.052197	5.053286
36516	-3430.483	-3596.7	166.2175	0.3939242	1.175047	4.304731
36522	-3422.219	-3588.49	166.271	0.3939242	1.121589	4.304731
36528	-3426.119	-3591.972	165.8528	0.3684777	1.252038	4.495623
36534	-3425.165	-3591.814	166.6497	0.3373196	1.137508	4.146707
36540	-3432.375	-3601.018	168.6429	0.3603678	1.260714	2.882274
36546	-3421.47	-3589.99	168.52	0.3610936	1.382185	2.882274
36552	-3411.644	-3580.761	169.1167	0.4284158	1.549381	2.327996
36558	-3412.438	-3580.812	168.3743	0.3916464	1.341933	2.957408
36564	-3416.131	-3584.828	168.6969	0.3363759	1.358966	2.82073
36570	-3417.508	-3586.505	168.9977	0.3981387	1.491072	2.476008
36576	-3417.464	-3586.083	168.619	0.456354	1.440899	2.675491
36582	-3406.511	-3575.194	168.6822	0.472221	1.483395	2.593214
36588	-3411.799	-3581.616	169.8173	0.3645453	1.726272	1.831207
36594	-3418.509	-3587.651	169.1422	0.3524233	1.633765	2.352952
36600	-3418.668	-3588.267	169.5992	0.3392806	1.633765	2.075729
36606	-3419.244	-3587.771	168.5276	0.3777688	1.569726	2.742933
36612	-3414.392	-3583.465	169.0725	0.3213541	1.447735	2.555678
36618	-3430.804	-3599.94	169.1352	0.4437108	1.590047	2.272421
36624	-3425.809	-3594.93	169.1206	0.4437108	1.54961	2.307619
36630	-3415.008	-3584.347	169.3387	0.3680025	1.535782	2.269537
36636	-3413.681	-3582.492	168.8115	0.394178	1.535782	2.569055
36642	-3423.764	-3593.018	169.2539	0.4487102	1.601703	2.18263
36648	-3416.516	-3584.85	168.3339	0.4487102	1.489341	2.828359
36654	-3412.884	-3580.865	167.9811	0.4085012	1.285196	3.206572
36660	-3422.385	-3590.773	168.3881	0.4012225	1.449273	2.87309
36666	-3418.892	-3587.724	168.8314	0.409272	1.388206	2.630084
36672	-3411.49	-3579.298	167.8078	0.3781853	1.322503	3.321779
36678	-3419.512	-3587.119	167.6068	0.4366307	1.258416	3.412077
36684	-3416.015	-3583.818	167.8027	0.3091192	1.321449	3.412077
36690	-3412.985	-3581.521	168.5355	0.4579786	1.301787	2.809878
36696	-3418.309	-3585.911	167.6016	0.3848429	1.363732	3.410885
36702	-3421.495	-3589.221	167.7254	0.3933755	1.223149	3.410885
36708	-3415.592	-3584.103	168.5113	0.3719876	1.301243	2.922961
36714	-3421.241	-3590.258	169.0177	0.3392405	1.41853	2.583558
36720	-3422.842	-3591.269	168.4266	0.3809249	1.349082	2.934385
36726	-3424.677	-3593.305	168.6276	0.3493846	1.421439	2.807981
36732	-3418.134	-3586.997	168.8634	0.370175	1.471916	2.605993
36738	-3428.418	-3597.441	169.0227	0.2844645	1.501871	2.605993
36744	-3423.591	-3592.346	168.7551	0.3691838	1.395043	2.721239
36750	-3417.725	-3585.834	168.1083	0.3745503	1.344046	3.1356
36756	-3412.591	-3581.553	168.9622	0.4484915	1.388503	2.503934
36762	-3413.809	-3582.831	169.0215	0.4484915	1.413566	2.451057
36768	-3416.048	-3585.338	169.2904	0.4082771	1.429023	2.318008
36774	-3427.726	-3597.046	169.3199	0.4990953	1.449584	2.182361
36780	-3440.658	-3608.869	168.2113	0.4471168	1.411462	2.951297
36786	-3422.479	-3590.945	168.4663	0.3476824	1.349543	2.951297
36792	-3429.214	-3598.424	169.2102	0.3119202	1.454378	2.478893
36798	-3425.457	-3594.476	169.0191	0.3407125	1.569879	2.486446
36804	-3415.005	-3584.798	169.7929	0.3241761	1.636004	1.967407
36810	-3417.348	-3587.512	170.1639	0.3224325	1.662839	1.696291
36816	-3416.11	-3586.224	170.114	0.3446532	1.664391	1.696291
36822	-3416.341	-3586.113	169.7722	0.4416134	1.658714	1.80682
36828	-3414.917	-3584.734	169.8169	0.4590829	1.582941	1.80682
36834	-3412.34	-3582.225	169.8844	0.4240684	1.731259	1.699999
36840	-3419.014	-3589.107	170.0937	0.4531141	1.829668	1.435227
36846	-3423.201	-3593.353	170.1516	0.3683352	1.75609	1.567529
36852	-3425.293	-3595.552	170.2588	0.359541	1.75609	1.501405
36858	-3419.473	-3589.7	170.2267	0.3848974	1.75609	1.487003
36864	-3427.4	-3597.295	169.8948	0.4376678	1.75609	1.657214
36870	-3429.614	-3599.466	169.8519	0.5056591	1.681802	1.657214
36876	-3428.997	-3598.478	169.4806	0.3825661	1.679819	2.064544
36882	-3427.662	-3597.702	170.0398	0.3982881	1.799701	1.573961
36888	-3425.067	-3595.237	170.1701	0.3396233	1.799701	1.566019
36894	-3424.496	-3594.72	170.2232	0.4273548	1.924971	1.294463
36900	-3430.534	-3600.724	170.1894	0.4273548	1.941805	1.308231
36906	-3424.82	-3594.725	169.9044	0.4826859	1.874507	1.505874
36912	-3415.739	-3584.207	168.4685	0.3661049	1.322517	2.943162
36918	-3415.51	-3583.942	168.432	0.4660817	1.393812	2.808247
36924	-3421.015	-3589.463	168.4474	0.4055364	1.340716	2.897912
36930	-3426.561	-3594.542	167.9812	0.3800373	1.298367	3.231512
36936	-3421.123	-3588.261	167.1382	0.316733	1.145954	3.888827
36942	-3425.794	-3593.885	168.091	0.4388083	1.335272	3.078062
36948	-3424.088	-3592.016	167.9277	0.5459862	1.302424	3.087979
36954	-3414.401	-3582.763	168.3619	0.4029632	1.382916	2.927028
36960	-3417.662	-3586.11	168.4485	0.4029632	1.324087	2.910252
36966	-3431.913	-3600.158	168.2444	0.3713656	1.268325	3.103448
36972	-3421.598	-3589.181	167.5821	0.440771	1.22446	3.442037
36978	-3422.21	-3588.256	166.0456	0.440771	1.240948	4.315075
36984	-3450.854	-3617.754	166.9002	0.408474	1.300742	3.827859
36990	-3424.275	-3592.667	168.3918	0.4327326	1.293927	2.929054
36996	-3413.208	-3581.412	168.2032	0.379766	1.319851	3.087193
37002	-3413.634	-3581.104	167.4706	0.387776	1.235428	3.558875
37008	-3417.189	-3584.197	167.0081	0.355133	1.262638	3.848776
37014	-3420.483	-3587.807	167.3241	0.3571641	1.202249	3.699
37020	-3421.306	-3588.498	167.1924	0.3571641	1.269777	3.736031
37026	-3419.151	-3586.553	167.4016	0.36982	1.247361	3.6129
37032	-3414.438	-3583.1	168.6619	0.3692942	1.376512	2.789367
37038	-3409.819	-3577.991	168.1722	0.3692942	1.352318	3.098898
37044	-3417.639	-3584.899	167.2599	0.3732158	1.253813	3.687279
37050	-3412.048	-3580.983	168.935	0.3236802	1.438572	2.643276
37056	-3410.132	-3579.22	169.0882	0.3236802	1.529751	2.491521
37062	-3415.631	-3584.606	168.975	0.3077775	1.470936	2.620781
37068	-3419.668	-3588.602	168.9335	0.4023558	1.555323	2.470896
37074	-3427.798	-3595.877	168.0788	0.4441698	1.297044	3.102365
37080	-3415.342	-3583.363	168.0213	0.4441698	1.280601	3.146405
37086	-3429.853	-3597.924	168.0707	0.3554512	1.40253	3.146405
37092	-3421.759	-3590.072	168.3132	0.2757415	1.350308	3.140432
37098	-3431.689	-3599.912	168.223	0.2754643	1.42662	3.149131
37104	-3418.982	-3586.872	167.8899	0.4315827	1.537082	3.085486
37110	-3410.115	-3579.047	168.9321	0.578784	1.537082	2.295156
37116	-3426.375	-3596.073	169.6976	0.5847392	1.81028	1.586791
37122	-3434.03	-3604.062	170.0318	0.4372608	1.943713	1.416946
37128	-3421.066	-3591.256	170.19	0.3927486	1.869203	1.416946
37134	-3420.995	-3590.923	169.9283	0.4220633	1.604125	1.761181
37140	-3434.142	-3603.245	169.1027	0.4858518	1.425671	2.351251
37146	-3429.816	-3598.694	168.8783	0.3697664	1.409813	2.635689
37152	-3428.337	-3597.837	169.5002	0.38703	1.60124	2.09758
37158	-3421.804	-3591.078	169.2743	0.4757513	1.568904	2.16001
37164	-3412.007	-3581.627	169.62	0.3834597	1.568769	2.04466
37170	-3429.458	-3598.367	168.9091	0.3610478	1.458408	2.597647
37176	-3426.573	-3595.809	169.2365	0.4341864	1.458408	2.30288
37182	-3426.441	-3595.419	168.9783	0.528067	1.492012	2.344222
37188	-3421.259	-3590.311	169.0526	0.4593672	1.524992	2.348881
37194	-3423.58	-3592.765	169.1854	0.4905018	1.607849	2.176214
37200	-3415.831	-3584.015	168.1841	0.3499057	1.354473	3.114439
37206	-3433.234	-3602.093	168.859	0.4391048	1.455845	2.53681
37212	-3422.729	-3591.599	168.8696	0.2954902	1.393186	2.750846
37218	-3420.74	-3589.58	168.8399	0.3812843	1.351837	2.680763
37224	-3429.567	-3598.611	169.0439	0.4038125	1.534699	2.412662
37230	-3413.928	-3582.086	168.1587	0.345932	1.342234	3.141864
37236	-3404.716	-3572.272	167.5565	0.4317172	1.138448	3.5168
37242	-3409.928	-3577.435	167.5066	0.3611558	1.268377	3.549992
37248	-3412.931	-3580.063	167.1325	0.3316119	1.29122	3.789619
37254	-3420.155	-3588.655	168.5	0.3316119	1.460841	2.884644
37260	-3417.294	-3585.347	168.0538	0.3453923	1.328713	3.212821
37266	-3415.52	-3583.679	168.1588	0.3453923	1.223681	3.212821
37272	-3404.626	-3573.349	168.7221	0.446272	1.356272	2.675162
37278	-3419.994	-3587.246	167.2524	0.320223	1.260755	3.752552
37284	-3414.621	-3583.054	168.4324	0.3293154	1.363981	2.986747
37290	-3417.397	-3585.966	168.5694	0.3423376	1.342266	2.900324
37296	-3412.363	-3580.819	168.4566	0.4397168	1.422891	2.804006
37302	-3418.91	-3587.212	168.3022	0.4026243	1.368301	2.972147
37308	-3418.778	-3588.297	169.5191	0.3284708	1.481638	2.242101
37314	-3420.056	-3589.303	169.2465	0.401501	1.432192	2.352119
37320	-3419.111	-3588.849	169.7381	0.4677907	1.67171	1.789411
37326	-3410.374	-3580.123	169.7495	0.449326	1.689112	1.791921
37332	-3419.491	-3589.533	170.0414	0.4270725	1.653625	1.639412
37338	-3407.043	-3577.059	170.0166	0.3873932	1.579064	1.763314
37344	-3411.043	-3580.597	169.5546	0.440912	1.6044	1.992305
37350	-3411.162	-3580.691	169.5291	0.4633764	1.59004	1.992305
37356	-3405.514	-3575.017	169.5031	0.4417823	1.654271	1.992305
37362	-3414.753	-3584.361	169.6084	0.4201592	1.630651	1.964167
37368	-3417.45	-3587.267	169.8167	0.3999982	1.689033	1.808684
37374	-3410.501	-3580.184	169.6832	0.3186064	1.689033	2.013589
37380	-3404.597	-3574.376	169.7794	0.3256516	1.627882	1.979742
37386	-3415.967	-3585.493	169.5257	0.402177	1.598422	2.063246
37392	-3411.996	-3581.742	169.746	0.3627424	1.598422	1.968911
37398	-3414.826	-3584.413	169.5873	0.3627424	1.598422	2.074301
37404	-3415.033	-3584.897	169.8637	0.3801834	1.605979	1.8602
37410	-3418.386	-3587.657	169.2714	0.2959445	1.444702	2.469736
37416	-3404.392	-3573.459	169.067	0.3345272	1.56038	2.470725
37422	-3412.666	-3581.169	168.5028	0.3773263	1.289359	2.928762
37428	-3421.443	-3589.68	168.2364	0.433811	1.323703	3.003415
37434	-3416.859	-3585.147	168.2883	0.433811	1.301765	2.985419
37440	-3413.443	-3582.534	169.0912	0.3458091	1.401924	2.53949
37446	-3406.031	-3574.465	168.4343	0.3458091	1.444058	2.915968
37452	-3414.312	-3581.267	166.9558	0.3944285	1.171913	3.885405
37458	-3408.636	-3576.95	168.3136	0.4024394	1.30888	3.001202
37464	-3409.805	-3578.768	168.963	0.3714203	1.489169	2.531924
37470	-3423.828	-3592.761	168.933	0.4152473	1.433704	2.531924
37476	-3420.376	-3589.129	168.7529	0.4493447	1.442582	2.59948
37482	-3417.808	-3587.718	169.9096	0.4369731	1.563243	1.783582
37488	-3412.33	-3582.056	169.7252	0.3703233	1.556305	2.000592
37494	-3413.733	-3583.06	169.3273	0.4365413	1.623602	2.134836
37500	-3423.542	-3592.716	169.1735	0.3053277	1.57707	2.434373
37506	-3413.119	-3582.283	169.1645	0.3237458	1.461996	2.486132
37512	-3409.939	-3578.83	168.8916	0.332472	1.391678	2.686959
37518	-3412.63	-3581.593	168.9629	0.377077	1.534278	2.496702
37524	-3421.512	-3590.639	169.127	0.3949584	1.512464	2.385015
37530	-3407.333	-3576.215	168.882	0.4915025	1.482217	2.448901
37536	-3409.373	-3578.768	169.3943	0.417241	1.650397	2.096733
37542	-3406.21	-3576.022	169.8122	0.4651506	1.677723	1.736736
37548	-3417.388	-3587.11	169.7215	0.4444932	1.577648	1.893593
37554	-3409.445	-3579.576	170.1315	0.3609355	1.672916	1.653466
37560	-3411.672	-3581.528	169.8564	0.3609355	1.548885	1.930474
37566	-3414.376	-3583.942	169.5654	0.3920135	1.665627	2.005404
37572	-3417.028	-3586.988	169.9604	0.3624746	1.677178	1.769063
37578	-3420.425	-3590.456	170.0304	0.3624746	1.607182	1.769063
37584	-3411.288	-3581.018	169.7298	0.332152	1.732241	1.933344
37590	-3418.263	-3588.42	170.1562	0.3477633	1.693603	1.640607
37596	-3413.47	-3583.269	169.7986	0.3991846	1.645034	1.852525
37602	-3410.699	-3580.288	169.5895	0.4660741	1.581283	1.954557
37608	-3425.111	-3594.87	169.7589	0.4341945	1.703529	1.794366
37614	-3432.209	-3601.686	169.4777	0.3975078	1.61725	2.088369
37620	-3407.688	-3577.38	169.6921	0.3769304	1.619746	1.971405
37626	-3412.406	-3581.631	169.2249	0.3840185	1.551926	2.311409
37632	-3418.349	-3587.249	168.9005	0.3647029	1.366637	2.654996
37638	-3435.454	-3603.715	168.2619	0.4108972	1.506345	2.903724
37644	-3422.177	-3590.44	168.2629	0.3522434	1.368055	3.0564
37650	-3421.902	-3590.128	168.2262	0.3354148	1.368078	3.099744
37656	-3418.538	-3584.611	166.0735	0.3354148	1.029097	4.535946
37662	-3425.385	-3595.551	170.1656	0.3298731	1.624659	1.710514
37668	-3397.52	-3567.078	169.5573	0.3734937	1.575134	2.094926
37674	-3398.375	-3567.949	169.5737	0.4385242	1.517699	2.040071
37680	-3408.972	-3578.608	169.636	0.3803872	1.689218	1.957812
37686	-3410.267	-3579.791	169.5233	0.4376422	1.663644	1.977525
37692	-3403.637	-3573.32	169.6831	0.3436942	1.663644	1.994008
37698	-3405.976	-3575.617	169.6406	0.3368513	1.720814	1.994008
37704	-3395.43	-3565.083	169.6535	0.4456495	1.640073	1.895941
37710	-3408.524	-3578.179	169.6545	0.4804124	1.578491	1.895941
37716	-3411.441	-3581.556	170.1154	0.4384762	1.697867	1.537902
37722	-3405.469	-3575.022	169.5534	0.431023	1.425093	2.123395
37728	-3405.249	-3574.626	169.3768	0.431023	1.507995	2.184417
37734	-3412.578	-3581.67	169.0923	0.3752718	1.603127	2.374244
37740	-3406.148	-3572.564	166.4154	0.4690635	1.26577	4.062594
37746	-3416.561	-3582.38	165.8191	0.3622301	1.168863	4.568488
37752	-3401.923	-3570.781	168.8581	0.4068076	1.40532	2.605949
37758	-3401.874	-3570.445	168.5714	0.4080231	1.292414	2.849217
37764	-3415.618	-3583.85	168.2329	0.3250325	1.363841	3.111832
37770	-3408.925	-3576.886	167.9606	0.3818871	1.280029	3.252348
37776	-3409.61	-3577.666	168.0559	0.4024735	1.280029	3.172099
37782	-3413.595	-3581.67	168.0755	0.3605879	1.344326	3.171793
37788	-3422.975	-3590.99	168.0152	0.384028	1.445862	3.119139
37794	-3410.156	-3579.34	169.1846	0.2748075	1.482423	2.532225
37800	-3431.913	-3600.025	168.1115	0.5741308	1.323975	2.939101
37806	-3421.958	-3589.998	168.0404	0.4255043	1.33807	3.121085
37812	-3426.38	-3594.185	167.8049	0.4255043	1.233031	3.322605
37818	-3424.31	-3591.781	167.4708	0.381221	1.252717	3.556246
37824	-3422.213	-3590.775	168.5626	0.4057364	1.273704	2.86851
37830	-3418.701	-3586.983	168.282	0.3487798	1.273704	3.105688
37836	-3418.932	-3587.78	168.8479	0.3861317	1.479227	2.591343
37842	-3422.289	-3591.749	169.4606	0.399656	1.455435	2.202347
37848	-3415.693	-3585.189	169.4962	0.3765844	1.481025	2.192095
37854	-3417.291	-3586.813	169.5214	0.4668752	1.50461	2.050102
37860	-3408.791	-3578.476	169.6854	0.3785934	1.493888	2.057371
37866	-3410.061	-3579.053	168.9923	0.4563511	1.545882	2.377271
37872	-3409.735	-3578.427	168.6915	0.3106135	1.47062	2.790894
37878	-3413.008	-3581.718	168.7106	0.3694739	1.426384	2.728926
37884	-3408.664	-3578.642	169.9779	0.3708479	1.54873	1.834003
37890	-3417.732	-3586.879	169.1468	0.3908899	1.493295	2.389619
37896	-3408.846	-3577.947	169.1009	0.3360902	1.491126	2.490786
37902	-3409.311	-3578.404	169.0932	0.366293	1.459284	2.475776
37908	-3407.517	-3577.617	170.1001	0.3680531	1.508038	1.781627
37914	-3412.326	-3582.345	170.0189	0.3870448	1.621677	1.732374
37920	-3404.564	-3574.216	169.6521	0.3870448	1.525106	2.047654
37926	-3400.498	-3569.363	168.8654	0.3672213	1.35689	2.679449
37932	-3405.81	-3574.803	168.9929	0.3672213	1.438287	2.550268
37938	-3423.359	-3592.474	169.115	0.4261198	1.528476	2.345038
37944	-3418.721	-3588.459	169.7385	0.2825292	1.594443	2.095059
37950	-3418.205	-3588.129	169.9234	0.4117918	1.621112	1.766155
37956	-3417.935	-3587.881	169.9463	0.4194854	1.700218	1.684148
37962	-3417.695	-3587.552	169.8575	0.3488456	1.538628	1.953634
37968	-3415.354	-3585.171	169.8171	0.3750014	1.70891	1.828707
37974	-3410.216	-3580.148	169.9325	0.4409623	1.683764	1.677643
37980	-3407.223	-3577.52	170.2974	0.3878331	1.772758	1.415895
37986	-3399.81	-3570.062	170.2525	0.4266084	1.743841	1.415895
37992	-3415.227	-3585.391	170.1638	0.3681077	1.825969	1.507034
37998	-3413.939	-3584.356	170.417	0.3073763	1.825969	1.414273
38004	-3414.736	-3582.065	167.329	0.3962413	1.243911	3.626593
38010	-3425.422	-3592.737	167.3143	0.4522158	1.256468	3.567604
38016	-3425.317	-3592.568	167.2502	0.4522158	1.059323	3.719021
38022	-3423.042	-3589.242	166.2001	0.4951091	1.15246	4.224329
38028	-3419.69	-3587.195	167.5047	0.4008183	1.340372	3.463035
38034	-3429.267	-3596.667	167.4	0.4159324	1.229798	3.571718
38040	-3424.414	-3591.594	167.1801	0.4933029	1.224654	3.622958
38046	-3416.8	-3585.159	168.359	0.3991308	1.45662	2.88872
38052	-3406.358	-3575.176	168.8184	0.381457	1.44835	2.63437
38058	-3417.609	-3586.033	168.4237	0.40358	1.326544	2.922989
38064	-3409.783	-3577.516	167.7328	0.4005154	1.2294	3.394782
38070	-3422.15	-3589.766	167.6166	0.4359291	1.158426	3.465568
38076	-3422.035	-3589.815	167.7801	0.4094878	1.198047	3.375367
38082	-3423.418	-3591.578	168.1594	0.4727102	1.2164	3.072475
38088	-3419.874	-3588.216	168.342	0.3893379	1.202311	3.063239
38094	-3417.037	-3585.107	168.0706	0.4519162	1.267848	3.1164
38100	-3409.974	-3577.605	167.6316	0.3853437	1.237872	3.466401
38106	-3408.869	-3576.546	167.6761	0.3879478	1.282022	3.411515
38112	-3415.889	-3583.664	167.7746	0.3879478	1.183531	3.411515
38118	-3423.411	-3590.635	167.224	0.4622279	1.284571	3.593518
38124	-3426.767	-3594.876	168.1096	0.3027859	1.40326	3.191577
38130	-3415.312	-3583.33	168.018	0.3793684	1.330396	3.191577
38136	-3417.448	-3586.008	168.559	0.4083183	1.426631	2.77475
38142	-3413.445	-3582.296	168.8508	0.3680968	1.352277	2.690122
38148	-3408.441	-3576.972	168.5312	0.4524487	1.352277	2.787719
38154	-3403.351	-3572.245	168.8947	0.3869173	1.476472	2.563023
38160	-3416.548	-3586.247	169.6995	0.4750845	1.5347	1.901298
38166	-3421.179	-3590.798	169.6191	0.4853847	1.679485	1.845402
38172	-3407.878	-3577.305	169.4269	0.4597418	1.56087	2.08356
38178	-3410.457	-3579.888	169.431	0.4007319	1.56087	2.15179
38184	-3409.286	-3579.137	169.8513	0.3125017	1.551944	2.002062
38190	-3405.039	-3574.724	169.6854	0.3815179	1.571425	2.002062
38196	-3421.182	-3590.796	169.6139	0.4759453	1.507967	1.975951
