Iteration	Posterior	Likelihood	Prior	rate01	rate_log_sd	tree_length
0	-3414.424	-3582.922	168.4982	0.4361433	1.391525	2.801692
6	-3409.497	-3577.744	168.2466	0.3784114	1.381074	3.026305
12	-3401.75	-3569.77	168.0204	0.4010761	1.38437	3.132831
18	-3415.487	-3584.005	168.5183	0.5024471	1.397574	2.71572
24	-3416.964	-3585.122	168.1577	0.4234376	1.423329	3.002293
30	-3412.316	-3581.472	169.1551	0.3806915	1.468915	2.41249
36	-3410.247	-3578.745	168.4976	0.3720122	1.424033	2.856973
42	-3415.962	-3584.378	168.4153	0.4408127	1.387843	2.849164
48	-3419.179	-3588.289	169.1103	0.4408127	1.505539	2.345591
54	-3429.623	-3599.268	169.6454	0.3835986	1.512602	2.064809
60	-3414.144	-3583.341	169.1968	0.5065069	1.507606	2.21656
66	-3416.697	-3585.874	169.1765	0.4567309	1.478978	2.30228
72	-3418.652	-3588.505	169.8529	0.3657551	1.739842	1.795533
78	-3421.662	-3591.361	169.6987	0.428461	1.763276	1.80192
84	-3419.431	-3589.103	169.6723	0.3976585	1.632414	1.948753
90	-3425.692	-3594.097	168.4047	0.4351308	1.431432	2.835392
96	-3426.241	-3594.655	168.4135	0.3879282	1.298135	2.964597
102	-3420.749	-3588.74	167.9916	0.4242272	1.208252	3.228437
108	-3426.758	-3594.139	167.3809	0.3983311	1.176871	3.633048
114	-3424.061	-3593.352	169.2904	0.3913231	1.494986	2.29676
120	-3425.665	-3594.331	168.6658	0.4266197	1.395343	2.707671
126	-3436.136	-3605.556	169.4205	0.3749793	1.575702	2.181907
132	-3424.94	-3593.039	168.0993	0.4111128	1.396579	3.06707
138	-3421.748	-3589.937	168.1887	0.3344276	1.349181	3.134619
144	-3428.953	-3597.221	168.2676	0.3401421	1.378787	3.062512
150	-3423.108	-3591.169	168.0611	0.3980513	1.305595	3.15892
156	-3421.339	-3589.195	167.8556	0.4728051	1.26005	3.227048
162	-3431.011	-3598.797	167.7861	0.4199844	1.210373	3.353036
168	-3431.531	-3598.705	167.1743	0.3842558	1.168355	3.773302
174	-3425.736	-3593.816	168.0799	0.4020478	1.262651	3.168694
180	-3432.628	-3600.583	167.9545	0.3538479	1.348436	3.249349
186	-3427.944	-3596.413	168.4696	0.3538479	1.309532	2.965551
192	-3420.456	-3588.632	168.1768	0.4475616	1.262459	3.060924
198	-3421.585	-3589.764	168.1797	0.4719375	1.238428	3.047999
204	-3418.042	-3586.345	168.3034	0.4356542	1.239117	3.011959
210	-3426.606	-3594.821	168.2149	0.3714999	1.428243	3.025378
216	-3421.52	-3590.466	168.9462	0.3721743	1.416936	2.586302
222	-3417.412	-3586.391	168.979	0.3652301	1.3982	2.586302
228	-3418.872	-3587.553	168.6815	0.389574	1.367155	2.758413
234	-3420.197	-3588.699	168.5027	0.3590277	1.448269	2.855323
240	-3423.036	-3591.994	168.9588	0.446916	1.344064	2.535529
246	-3420.017	-3589.144	169.1272	0.3326445	1.41038	2.529412
252	-3424.106	-3593.375	169.2688	0.4671736	1.465864	2.239757
258	-3429.686	-3598.601	168.9145	0.4142033	1.524056	2.488281
264	-3414.909	-3583.92	169.0102	0.3473178	1.469786	2.545667
270	-3418.124	-3587.616	169.4918	0.4118946	1.526731	2.120496
276	-3422.047	-3591.501	169.4544	0.3601702	1.526731	2.211222
282	-3440.146	-3608.918	168.7723	0.3543112	1.412312	2.71889
288	-3418.542	-3587.483	168.9414	0.3525898	1.326711	2.66987
294	-3407.612	-3576.722	169.1105	0.3804001	1.462424	2.445046
300	-3420.311	-3588.733	168.4223	0.4333329	1.3686	2.864794
306	-3417.292	-3585.086	167.7935	0.461693	1.393682	3.196089
312	-3408.627	-3576.464	167.8368	0.461693	1.350381	3.196089
318	-3410.42	-3578.444	168.0244	0.461693	1.432538	3.035393
324	-3407.456	-3575.598	168.1424	0.4409193	1.351392	3.035393
330	-3417.811	-3585.041	167.2307	0.3872857	1.181513	3.729693
336	-3409.152	-3577.246	168.0938	0.4518692	1.375452	3.038377
342	-3405.403	-3573.669	168.2664	0.4485942	1.352442	2.952082
348	-3404.666	-3572.834	168.1673	0.4086172	1.456525	2.993326
354	-3409.143	-3577.66	168.5176	0.3978814	1.381349	2.839697
360	-3401.998	-3570.727	168.7282	0.3846072	1.429147	2.697883
366	-3409.715	-3579.686	169.971	0.3750901	1.622011	1.782228
372	-3406.004	-3575.567	169.5633	0.3512791	1.616162	2.094132
378	-3407.445	-3577.451	170.0062	0.3546114	1.64369	1.771866
384	-3418.463	-3588.406	169.9439	0.3933305	1.627905	1.771866
390	-3426.122	-3596.236	170.1143	0.3656306	1.713579	1.629605
396	-3421.62	-3591.499	169.879	0.4705016	1.752268	1.629605
402	-3414.539	-3584.422	169.883	0.3381523	1.529825	1.957712
408	-3416.709	-3586.078	169.3687	0.4400056	1.531215	2.163971
414	-3413.796	-3583.517	169.7202	0.2948625	1.53942	2.1238
420	-3419.859	-3588.469	168.6101	0.3924874	1.403477	2.776344
426	-3419.098	-3588.027	168.9282	0.3185084	1.472762	2.633516
432	-3405.13	-3573.672	168.5425	0.3673179	1.403316	2.848058
438	-3417.941	-3586.496	168.5549	0.3391245	1.269972	2.956812
444	-3407.356	-3575.939	168.583	0.3896897	1.392911	2.802622
450	-3411.947	-3580.878	168.9302	0.428024	1.410618	2.533228
456	-3405.64	-3574.404	168.7636	0.5989048	1.381779	2.481154
462	-3406.182	-3576.199	170.0173	0.4099162	1.577969	1.733106
468	-3409.141	-3578.701	169.5593	0.3900391	1.566761	2.077513
474	-3411.837	-3580.799	168.9619	0.3900391	1.438092	2.541308
480	-3423.68	-3593.375	169.6955	0.3900391	1.665431	1.92085
486	-3416.823	-3586.454	169.6314	0.379801	1.622993	2.005921
492	-3432.921	-3602.848	169.9269	0.4979232	1.818623	1.51175
498	-3413.891	-3583.913	170.022	0.4979232	1.807894	1.448024
504	-3424.618	-3594.73	170.1117	0.6023573	1.791392	1.261634
510	-3423.241	-3593.211	169.9696	0.5201853	1.714572	1.530378
516	-3422.272	-3592.594	170.3212	0.3865203	1.750111	1.417007
522	-3434.513	-3603.32	168.8074	0.3768508	1.380095	2.688846
528	-3441.285	-3610.279	168.9935	0.4976504	1.402352	2.422605
534	-3433.924	-3603.749	169.8257	0.4817881	1.761652	1.6473
540	-3424.503	-3594.588	170.0856	0.4783391	1.748353	1.469986
546	-3432.75	-3602.824	170.0739	0.4079367	1.787543	1.544178
552	-3424.549	-3592.547	167.9981	0.4519193	1.266654	3.160216
558	-3412.135	-3580.16	168.0249	0.4122286	1.228353	3.210165
564	-3426.036	-3594.233	168.1975	0.5529322	1.341269	2.896237
570	-3431.136	-3599.545	168.409	0.3717839	1.443261	2.899248
576	-3426.177	-3594.725	168.5476	0.3997693	1.469111	2.765794
582	-3421.651	-3591.585	169.934	0.2569525	1.679667	1.950955
588	-3437.267	-3607.142	169.8747	0.4586452	1.697617	1.686557
594	-3422.435	-3591.952	169.5169	0.5471108	1.628126	1.882088
600	-3433.896	-3603.742	169.8465	0.396726	1.690323	1.791534
606	-3419.444	-3589.151	169.707	0.4591709	1.538509	1.912316
612	-3405.521	-3575.043	169.522	0.4591709	1.566973	2.017275
618	-3406.747	-3576.036	169.2884	0.5384932	1.494958	2.131993
624	-3414.118	-3583.359	169.2411	0.5173759	1.482388	2.19277
630	-3422.312	-3591.718	169.4059	0.530775	1.452687	2.090712
636	-3426.146	-3595.519	169.3738	0.5121804	1.522954	2.085217
642	-3434.097	-3603.099	169.0016	0.4328776	1.55186	2.394239
648	-3424.584	-3593.525	168.9406	0.4823085	1.535881	2.387946
654	-3421.259	-3590.373	169.1145	0.395076	1.520143	2.387946
660	-3419.262	-3588.344	169.0823	0.4371777	1.646403	2.277791
666	-3419.075	-3588.358	169.2825	0.3298025	1.534638	2.357573
672	-3411.114	-3579.941	168.8277	0.43038	1.412031	2.593348
678	-3414.702	-3583.39	168.6878	0.5702401	1.394893	2.546807
684	-3415.655	-3584.384	168.729	0.4626876	1.394893	2.62921
690	-3425.452	-3594.052	168.6001	0.4260735	1.301756	2.805569
696	-3426.339	-3595.081	168.7423	0.4290819	1.300538	2.716064
702	-3406.926	-3575.12	168.1939	0.4372424	1.288694	3.046115
708	-3413.616	-3581.352	167.736	0.4541146	1.313727	3.285179
714	-3423.732	-3592.019	168.2878	0.4201727	1.370152	2.959719
720	-3427.1	-3594.601	167.5008	0.424983	1.367732	3.422643
726	-3422.639	-3591.229	168.59	0.4488148	1.461861	2.688664
732	-3422.86	-3591.262	168.4021	0.3418977	1.480332	2.918549
738	-3433.863	-3602.347	168.4842	0.2813751	1.478165	2.953449
744	-3438.281	-3605.796	167.5146	0.3747673	1.377277	3.465612
750	-3430.256	-3598.896	168.6402	0.400152	1.422419	2.737275
756	-3426.561	-3595.371	168.8098	0.3829363	1.466415	2.626712
762	-3426.3	-3595.06	168.7606	0.4617844	1.39096	2.613088
768	-3428.092	-3595.845	167.7525	0.2979705	1.23589	3.506469
774	-3432.81	-3601.943	169.1324	0.5160638	1.48338	2.263601
780	-3430.743	-3599.78	169.0374	0.3395333	1.379651	2.595031
786	-3435.225	-3603.556	168.3306	0.42003	1.345381	2.949059
792	-3426.106	-3593.126	167.02	0.4695266	1.241787	3.729102
798	-3421.758	-3589.467	167.7091	0.4835292	1.350174	3.249538
804	-3443.477	-3610.963	167.4856	0.3617959	1.302051	3.541819
810	-3430.755	-3598.027	167.2718	0.3464412	1.16886	3.761487
816	-3426.69	-3593.759	167.0695	0.4106893	1.196055	3.788256
822	-3424.879	-3592.259	167.3805	0.4165823	1.222881	3.586371
828	-3416.209	-3583.306	167.0961	0.4165823	1.309661	3.700895
834	-3412.728	-3581.849	169.1214	0.4026398	1.462563	2.410715
840	-3409.555	-3578.955	169.4003	0.399716	1.573823	2.164623
846	-3409.681	-3578.434	168.7523	0.4896953	1.402295	2.581622
852	-3404.672	-3573.074	168.4021	0.4274747	1.408034	2.859682
858	-3396.622	-3565.281	168.6589	0.4274747	1.410077	2.701892
864	-3412.207	-3580.588	168.3814	0.4047704	1.518109	2.831292
870	-3408.703	-3578.198	169.495	0.4159287	1.448796	2.164249
876	-3408.132	-3577.351	169.2197	0.4490178	1.477563	2.284285
882	-3414.399	-3583.668	169.269	0.4555117	1.535755	2.207754
888	-3411.175	-3580.733	169.5581	0.4395362	1.535755	2.03723
894	-3420.353	-3589.954	169.601	0.4323769	1.572023	1.993266
900	-3425.169	-3594.32	169.1512	0.4938843	1.552291	2.230638
906	-3423.931	-3593.367	169.4364	0.3779631	1.509782	2.210403
912	-3430.834	-3600.326	169.4922	0.3779631	1.478723	2.19442
918	-3430.205	-3599.735	169.5294	0.3817915	1.527904	2.133286
924	-3419.219	-3587.203	167.9845	0.3786373	1.290766	3.235718
930	-3420.483	-3587.809	167.3257	0.4177019	1.274836	3.586851
936	-3422.548	-3588.343	165.7954	0.4151042	1.166478	4.524748
942	-3423.077	-3590.628	167.5516	0.3643983	1.291371	3.506461
948	-3437.432	-3604.348	166.9153	0.4847739	1.260319	3.763751
954	-3425.783	-3594.832	169.0495	0.3658882	1.492221	2.483022
960	-3418.013	-3586.847	168.8338	0.4555239	1.506242	2.502822
966	-3421.341	-3589.728	168.3866	0.3817877	1.473792	2.882159
972	-3418.194	-3586.99	168.7959	0.3771552	1.335158	2.723096
978	-3422.511	-3590.993	168.4822	0.4178227	1.411339	2.819913
984	-3412.176	-3581.187	169.0111	0.4178227	1.443678	2.473842
990	-3413.254	-3581.838	168.584	0.4178227	1.403172	2.76288
996	-3420.97	-3588.569	167.5987	0.3312734	1.352041	3.48451
1002	-3419.631	-3588.558	168.9273	0.3697413	1.428033	2.594177
1008	-3423.992	-3593.117	169.1243	0.3263271	1.517189	2.473169
1014	-3409.947	-3578.71	168.7632	0.3936628	1.432699	2.663251
1020	-3402.72	-3571.306	168.5859	0.508118	1.42791	2.649797
1026	-3406.492	-3574.884	168.3919	0.4544429	1.322687	2.88807
1032	-3403.895	-3571.509	167.6144	0.4611302	1.18737	3.423668
1038	-3409.775	-3577.998	168.2232	0.4760234	1.334353	2.960165
1044	-3407.799	-3576.379	168.5806	0.4057668	1.352144	2.809946
1050	-3420.8	-3589.854	169.0547	0.4010757	1.564732	2.390234
1056	-3413.544	-3582.681	169.137	0.4175088	1.451204	2.390234
1062	-3405.449	-3575.561	170.112	0.4175088	1.799215	1.493631
1068	-3404.031	-3574.167	170.1356	0.3625822	1.623733	1.683205
1074	-3401.409	-3571.309	169.9001	0.4047563	1.705726	1.732608
1080	-3397.461	-3567.465	170.0042	0.4047563	1.607563	1.728443
1086	-3405.742	-3575.705	169.9628	0.3821171	1.73085	1.701794
1092	-3405.995	-3576.054	170.0591	0.3907634	1.678832	1.658112
1098	-3413.792	-3583.983	170.1909	0.5500382	1.757252	1.288976
1104	-3410.288	-3580.557	170.2691	0.4518222	1.747081	1.364769
1110	-3412.387	-3582.404	170.0165	0.5668093	1.71825	1.437308
1116	-3415.299	-3585.373	170.0739	0.542474	1.795012	1.362044
1122	-3412.253	-3582.462	170.2089	0.3905899	1.795012	1.462575
1128	-3409.355	-3579.255	169.8997	0.4179538	1.681859	1.732124
1134	-3421.514	-3591.243	169.7282	0.3678667	1.517957	2.027436
1140	-3403.421	-3572.703	169.2816	0.4559856	1.475689	2.237822
1146	-3406.392	-3575.777	169.3848	0.4559856	1.484829	2.165133
1152	-3404.807	-3574.198	169.3912	0.3544696	1.573714	2.229345
1158	-3414.595	-3584.129	169.5334	0.3767886	1.586303	2.098927
1164	-3411.654	-3581.219	169.565	0.3152372	1.590379	2.161162
1170	-3412.89	-3582.261	169.3714	0.4440807	1.525501	2.161162
1176	-3427.362	-3596.206	168.8438	0.3897312	1.467705	2.596595
1182	-3437.092	-3604.859	167.7665	0.38051	1.399433	3.298096
1188	-3418.245	-3586.662	168.4169	0.3900084	1.386123	2.90706
1194	-3420.383	-3588.755	168.3719	0.3153697	1.301906	3.078743
1200	-3414.743	-3583.696	168.9528	0.3319675	1.515727	2.573256
1206	-3410.635	-3579.75	169.1158	0.3886662	1.477137	2.422166
1212	-3407.601	-3576.785	169.184	0.3050298	1.503598	2.47436
1218	-3415.981	-3585.241	169.2607	0.3683328	1.506563	2.337533
1224	-3410.318	-3578.428	168.1104	0.3635291	1.35726	3.139774
1230	-3414.207	-3582.036	167.8285	0.4081754	1.344349	3.2622
1236	-3410.938	-3579.531	168.5929	0.3923591	1.350878	2.819006
1242	-3410.255	-3579.437	169.182	0.4213283	1.450145	2.357912
1248	-3411.436	-3580.875	169.4392	0.3082502	1.545637	2.281419
1254	-3409.702	-3579.525	169.8233	0.3873155	1.696726	1.815908
1260	-3413.723	-3583.374	169.6513	0.3054776	1.594423	2.116735
1266	-3414.57	-3583.699	169.1289	0.3054776	1.619673	2.435409
1272	-3412.736	-3582.147	169.4107	0.4266293	1.579089	2.121267
1278	-3418.663	-3587.911	169.2483	0.3836896	1.595144	2.269226
1284	-3418.593	-3587.108	168.5153	0.3352407	1.380726	2.918992
1290	-3412.06	-3580.061	168.0014	0.3352407	1.226471	3.317003
1296	-3414.056	-3582.306	168.25	0.3924844	1.34084	3.031718
1302	-3414.111	-3581.991	167.8799	0.3193005	1.271281	3.382687
1308	-3416.498	-3584.407	167.9093	0.2869147	1.268711	3.410912
1314	-3418.043	-3587.594	169.5508	0.3514359	1.535528	2.154795
1320	-3410.53	-3579.74	169.2101	0.3634109	1.480115	2.392823
1326	-3410.517	-3579.421	168.9043	0.4039366	1.484381	2.531581
1332	-3420.432	-3589.432	169.0004	0.4039366	1.386381	2.532769
1338	-3425.836	-3594.628	168.7921	0.2811548	1.395441	2.817545
1344	-3417.912	-3587.042	169.1307	0.3197032	1.428221	2.533947
1350	-3416.52	-3585.104	168.5835	0.4295042	1.378972	2.764757
1356	-3422.083	-3591.139	169.0562	0.4261639	1.470263	2.419072
1362	-3415.716	-3584.992	169.2768	0.408086	1.573646	2.234292
1368	-3415.51	-3585.046	169.5356	0.3342046	1.478677	2.225355
1374	-3402.852	-3571.485	168.6329	0.392108	1.455135	2.731302
1380	-3419.772	-3588.425	168.6525	0.4233505	1.376119	2.731302
1386	-3424.213	-3593.264	169.0502	0.3861033	1.524731	2.436683
1392	-3423.854	-3593.323	169.4697	0.3334203	1.455473	2.283663
1398	-3430.746	-3600.188	169.443	0.4096449	1.728405	2.022536
1404	-3414.905	-3584.633	169.7286	0.3551223	1.577299	2.005181
1410	-3417.022	-3586.774	169.7522	0.3551223	1.553647	2.005181
1416	-3417.273	-3586.524	169.2507	0.4716953	1.385947	2.297652
1422	-3418.405	-3587.803	169.3977	0.4565479	1.489953	2.152758
1428	-3416.993	-3586.482	169.489	0.4418512	1.461437	2.128886
1434	-3403.423	-3572.934	169.5105	0.3192832	1.426955	2.2958
1440	-3401.87	-3571.469	169.5988	0.4401639	1.512348	2.02502
1446	-3419.342	-3589.419	170.0769	0.294652	1.681152	1.789065
1452	-3410.348	-3580.285	169.9373	0.3541219	1.688853	1.789065
1458	-3426.136	-3595.862	169.7255	0.3558521	1.554434	2.021416
1464	-3419.365	-3589.029	169.6641	0.3958958	1.579928	1.991712
1470	-3424.323	-3593.788	169.4649	0.4479795	1.628831	2.027258
1476	-3419.849	-3589.083	169.2336	0.4882688	1.49309	2.2217
1482	-3403.378	-3572.721	169.343	0.3792519	1.600564	2.21042
1488	-3397.802	-3567.09	169.2884	0.3751328	1.440208	2.353346
1494	-3407.093	-3576.359	169.2661	0.4778287	1.372688	2.289555
1500	-3404.963	-3573.799	168.8361	0.5032303	1.340033	2.554301
1506	-3406.353	-3573.508	167.1541	0.4621442	1.176256	3.696856
1512	-3410.456	-3578.268	167.812	0.4224338	1.347546	3.254286
1518	-3412.517	-3580.692	168.1754	0.5072417	1.338691	2.95484
1524	-3417.684	-3586.673	168.9896	0.3235727	1.320095	2.68276
1530	-3403.292	-3571.579	168.2869	0.4811888	1.255558	2.96391
1536	-3400.693	-3568.585	167.8924	0.377043	1.245864	3.318463
1542	-3424.833	-3594.425	169.5919	0.4026967	1.569222	2.038142
1548	-3435.739	-3604.439	168.6993	0.3673381	1.486647	2.701597
1554	-3431.698	-3599.649	167.9508	0.4348479	1.299395	3.187116
1560	-3419.373	-3588.563	169.1898	0.3665704	1.391224	2.457484
1566	-3416.1	-3584.509	168.4086	0.3022168	1.404396	3.013464
1572	-3423.317	-3591.945	168.628	0.3231363	1.345916	2.888012
1578	-3424.917	-3593.762	168.8454	0.4089381	1.441427	2.588916
1584	-3419.137	-3588.343	169.2056	0.4295587	1.507016	2.296951
1590	-3416.131	-3584.77	168.6396	0.4295587	1.437023	2.69485
1596	-3424.936	-3593.759	168.8227	0.3092687	1.452628	2.723632
1602	-3410.636	-3579.832	169.1961	0.3391945	1.50384	2.418821
1608	-3407.956	-3577.311	169.3547	0.3393332	1.648337	2.225442
1614	-3432.881	-3601.956	169.0741	0.3637013	1.457246	2.492304
1620	-3420.398	-3589.424	169.026	0.4214837	1.516856	2.414186
1626	-3420.564	-3588.614	168.0496	0.3855974	1.437151	3.101953
1632	-3424.253	-3593.196	168.9427	0.2816118	1.54401	2.633686
1638	-3423.345	-3592.498	169.1528	0.4315952	1.466007	2.354335
1644	-3435.795	-3604.78	168.9841	0.3606446	1.432106	2.567994
1650	-3413.982	-3581.148	167.1659	0.3606446	1.213873	3.779437
1656	-3421.338	-3588.427	167.0894	0.4146472	1.183999	3.779437
1662	-3423.508	-3590.851	167.3433	0.4417678	1.23256	3.575464
1668	-3416.165	-3585.21	169.0454	0.3809634	1.459947	2.486729
1674	-3403.996	-3573.428	169.4321	0.4736677	1.642951	2.009809
1680	-3410.682	-3580.237	169.5544	0.5220917	1.693728	1.838621
1686	-3421.065	-3591.05	169.9845	0.39491	1.694691	1.694177
1692	-3424.918	-3595.138	170.2196	0.4473378	1.796052	1.371469
1698	-3416.626	-3586.541	169.9152	0.3810092	1.679073	1.77312
1704	-3410.093	-3579.985	169.8917	0.4252598	1.619383	1.7719
1710	-3417.364	-3587.041	169.6774	0.33444	1.619383	2.04049
1716	-3424.066	-3593.471	169.4053	0.4622653	1.632117	2.047886
1722	-3418.384	-3588.229	169.8443	0.3896812	1.691398	1.801833
1728	-3418.517	-3588.482	169.9644	0.3896812	1.687933	1.720442
1734	-3412.639	-3582.362	169.7231	0.3730729	1.750672	1.867172
1740	-3419.724	-3589.705	169.9809	0.3454934	1.698623	1.764618
1746	-3412.188	-3582.406	170.2181	0.3438715	1.777539	1.540282
1752	-3430.129	-3599.925	169.7958	0.3014919	1.564818	2.047187
1758	-3429.009	-3598.622	169.6128	0.4577788	1.702287	1.86666
1764	-3423.567	-3592.76	169.1924	0.4489944	1.628821	2.204569
1770	-3426.311	-3595.554	169.2433	0.4052537	1.490563	2.312462
1776	-3424.948	-3593.78	168.8323	0.5283619	1.597484	2.369607
1782	-3416.316	-3585.278	168.9611	0.5062617	1.467455	2.392975
1788	-3406.757	-3575.726	168.969	0.4184763	1.373915	2.542921
1794	-3424.427	-3592.649	168.2216	0.4034371	1.302109	3.05917
1800	-3423.781	-3591.512	167.7312	0.4003733	1.295627	3.357019
1806	-3418.573	-3586.898	168.3243	0.4567547	1.249592	2.970444
1812	-3413.974	-3581.693	167.7197	0.3650394	1.274795	3.417138
1818	-3408.557	-3576.527	167.9694	0.2753116	1.398357	3.316027
1824	-3404.868	-3572.635	167.767	0.3447554	1.354732	3.367381
1830	-3406.702	-3575.665	168.9627	0.4758098	1.477186	2.418013
1836	-3409.795	-3578.083	168.2886	0.395364	1.546898	2.881119
1842	-3414.619	-3583.37	168.7508	0.38904	1.391791	2.701565
1848	-3417.587	-3586.253	168.6661	0.4021835	1.424524	2.717738
1854	-3407.97	-3576.988	169.0187	0.3824777	1.551081	2.444431
1860	-3418.821	-3587.986	169.1649	0.4525384	1.495523	2.303846
1866	-3413.745	-3582.817	169.0718	0.3971816	1.428308	2.47008
1872	-3415.897	-3585.332	169.4352	0.401618	1.564845	2.145353
1878	-3423.502	-3592.573	169.0705	0.4408672	1.51705	2.363488
1884	-3430.13	-3596.88	166.7495	0.5026767	1.255963	3.844544
1890	-3427.98	-3595.975	167.9947	0.3453706	1.361742	3.2283
1896	-3419.723	-3587.812	168.0888	0.381417	1.353474	3.133372
1902	-3422.203	-3591.192	168.9886	0.3379633	1.513406	2.544427
1908	-3422.73	-3591.641	168.9108	0.3169013	1.42362	2.676748
1914	-3423.122	-3591.653	168.5312	0.4148297	1.484172	2.749132
1920	-3414.566	-3583.32	168.7537	0.3574344	1.429583	2.715723
1926	-3439.528	-3607.19	167.6616	0.4312534	1.327704	3.345006
1932	-3425.729	-3592.623	166.894	0.3135871	1.223184	3.988499
1938	-3416.064	-3584.237	168.1729	0.3820056	1.216309	3.164243
1944	-3408.58	-3575.898	167.3185	0.4482712	1.28452	3.552901
1950	-3419.538	-3585.964	166.4256	0.3186259	1.199254	4.262145
1956	-3418.868	-3586.27	167.4019	0.4553392	1.132821	3.585325
1962	-3423.012	-3590.89	167.8781	0.2778837	1.254518	3.450335
1968	-3423.03	-3590.66	167.6302	0.4633495	1.209296	3.3993
1974	-3419.949	-3587.382	167.4325	0.3195061	1.187785	3.691638
1980	-3446.086	-3613.115	167.0295	0.40184	1.205739	3.815418
1986	-3428.985	-3597.221	168.2361	0.3436986	1.290461	3.129481
1992	-3423.223	-3591.08	167.8575	0.3613818	1.263086	3.347605
1998	-3413.55	-3581.444	167.8948	0.2996925	1.360977	3.347605
2004	-3409.224	-3576.799	167.5741	0.3967079	1.291329	3.455741
2010	-3415.045	-3583.19	168.145	0.3451076	1.291329	3.181303
2016	-3421.088	-3588.538	167.4499	0.4160652	1.24095	3.536104
2022	-3420.011	-3588.477	168.4662	0.4587616	1.296026	2.854629
2028	-3424.51	-3591.999	167.4889	0.3546788	1.334778	3.529433
2034	-3415.333	-3582.242	166.9096	0.4616049	1.120561	3.870382
2040	-3435.203	-3602.815	167.6129	0.3456493	1.415163	3.421184
2046	-3422.985	-3591.364	168.3782	0.4375147	1.388058	2.875117
2052	-3423.634	-3591.027	167.3929	0.3364266	1.298764	3.628738
2058	-3414.023	-3582.058	168.0347	0.5243872	1.290383	3.051584
2064	-3411.111	-3578.128	167.0171	0.5243872	1.319835	3.632869
2070	-3410.922	-3579.157	168.2354	0.4706528	1.319835	2.967084
2076	-3415.645	-3583.884	168.239	0.4355397	1.352912	2.982415
2082	-3424.056	-3592.673	168.6172	0.3921655	1.352912	2.803168
2088	-3428.714	-3596.712	167.9976	0.511851	1.245857	3.11238
2094	-3438.611	-3606.354	167.7436	0.4254695	1.219046	3.366932
2100	-3422.218	-3589.997	167.779	0.4098329	1.21291	3.366932
2106	-3419.302	-3587.535	168.2335	0.4947891	1.31922	2.944018
2112	-3406.144	-3575.331	169.1867	0.4412922	1.607796	2.230713
2118	-3412.767	-3582.029	169.2617	0.375102	1.495481	2.33524
2124	-3421.076	-3589.687	168.6114	0.3669096	1.271805	2.886538
2130	-3413.307	-3582.437	169.1306	0.3348302	1.438629	2.506714
2136	-3422.806	-3591.275	168.4685	0.3391354	1.392609	2.934968
2142	-3422.075	-3590.773	168.6987	0.382716	1.424678	2.720952
2148	-3433.114	-3602.316	169.2026	0.4269662	1.48775	2.314242
2154	-3429.409	-3598.589	169.1798	0.4465591	1.566318	2.255782
2160	-3420.05	-3589.148	169.0977	0.2973383	1.395047	2.60676
2166	-3414.898	-3583.548	168.6499	0.3804732	1.32139	2.816492
2172	-3414.552	-3583.463	168.9109	0.4399819	1.383013	2.54882
2178	-3413.903	-3583.373	169.4697	0.3733373	1.461701	2.225954
2184	-3414.71	-3584.223	169.5128	0.5118519	1.598259	1.943049
2190	-3422.132	-3591.556	169.4249	0.5556015	1.59691	1.95652
2196	-3427.055	-3596.443	169.3887	0.3659053	1.572793	2.216295
2202	-3428.521	-3597.055	168.5347	0.4769112	1.360678	2.754448
2208	-3420.829	-3589.123	168.294	0.4094289	1.343043	2.984428
2214	-3419.264	-3588.069	168.8049	0.4144117	1.510345	2.564857
2220	-3421.49	-3590.369	168.8789	0.363494	1.445784	2.62103
2226	-3424.242	-3592.953	168.7113	0.3125398	1.349725	2.84966
2232	-3408.018	-3576.38	168.3628	0.3454416	1.284544	3.055231
2238	-3403.656	-3572.244	168.5873	0.4171216	1.405852	2.760059
2244	-3417.904	-3586.795	168.891	0.4163203	1.553602	2.481971
2250	-3413.882	-3583.569	169.6871	0.4318895	1.603581	1.914776
2256	-3421.905	-3591.76	169.8555	0.3498549	1.603581	1.909735
2262	-3419.814	-3589.549	169.7344	0.365504	1.514669	2.028681
2268	-3416.237	-3585.722	169.4855	0.3610132	1.606834	2.137909
2274	-3421.418	-3590.549	169.1305	0.3862045	1.457912	2.428062
2280	-3430.584	-3599.386	168.802	0.293482	1.313746	2.843235
2286	-3420.709	-3588.789	168.0795	0.4623112	1.364198	3.042677
2292	-3418.275	-3587.612	169.3367	0.343895	1.495059	2.328951
2298	-3413.848	-3581.623	167.7754	0.343895	1.442413	3.311985
2304	-3421.408	-3588.343	166.9347	0.3224001	1.151362	3.994992
2310	-3410.707	-3579.198	168.4914	0.3722423	1.376843	2.889019
2316	-3419.752	-3588.569	168.8175	0.4355276	1.318768	2.651411
2322	-3404.781	-3574.223	169.4429	0.4006823	1.672156	2.071148
2328	-3418.435	-3587.952	169.5171	0.4123998	1.619219	2.042315
2334	-3423.264	-3592.631	169.3665	0.4123998	1.437212	2.259046
2340	-3437.955	-3605.978	168.0228	0.4291089	1.38009	3.102547
2346	-3446.914	-3616.262	169.3478	0.4291089	1.48906	2.217676
2352	-3430.864	-3600.529	169.6647	0.3276902	1.536598	2.113064
2358	-3423.32	-3592.435	169.1153	0.3928666	1.509234	2.397019
2364	-3414.99	-3584.049	169.0586	0.5185312	1.420224	2.348495
2370	-3400.222	-3569.037	168.8153	0.4313369	1.416382	2.597227
2376	-3410.574	-3579.37	168.7968	0.438479	1.493716	2.552633
2382	-3410.133	-3579.072	168.9386	0.3799572	1.363499	2.614388
2388	-3415.183	-3583.817	168.6341	0.4098929	1.609762	2.614388
2394	-3417.929	-3586.543	168.6141	0.367817	1.503615	2.7428
2400	-3418.927	-3587.747	168.8207	0.4098668	1.503615	2.564595
2406	-3415.205	-3583.393	168.1882	0.3406537	1.381308	3.10776
2412	-3419.001	-3587.571	168.5691	0.3363122	1.338925	2.910356
2418	-3416.666	-3585.515	168.8493	0.3809281	1.465646	2.60526
2424	-3417.131	-3586.66	169.5288	0.364071	1.445537	2.210432
2430	-3421.275	-3589.409	168.1343	0.3366634	1.432229	3.114677
2436	-3430.701	-3599.721	169.0204	0.390042	1.450313	2.497159
2442	-3419.06	-3587.496	168.4359	0.3714177	1.390701	2.915168
2448	-3411.413	-3580.354	168.9414	0.4711976	1.399995	2.484862
2454	-3414.362	-3583.022	168.66	0.5334773	1.474447	2.549924
2460	-3427.216	-3597.231	170.0148	0.4291758	1.790461	1.556346
2466	-3418.876	-3589.016	170.1409	0.3144492	1.821311	1.612087
2472	-3410.48	-3577.935	167.4555	0.3666229	1.309653	3.549147
2478	-3412.524	-3580.786	168.2623	0.3478659	1.371724	3.060084
2484	-3405.856	-3574.891	169.0355	0.3898619	1.481045	2.468686
2490	-3401.951	-3571.064	169.1132	0.3233394	1.542061	2.468686
2496	-3407.085	-3575.875	168.79	0.4100918	1.491989	2.590549
2502	-3410.503	-3579.266	168.7625	0.318158	1.461561	2.742685
2508	-3416.559	-3585.189	168.6306	0.3970601	1.426521	2.744295
2514	-3412.453	-3581.021	168.5688	0.3970601	1.488399	2.744295
2520	-3418.62	-3586.864	168.2442	0.3411009	1.464901	3.023789
2526	-3429.12	-3597.833	168.7122	0.3715917	1.493849	2.683948
2532	-3416.691	-3586.754	170.0631	0.3220661	1.67173	1.761558
2538	-3410.961	-3580.551	169.5902	0.3566989	1.679418	2.027131
2544	-3422.562	-3591.386	168.8237	0.3449925	1.549757	2.614808
2550	-3407.369	-3576.863	169.4936	0.3633835	1.489811	2.205445
2556	-3412.017	-3581.399	169.3819	0.3883735	1.431294	2.282649
2562	-3424.847	-3592.16	167.3134	0.377188	1.237731	3.661014
2568	-3417.131	-3584.367	167.2354	0.3955004	1.184664	3.715908
2574	-3412.572	-3582.902	170.3296	0.3581934	1.800928	1.415521
2580	-3413.737	-3583.711	169.974	0.4144542	1.742789	1.64067
2586	-3418.391	-3588.465	170.0741	0.4578449	1.649642	1.57839
2592	-3420.585	-3590.892	170.3071	0.3992095	1.791021	1.376847
2598	-3410.982	-3581.146	170.1639	0.3333209	1.735696	1.627062
2604	-3405.031	-3574.528	169.4967	0.39158	1.629489	2.075406
2610	-3396.681	-3566.618	169.9372	0.4457994	1.734454	1.63172
2616	-3401.846	-3571.868	170.0214	0.4244463	1.732137	1.600635
2622	-3418.006	-3586.605	168.5992	0.3256094	1.467284	2.828578
2628	-3417.573	-3586.874	169.3011	0.4022393	1.713158	2.135269
2634	-3415.328	-3584.838	169.5097	0.3384027	1.632513	2.136423
2640	-3408.584	-3577.982	169.3971	0.3394399	1.501491	2.292366
2646	-3423.781	-3593.309	169.528	0.4087454	1.410511	2.176521
2652	-3409.374	-3577.568	168.1945	0.412831	1.365333	3.026917
2658	-3405.433	-3574.353	168.9199	0.3864743	1.489263	2.539942
2664	-3412.642	-3581.512	168.8697	0.4318689	1.435816	2.550818
2670	-3421.253	-3589.727	168.4745	0.4318689	1.403084	2.813855
2676	-3409.715	-3579.49	169.7754	0.3730966	1.585497	1.943628
2682	-3419.679	-3589.026	169.3475	0.408322	1.486003	2.24491
2688	-3421.178	-3589.469	168.291	0.4680417	1.479354	2.839899
2694	-3413.554	-3581.964	168.4093	0.392461	1.431668	2.881216
2700	-3416.269	-3584.564	168.2946	0.4570401	1.434894	2.876282
2706	-3410.659	-3578.221	167.5617	0.4204863	1.301445	3.430673
2712	-3421.062	-3589.05	167.9887	0.3844455	1.261441	3.243783
2718	-3422.044	-3590.768	168.7244	0.3573475	1.42378	2.737322
2724	-3422.132	-3591.495	169.3637	0.474305	1.48041	2.161043
2730	-3420.422	-3589.589	169.1672	0.3573361	1.500162	2.415172
2736	-3419.048	-3588.75	169.7017	0.3762736	1.553342	2.010225
2742	-3397.968	-3568.075	170.1075	0.3560034	1.785429	1.596916
2748	-3397.651	-3567.609	169.9579	0.3997422	1.847359	1.596916
2754	-3401.208	-3570.93	169.7218	0.3226079	1.582723	2.052543
2760	-3406.54	-3576.582	170.0422	0.4024006	1.767493	1.58999
2766	-3407.12	-3576.973	169.8526	0.5225113	1.767493	1.574833
2772	-3403.1	-3573.415	170.315	0.3153521	1.882895	1.43507
2778	-3414.933	-3585.006	170.0728	0.4007309	1.789163	1.553963
2784	-3419.565	-3590.001	170.4354	0.3106786	1.836148	1.386162
2790	-3419.514	-3589.482	169.968	0.3699263	1.617136	1.794958
2796	-3415.516	-3585.065	169.5497	0.4185598	1.536636	2.067724
2802	-3418.813	-3587.884	169.0707	0.4185598	1.511934	2.392544
2808	-3407.234	-3576.409	169.175	0.3808122	1.480419	2.392544
2814	-3412.58	-3581.282	168.7017	0.3579436	1.372813	2.781561
2820	-3409.241	-3577.781	168.5395	0.4157288	1.42106	2.781561
2826	-3413.801	-3582.328	168.5273	0.4312305	1.40445	2.781561
2832	-3416.415	-3584.603	168.1875	0.4063987	1.309297	3.071897
2838	-3412.993	-3580.44	167.4462	0.4357601	1.220929	3.528729
2844	-3423.299	-3591.621	168.3221	0.3396272	1.364221	3.039314
2850	-3420.946	-3590.098	169.152	0.3562209	1.412847	2.481019
2856	-3408.505	-3577.875	169.3694	0.3790769	1.444628	2.293926
2862	-3423.108	-3593.073	169.9647	0.264319	1.57494	1.987973
2868	-3410.909	-3579.459	168.5503	0.4203632	1.355169	2.80982
2874	-3407.595	-3576.154	168.5595	0.4203632	1.345927	2.80982
2880	-3406.322	-3574.697	168.3744	0.4025967	1.344784	2.942868
2886	-3404.565	-3573.217	168.6521	0.4248581	1.32909	2.758572
2892	-3416.819	-3584.852	168.0327	0.3853347	1.445082	3.107617
2898	-3418.487	-3586.776	168.2886	0.3797152	1.358261	3.013226
2904	-3413.485	-3581.862	168.3777	0.3446749	1.353575	3.005914
2910	-3418.604	-3587.15	168.5462	0.3681135	1.439444	2.82293
2916	-3413.454	-3582.523	169.0686	0.3631214	1.523424	2.455026
2922	-3411.882	-3580.996	169.1136	0.3310273	1.586217	2.430019
2928	-3419.503	-3588.943	169.4395	0.4231583	1.613591	2.08394
2934	-3427.302	-3596.695	169.393	0.4375736	1.750136	2.006865
2940	-3430.737	-3600.536	169.7996	0.4299491	1.651066	1.807866
2946	-3421.403	-3589.938	168.5353	0.4299491	1.379517	2.793311
2952	-3428.463	-3596.03	167.5666	0.3518905	1.416194	3.439956
2958	-3416.117	-3584.136	168.0198	0.3366531	1.30469	3.258209
2964	-3414.651	-3585.134	170.4827	0.3688341	1.908618	1.185545
2970	-3414.016	-3584.433	170.4168	0.3674426	1.897928	1.252919
2976	-3407.835	-3578.25	170.415	0.3979791	1.856248	1.238537
2982	-3407.079	-3577.338	170.259	0.3869721	1.847772	1.388767
2988	-3402.149	-3572.333	170.1839	0.4435134	1.804439	1.398214
2994	-3409.737	-3579.884	170.1469	0.4485732	1.840981	1.391518
3000	-3412.547	-3582.321	169.7745	0.3751236	1.60152	1.930673
3006	-3411.504	-3581.714	170.2103	0.3751236	1.704868	1.551897
3012	-3412.947	-3583.108	170.1612	0.3751236	1.754053	1.551897
3018	-3419.141	-3589.277	170.1369	0.4270367	1.773016	1.481321
3024	-3412.994	-3583.25	170.2561	0.3756046	1.761075	1.475037
3030	-3416.882	-3587.087	170.2056	0.4004491	1.761075	1.476261
3036	-3419.509	-3590.057	170.5475	0.3313588	1.843084	1.253142
3042	-3423.656	-3594.029	170.3733	0.4269112	1.78889	1.283713
3048	-3424.583	-3594.533	169.9499	0.4269112	1.78889	1.608019
3054	-3424.632	-3594.87	170.2379	0.3612616	1.812507	1.471954
3060	-3425.798	-3595.814	170.0154	0.4600252	1.704391	1.578523
3066	-3437.74	-3607.473	169.7337	0.4154848	1.655492	1.868504
3072	-3426.317	-3596.319	170.0016	0.4169551	1.773638	1.59497
3078	-3423.373	-3592.683	169.3096	0.4127009	1.61051	2.183568
3084	-3416.452	-3585.462	169.0102	0.4127009	1.546687	2.415744
3090	-3425.42	-3595.048	169.6276	0.4125822	1.737028	1.888952
3096	-3423.562	-3592.025	168.4627	0.3655304	1.533893	2.819495
3102	-3419.838	-3587.673	167.8347	0.3181803	1.41127	3.328455
3108	-3421.393	-3589.699	168.3065	0.4886002	1.433541	2.837014
3114	-3421.523	-3590.651	169.1285	0.353402	1.428256	2.489792
3120	-3425.637	-3594.566	168.9291	0.4292142	1.511873	2.469237
3126	-3421.396	-3591.262	169.8659	0.3649549	1.532611	1.92948
3132	-3416.754	-3585.719	168.9646	0.4460342	1.432956	2.477366
3138	-3414.354	-3583.597	169.2435	0.3058438	1.527149	2.420981
3144	-3407.886	-3576.825	168.9388	0.3764703	1.484754	2.543358
3150	-3405.575	-3575.077	169.5017	0.5065448	1.585979	1.964582
3156	-3424.388	-3593.432	169.0436	0.40193	1.521532	2.423443
3162	-3433.89	-3603.061	169.172	0.3600055	1.476715	2.423443
3168	-3423.583	-3592.475	168.8921	0.4442732	1.572082	2.437491
3174	-3414.526	-3582.804	168.2781	0.3491709	1.331045	3.073321
3180	-3409.544	-3578.177	168.6331	0.457172	1.369511	2.709801
3186	-3408.721	-3576.814	168.093	0.3334197	1.301244	3.221136
3192	-3405.48	-3573.561	168.0809	0.3213071	1.305696	3.241394
3198	-3406.138	-3574.001	167.8629	0.4414696	1.283633	3.241394
3204	-3409.581	-3577.306	167.7242	0.4237106	1.338199	3.310186
3210	-3415.455	-3584.151	168.6964	0.4774711	1.43156	2.610959
3216	-3409.191	-3578.603	169.412	0.3757929	1.463929	2.258456
3222	-3420.482	-3590.048	169.5666	0.3477402	1.618047	2.095599
3228	-3417.296	-3586.887	169.5913	0.3477402	1.593343	2.095599
3234	-3420.389	-3589.489	169.1003	0.3955384	1.450635	2.440144
3240	-3414.957	-3584.226	169.2694	0.3459539	1.612723	2.293968
3246	-3406.989	-3576.75	169.761	0.3687464	1.617974	1.937409
3252	-3421.487	-3590.496	169.0085	0.4730606	1.589241	2.320983
3258	-3420.505	-3588.87	168.3644	0.3445689	1.374259	3.001623
3264	-3420.567	-3589.481	168.9131	0.4217886	1.401565	2.556648
3270	-3434.429	-3602.797	168.3687	0.4195642	1.330423	2.935624
3276	-3434.348	-3602.853	168.5046	0.4446836	1.307292	2.839667
3282	-3429.783	-3598.64	168.8573	0.4041276	1.385877	2.621621
3288	-3427.484	-3596.459	168.9753	0.4545539	1.436245	2.459095
3294	-3410.7	-3579.569	168.8684	0.406355	1.411405	2.596339
3300	-3410.039	-3578.512	168.4727	0.3849909	1.422178	2.857425
3306	-3424.155	-3592.56	168.4056	0.4324496	1.429869	2.838804
3312	-3423.775	-3591.985	168.2103	0.3939922	1.357085	3.043995
3318	-3424.982	-3593.917	168.935	0.3545932	1.495459	2.566907
3324	-3422.975	-3592.293	169.3184	0.4425655	1.455898	2.24223
3330	-3423.969	-3592.891	168.9216	0.4012248	1.525523	2.498351
3336	-3421.231	-3589.545	168.314	0.4076578	1.430517	2.921768
3342	-3414.847	-3583.146	168.299	0.4076578	1.366732	2.969228
3348	-3422.872	-3590.86	167.9879	0.3675568	1.354995	3.208973
3354	-3416.729	-3585.797	169.0679	0.3376876	1.499606	2.503905
3360	-3412.884	-3582.099	169.2145	0.3392194	1.555816	2.374311
3366	-3411.344	-3580.627	169.2829	0.40189	1.566809	2.242338
3372	-3426.58	-3595.914	169.3336	0.4044601	1.445551	2.284477
3378	-3416.905	-3585.764	168.8589	0.3691976	1.373467	2.670765
3384	-3422.794	-3591.615	168.8209	0.4505471	1.475431	2.535577
3390	-3426.64	-3595.484	168.8441	0.3488988	1.42508	2.673979
3396	-3415.617	-3584.213	168.5959	0.3488988	1.318971	2.889984
3402	-3411.599	-3578.865	167.2653	0.4197094	1.275598	3.619266
3408	-3415.293	-3583.027	167.7334	0.5902636	1.22802	3.207939
3414	-3430.133	-3596.449	166.3161	0.4223475	1.063631	4.281433
3420	-3417.398	-3583.629	166.231	0.3505224	1.071669	4.405143
3426	-3413.809	-3579.741	165.9317	0.3168838	1.065966	4.617771
3432	-3414.276	-3581.281	167.0048	0.3690587	1.099538	3.927774
3438	-3419.635	-3586.781	167.146	0.383804	1.273542	3.729438
3444	-3422.755	-3591.358	168.6024	0.3523738	1.39642	2.834685
3450	-3410.905	-3579.787	168.882	0.3295323	1.451242	2.660222
3456	-3419.645	-3588.442	168.7973	0.3295323	1.47826	2.695692
3462	-3426.352	-3594.233	167.8802	0.4724894	1.267429	3.20843
3468	-3427.492	-3595.07	167.5781	0.4081181	1.28825	3.442427
3474	-3434.295	-3603.408	169.1132	0.4036051	1.429335	2.435666
3480	-3427.69	-3596.826	169.1358	0.3447347	1.525465	2.435666
3486	-3433.512	-3601.396	167.8846	0.3910112	1.361739	3.238356
3492	-3416.743	-3585.135	168.3919	0.3579644	1.321037	3.000184
3498	-3416.18	-3584.384	168.2046	0.3375388	1.403413	3.088819
3504	-3419	-3588.052	169.0514	0.318106	1.367412	2.623057
3510	-3425.272	-3594.252	168.98	0.3397977	1.584757	2.50281
3516	-3420.106	-3588.049	167.9423	0.3407673	1.376782	3.256185
3522	-3416.862	-3585.299	168.4369	0.3545271	1.38461	2.939213
3528	-3415.024	-3583.978	168.9543	0.2693206	1.459984	2.696872
3534	-3420.731	-3590.244	169.5131	0.3927997	1.630571	2.062313
3540	-3416.737	-3586.12	169.3833	0.4490192	1.655675	2.062313
3546	-3431.78	-3601.568	169.7877	0.3248077	1.655675	1.956821
3552	-3424.966	-3594.476	169.5093	0.3301992	1.558288	2.196559
3558	-3421.46	-3591.173	169.7125	0.3350007	1.618111	2.017186
3564	-3419.652	-3588.734	169.0823	0.3896604	1.585781	2.373468
3570	-3421.929	-3590.74	168.8106	0.5605339	1.500106	2.413191
3576	-3426.125	-3594.325	168.1998	0.3787755	1.430283	3.024436
3582	-3416.093	-3586.171	170.0784	0.4023377	1.776693	1.556791
3588	-3412.923	-3582.823	169.8994	0.3912793	1.805905	1.680665
3594	-3419.221	-3588.808	169.587	0.3851925	1.746268	1.945984
3600	-3416.333	-3585.41	169.0767	0.424571	1.358705	2.478103
3606	-3428.395	-3597.546	169.1507	0.3771661	1.434096	2.441668
3612	-3426.489	-3595.412	168.9228	0.4883003	1.458307	2.441668
3618	-3413.367	-3583.047	169.6807	0.4723962	1.544268	1.910688
3624	-3423.851	-3592.208	168.3574	0.4346353	1.416309	2.873811
3630	-3417.467	-3586.594	169.1264	0.4352783	1.485217	2.354643
3636	-3420.639	-3589.949	169.3101	0.4261581	1.318157	2.354643
3642	-3433.284	-3602.034	168.7503	0.4806356	1.461693	2.555472
3648	-3424.143	-3593.021	168.8772	0.4017766	1.470461	2.559642
3654	-3415.619	-3584.189	168.5702	0.3465854	1.390008	2.86553
3660	-3429.142	-3597.437	168.2943	0.3532064	1.377339	3.030855
3666	-3428.038	-3596.856	168.8185	0.4026133	1.359046	2.663865
3672	-3417.081	-3586.787	169.7059	0.4039254	1.607377	1.934905
3678	-3417.486	-3586.851	169.3641	0.4062887	1.563018	2.186915
3684	-3424.057	-3593.217	169.1592	0.5621783	1.446576	2.223466
3690	-3413.832	-3583.325	169.4928	0.4819394	1.559023	2.015893
3696	-3424.31	-3593.724	169.4139	0.378062	1.572435	2.184312
3702	-3413.191	-3581.972	168.7808	0.376392	1.411222	2.686594
3708	-3406.355	-3574.212	167.8576	0.4313625	1.280704	3.257067
3714	-3410.096	-3578.037	167.9412	0.3991027	1.257786	3.257067
3720	-3419.707	-3587.973	168.2656	0.3419368	1.360297	3.072492
3726	-3422.725	-3590.774	168.0485	0.4234182	1.276995	3.154872
3732	-3415.364	-3583.377	168.0134	0.4163614	1.325262	3.154872
3738	-3417.056	-3585.424	168.3677	0.3423867	1.421034	2.97438
3744	-3412.742	-3581.865	169.1235	0.3427983	1.436619	2.501667
3750	-3413.64	-3582.464	168.8245	0.3427983	1.377364	2.72325
3756	-3414.506	-3582.848	168.3411	0.3683576	1.419438	2.958742
3762	-3425.518	-3594.187	168.669	0.269064	1.489622	2.853205
3768	-3420.145	-3588.38	168.235	0.4000587	1.420079	2.984337
3774	-3418.32	-3587.143	168.8229	0.420864	1.418917	2.602908
3780	-3422.163	-3591.565	169.4021	0.4270679	1.471566	2.196306
3786	-3428.421	-3597.856	169.4347	0.4480903	1.581951	2.078135
3792	-3426.462	-3594.85	168.388	0.5267715	1.292922	2.834956
3798	-3415.577	-3583.068	167.4912	0.5267715	1.198464	3.425145
3804	-3421.76	-3590.242	168.4815	0.4717628	1.330504	2.810699
3810	-3412.338	-3582.171	169.8331	0.3966675	1.675137	1.811421
3816	-3413.223	-3583.377	170.1536	0.3981887	1.803864	1.486465
3822	-3420.647	-3590.755	170.1078	0.4189526	1.861431	1.447677
3828	-3414.154	-3584.166	170.0126	0.4189526	1.675901	1.654932
3834	-3411.771	-3581.847	170.0757	0.3697121	1.781175	1.602617
3840	-3410.488	-3580.364	169.8758	0.4175665	1.545772	1.843662
3846	-3409.374	-3578.851	169.4769	0.4613298	1.68655	1.965034
3852	-3407.996	-3577.667	169.6711	0.3069351	1.605855	2.094064
3858	-3414.396	-3582.914	168.5183	0.4199176	1.505856	2.737888
3864	-3418.249	-3585.05	166.8005	0.3990394	1.299318	3.896321
3870	-3414.119	-3581.261	167.142	0.3805664	1.238371	3.755757
3876	-3415.74	-3583.012	167.2716	0.3805664	1.211355	3.69653
3882	-3417.603	-3585.203	167.6008	0.3294796	1.206254	3.570493
3888	-3404.215	-3571.969	167.7534	0.3262015	1.24748	3.461744
3894	-3422.07	-3589.936	167.8661	0.2640769	1.315846	3.441551
3900	-3408.554	-3576.144	167.5905	0.3986531	1.256581	3.46429
3906	-3428.826	-3597.446	168.6203	0.2938303	1.295165	2.963696
3912	-3425.615	-3594.457	168.8417	0.4907568	1.529748	2.445136
3918	-3419.204	-3587.674	168.4697	0.3801776	1.329669	2.920993
3924	-3417.646	-3585.304	167.6577	0.3684818	1.26099	3.457416
3930	-3423.525	-3590.669	167.1432	0.349365	1.312686	3.749119
3936	-3424.506	-3591.458	166.9521	0.3697611	1.241278	3.875879
3942	-3426.358	-3593.514	167.1563	0.3697611	1.207535	3.777863
3948	-3424.725	-3592.136	167.4104	0.3697611	1.179099	3.647461
3954	-3425.003	-3592.837	167.8339	0.3863886	1.193586	3.37263
3960	-3409.171	-3577.367	168.1955	0.4118915	1.371012	3.023944
3966	-3427.448	-3595.191	167.743	0.4453717	1.293423	3.302215
3972	-3420.211	-3588.082	167.8718	0.3845561	1.376388	3.244796
3978	-3412.725	-3581.601	168.8756	0.3080402	1.472383	2.680788
3984	-3422.913	-3590.846	167.9332	0.3215017	1.197412	3.391874
3990	-3417.476	-3585.985	168.5085	0.3217469	1.346286	2.961715
3996	-3415.099	-3583.049	167.9502	0.4237367	1.348338	3.170505
4002	-3409.629	-3578.883	169.2533	0.3635477	1.419603	2.403559
4008	-3412.925	-3581.152	168.2274	0.3635477	1.39633	3.046714
4014	-3415.326	-3584.62	169.294	0.3453151	1.639404	2.261984
4020	-3408.29	-3577.858	169.5682	0.3453151	1.546694	2.14465
4026	-3420.708	-3589.858	169.1501	0.3626958	1.527446	2.401729
4032	-3408.479	-3577.639	169.16	0.4231728	1.559	2.300401
4038	-3404.144	-3573.449	169.3051	0.3533008	1.449132	2.365547
4044	-3406.909	-3576.73	169.821	0.3404047	1.725738	1.863792
4050	-3408.667	-3578.643	169.9764	0.3451546	1.77469	1.714853
4056	-3402.837	-3572.918	170.0811	0.4082768	1.883151	1.466755
4062	-3403.392	-3573.723	170.3308	0.3024392	1.85509	1.466755
4068	-3403.114	-3572.857	169.7428	0.319801	1.722458	1.949596
4074	-3419.428	-3589.029	169.6009	0.4107437	1.806678	1.862088
4080	-3417.105	-3586.44	169.3355	0.425377	1.605366	2.154744
4086	-3406.81	-3576.133	169.3234	0.425377	1.501236	2.230014
4092	-3409.449	-3578.864	169.4147	0.3519892	1.554305	2.230014
4098	-3400.895	-3570.706	169.8112	0.4643299	1.669996	1.743818
4104	-3413.911	-3583.531	169.6199	0.3879432	1.518575	2.072037
4110	-3418.521	-3586.269	167.7484	0.3850432	1.406347	3.299369
4116	-3412.718	-3580.846	168.1279	0.4032985	1.367878	3.076035
4122	-3412.506	-3581.318	168.8115	0.3866926	1.440318	2.637216
4128	-3420.046	-3588.278	168.2318	0.3218312	1.401785	3.094059
4134	-3405.469	-3574.094	168.6257	0.487449	1.466511	2.622616
4140	-3412.895	-3582.136	169.2414	0.3229598	1.501011	2.414416
4146	-3405.496	-3574.59	169.0938	0.3773794	1.400487	2.498117
4152	-3423.432	-3592.046	168.6139	0.4024423	1.457363	2.729304
4158	-3419.618	-3589.41	169.7919	0.3421619	1.505638	2.028905
4164	-3416.063	-3585.036	168.9726	0.4080255	1.529972	2.45548
4170	-3414.074	-3583.165	169.0912	0.4080255	1.472478	2.41704
4176	-3421.111	-3590.4	169.2883	0.3343072	1.522646	2.355234
4182	-3429.395	-3597.665	168.2697	0.4418789	1.46649	2.888545
4188	-3414.384	-3583.432	169.0484	0.4431886	1.462075	2.409579
4194	-3421.731	-3591.245	169.5139	0.451014	1.548505	2.044474
4200	-3408.051	-3576.912	168.8612	0.3901421	1.486145	2.573856
4206	-3421.705	-3590.948	169.2433	0.4613785	1.556608	2.204217
4212	-3415.383	-3584.673	169.2895	0.4517882	1.557478	2.184682
4218	-3417.811	-3587.223	169.4115	0.4837076	1.522916	2.091509
4224	-3416.654	-3585.791	169.1374	0.387311	1.465547	2.417554
4230	-3409.711	-3578.808	169.0963	0.3830648	1.515051	2.417554
4236	-3412.328	-3581.206	168.8783	0.3809244	1.54272	2.539435
4242	-3426.578	-3595.375	168.7974	0.3143064	1.392106	2.769087
4248	-3416.045	-3585.251	169.2058	0.3851083	1.54366	2.327459
4254	-3418.004	-3587.195	169.1915	0.3851083	1.507458	2.359574
4260	-3422.11	-3591.463	169.3529	0.3240531	1.539779	2.317558
4266	-3412.8	-3580.79	167.9901	0.3147585	1.229967	3.348234
4272	-3415.897	-3584.202	168.3049	0.4586939	1.290602	2.955408
4278	-3412.843	-3581.374	168.5301	0.4586939	1.419811	2.740412
4284	-3422.082	-3591.249	169.1668	0.3562575	1.461073	2.441396
4290	-3424.463	-3593.296	168.8334	0.4135904	1.425073	2.60104
4296	-3417.761	-3586.19	168.4292	0.3633557	1.36654	2.943702
4302	-3427.372	-3595.289	167.9171	0.3679347	1.314432	3.274329
4308	-3425.717	-3594.319	168.6021	0.4562725	1.420769	2.698319
4314	-3426.357	-3596.175	169.8182	0.4903743	1.656408	1.717191
4320	-3409.838	-3579.821	169.9837	0.3785019	1.69536	1.717191
4326	-3403.746	-3573.349	169.6029	0.3928109	1.644269	1.993662
4332	-3411.097	-3580.666	169.5686	0.3519513	1.595602	2.103192
4338	-3417.82	-3586.443	168.6232	0.3720578	1.569803	2.691398
4344	-3409.574	-3577.966	168.3922	0.3416061	1.417022	2.963038
4350	-3416.342	-3584.632	168.29	0.3817352	1.461575	2.947921
4356	-3418.318	-3586.852	168.5338	0.3780867	1.410379	2.835895
4362	-3414.593	-3582.894	168.3003	0.3926658	1.425865	2.950266
4368	-3415.414	-3584.307	168.8936	0.3343473	1.439137	2.654028
4374	-3416.988	-3585.934	168.9459	0.3416488	1.487933	2.58181
4380	-3411.67	-3580.774	169.1036	0.3651965	1.535823	2.422507
4386	-3412.962	-3582.658	169.6955	0.4296707	1.661813	1.872287
4392	-3417.97	-3586.354	168.384	0.4716339	1.496783	2.768916
4398	-3414.926	-3583.515	168.5889	0.3677465	1.486207	2.768916
4404	-3427.999	-3595.687	167.6884	0.4105645	1.40591	3.30586
4410	-3416.507	-3586.313	169.806	0.4469605	1.705907	1.743805
4416	-3422.384	-3592.294	169.9093	0.3681252	1.752885	1.743805
4422	-3416.835	-3586.998	170.1634	0.4307612	1.82998	1.412302
4428	-3414.851	-3585.067	170.2161	0.4011345	1.665178	1.539166
4434	-3425.486	-3595.631	170.1451	0.4070706	1.800205	1.482809
4440	-3425.284	-3595.661	170.3772	0.3806445	1.775542	1.362505
4446	-3437.314	-3607.398	170.084	0.4392281	1.840871	1.45309
4452	-3423.138	-3593.308	170.1699	0.4392281	1.695886	1.497717
4458	-3415.027	-3584.604	169.5768	0.4392281	1.510214	2.042177
4464	-3428.286	-3596.696	168.4105	0.3355457	1.451112	2.939372
4470	-3418.983	-3587.129	168.1464	0.3411979	1.328748	3.163223
4476	-3414.425	-3582.059	167.6336	0.4163174	1.269257	3.411963
4482	-3415.875	-3583.736	167.8614	0.4163174	1.38552	3.209348
4488	-3438.902	-3608.12	169.2174	0.3649351	1.474735	2.389585
4494	-3414.567	-3583.469	168.9021	0.4485608	1.432627	2.513804
4500	-3408.393	-3577.17	168.777	0.4229063	1.303202	2.70017
4506	-3407.087	-3575.323	168.2363	0.335404	1.288458	3.141115
4512	-3407.8	-3575.69	167.8903	0.382356	1.356824	3.248001
4518	-3401.972	-3569.932	167.9604	0.382356	1.286714	3.248001
4524	-3413.423	-3581.359	167.9362	0.4153201	1.247201	3.248001
4530	-3419.234	-3588.636	169.4023	0.4034823	1.549665	2.174265
4536	-3417.53	-3586.656	169.1258	0.448243	1.628994	2.248251
4542	-3422.454	-3591.748	169.2942	0.4427514	1.513605	2.220408
4548	-3431.859	-3600.972	169.1124	0.4384197	1.629033	2.268174
4554	-3425.795	-3594.826	169.0315	0.4271309	1.575092	2.367272
4560	-3417.016	-3586.025	169.0095	0.5303115	1.514303	2.307875
4566	-3414.86	-3583.154	168.2942	0.3835041	1.368151	2.999445
4572	-3411.582	-3579.348	167.7668	0.4011963	1.374151	3.288946
4578	-3417.615	-3585.413	167.7988	0.3919867	1.31566	3.315048
4584	-3418.507	-3586.286	167.7791	0.4282622	1.346678	3.26785
4590	-3428.148	-3596.055	167.9076	0.4495406	1.239401	3.232554
4596	-3416.686	-3585.049	168.3625	0.3934139	1.308576	2.982464
4602	-3417.02	-3583.155	166.1353	0.3399351	1.19633	4.401486
4608	-3415.805	-3581.944	166.1385	0.350098	1.171528	4.401486
4614	-3413.351	-3580.135	166.7843	0.4508156	1.128367	3.948612
4620	-3417.455	-3586.323	168.8677	0.403454	1.530115	2.526429
4626	-3418.058	-3586.692	168.6345	0.4672816	1.39598	2.68182
4632	-3423.14	-3590.424	167.2843	0.4804406	1.155561	3.615187
4638	-3411.822	-3579.925	168.1033	0.4095854	1.206704	3.179435
4644	-3422.668	-3590.9	168.232	0.4383429	1.394141	2.958769
4650	-3420.871	-3589.155	168.2841	0.4383429	1.342106	2.958769
4656	-3422.98	-3592.098	169.1178	0.2595709	1.586523	2.532771
4662	-3415.845	-3585.421	169.5762	0.3130116	1.726757	2.067827
4668	-3410.773	-3579.838	169.0654	0.433887	1.577574	2.336295
4674	-3423.545	-3592.959	169.4135	0.3776912	1.636815	2.143185
4680	-3417.09	-3584.884	167.7939	0.4646019	1.220329	3.295309
4686	-3413.018	-3580.297	167.2793	0.329205	1.172356	3.776565
4692	-3415.638	-3582.43	166.7921	0.3975803	1.150461	3.987973
4698	-3418.756	-3585.851	167.0953	0.4282964	1.228412	3.735727
4704	-3413.371	-3580.198	166.8265	0.337468	1.240954	3.986726
4710	-3416.657	-3586.475	169.8176	0.3964189	1.695555	1.8084
4716	-3410.503	-3580.539	170.0363	0.420681	1.670955	1.639145
4722	-3412.137	-3581.848	169.7106	0.3778232	1.670955	1.923298
4728	-3417.826	-3587.233	169.4063	0.3755744	1.513361	2.230594
4734	-3406.551	-3575.548	168.9972	0.3664484	1.424557	2.557127
4740	-3413.157	-3582.463	169.3059	0.4099471	1.583433	2.206883
4746	-3408.825	-3578.233	169.4084	0.4099471	1.598908	2.130205
4752	-3422.028	-3591.392	169.364	0.5192861	1.602745	2.03138
4758	-3413.036	-3582.687	169.6511	0.3911054	1.682599	1.937869
4764	-3419.232	-3588.663	169.4309	0.399364	1.562957	2.152202
4770	-3413.764	-3584.002	170.2381	0.3163591	1.730068	1.604606
4776	-3424.448	-3594.345	169.8978	0.406702	1.730068	1.714489
4782	-3412.828	-3582.796	169.9675	0.3819402	1.708561	1.714489
4788	-3406.064	-3575.984	169.9196	0.3819402	1.756426	1.714489
4794	-3412.308	-3582.607	170.2992	0.3285423	1.748462	1.526317
4800	-3413.643	-3583.75	170.1068	0.4240851	1.748462	1.526317
4806	-3409.085	-3579.015	169.9295	0.5405204	1.748462	1.510932
4812	-3415.238	-3585.247	170.0086	0.4364036	1.738187	1.589524
4818	-3410.89	-3581.077	170.1873	0.489813	1.830084	1.311522
4824	-3413.936	-3584.236	170.2999	0.4767575	1.863419	1.208856
4830	-3409.872	-3579.924	170.052	0.4767575	1.781799	1.472107
4836	-3418.718	-3588.76	170.0425	0.4641509	1.934234	1.378766
4842	-3412.164	-3582.048	169.8832	0.4065388	1.77336	1.694379
4848	-3422.877	-3593.017	170.1408	0.3542926	1.77336	1.584041
4854	-3420.404	-3590.693	170.289	0.4016635	1.72369	1.439461
4860	-3422.327	-3592.596	170.2684	0.3352729	1.792336	1.505578
4866	-3414.317	-3584.727	170.4103	0.3076802	1.855197	1.396298
4872	-3418.169	-3588.275	170.106	0.3904698	1.697113	1.611605
4878	-3425.588	-3595.455	169.8678	0.4021961	1.642866	1.802407
4884	-3414.467	-3583.933	169.4656	0.4021961	1.657668	2.063765
4890	-3410.04	-3579.463	169.4228	0.429905	1.648475	2.063765
4896	-3406.34	-3575.551	169.2116	0.429905	1.543932	2.269067
4902	-3431.184	-3600.864	169.6799	0.5129103	1.591684	1.832657
4908	-3404.333	-3574.058	169.7252	0.437881	1.701535	1.814403
4914	-3415.059	-3584.973	169.9132	0.4340702	1.624585	1.741946
4920	-3414.041	-3584.239	170.1978	0.3791992	1.713777	1.548543
4926	-3426.407	-3596.181	169.7742	0.495444	1.666289	1.735284
4932	-3410.34	-3579.946	169.6056	0.321113	1.663587	2.078052
4938	-3422.327	-3591.601	169.2738	0.405628	1.4916	2.291841
4944	-3416.342	-3584.894	168.5516	0.405628	1.300874	2.858873
4950	-3404.144	-3572.816	168.6718	0.3111191	1.39166	2.850124
4956	-3407.128	-3575.838	168.7103	0.3644652	1.458969	2.715404
4962	-3417.176	-3586.061	168.885	0.3458554	1.407053	2.663894
4968	-3415.138	-3583.705	168.5664	0.3458554	1.396024	2.865085
4974	-3403.565	-3571.864	168.2995	0.3512921	1.378655	3.029378
4980	-3400.978	-3569.196	168.2172	0.3709271	1.420397	3.029378
4986	-3419.286	-3588.043	168.7572	0.3792944	1.528081	2.625584
4992	-3423.576	-3592.128	168.5518	0.3792944	1.29519	2.893277
4998	-3409.362	-3578.021	168.6597	0.3707728	1.350607	2.804645
5004	-3410.685	-3579.781	169.0954	0.3607013	1.364635	2.54065
5010	-3407.591	-3577.263	169.6723	0.3041574	1.582625	2.11265
5016	-3427.746	-3597.621	169.8754	0.2901929	1.49491	2.058297
5022	-3417.974	-3587.603	169.6291	0.4049732	1.642745	1.961407
5028	-3408.815	-3578.51	169.6955	0.3791986	1.626653	1.961407
5034	-3420.996	-3590.729	169.7337	0.319565	1.521397	2.089605
5040	-3437.157	-3606.013	168.8556	0.3583649	1.511069	2.6016
5046	-3418.282	-3587.754	169.472	0.4119408	1.525039	2.134481
5052	-3411.146	-3580.952	169.8062	0.2696245	1.539893	2.107255
5058	-3435.427	-3604.926	169.4995	0.409014	1.473289	2.15388
5064	-3417.445	-3586.055	168.6099	0.3900579	1.438595	2.757937
5070	-3413.932	-3583.061	169.1292	0.3900579	1.43596	2.437947
5076	-3408.569	-3577.085	168.5164	0.4038358	1.371023	2.839708
5082	-3407.955	-3575.359	167.4043	0.3919909	1.252087	3.582929
5088	-3416.977	-3584.499	167.5214	0.4402796	1.252094	3.461841
5094	-3418.606	-3586.818	168.2123	0.2978879	1.295157	3.201561
5100	-3413.913	-3582.724	168.8109	0.3514652	1.42019	2.69406
5106	-3409.958	-3579.179	169.2214	0.4697117	1.459901	2.271218
5112	-3417.153	-3585.367	168.214	0.3808853	1.339946	3.067431
5118	-3411.86	-3580.491	168.6311	0.3868178	1.421077	2.759565
5124	-3411.537	-3579.268	167.7309	0.3972915	1.414008	3.291042
5130	-3404.651	-3573.34	168.6888	0.3650608	1.420615	2.751282
5136	-3412.885	-3580.413	167.5284	0.4791765	1.290081	3.395621
5142	-3401.326	-3570.55	169.2239	0.4353332	1.555865	2.247125
5148	-3414.517	-3583.56	169.0429	0.3196622	1.409531	2.60013
5154	-3410.975	-3579.373	168.398	0.4587996	1.409531	2.827107
5160	-3416.747	-3585.517	168.7701	0.393282	1.385355	2.688526
5166	-3409.884	-3577.965	168.0816	0.3595373	1.388316	3.143372
5172	-3419.145	-3587.183	168.0381	0.449318	1.298974	3.119981
5178	-3406.92	-3575.403	168.4828	0.3744001	1.36267	2.900129
5184	-3409.766	-3578.167	168.4008	0.4174101	1.340259	2.912729
5190	-3419.699	-3588.966	169.2671	0.2702679	1.435061	2.517289
5196	-3408.291	-3577.204	168.9129	0.2525512	1.367184	2.804971
5202	-3416.514	-3585.335	168.821	0.3994221	1.361542	2.664572
5208	-3403.928	-3572.809	168.8808	0.3617819	1.367763	2.670114
5214	-3424.786	-3593.421	168.6344	0.4540176	1.367763	2.713481
5220	-3432.999	-3601.506	168.5068	0.4127871	1.256583	2.904518
5226	-3419.237	-3587.487	168.2501	0.513486	1.235558	2.965822
5232	-3417.978	-3587.056	169.0786	0.3772222	1.420626	2.495205
5238	-3420.969	-3589.824	168.8553	0.457508	1.493401	2.495205
5244	-3409.191	-3578.286	169.0944	0.368827	1.421834	2.495205
5250	-3436.089	-3604.995	168.9068	0.3833666	1.537181	2.522109
5256	-3424.971	-3594.016	169.0451	0.4161673	1.385316	2.491047
5262	-3415.746	-3585.229	169.4831	0.3733551	1.551909	2.158815
5268	-3409.532	-3578.439	168.9073	0.3904134	1.360455	2.622812
5274	-3423.51	-3592.408	168.8979	0.3904134	1.398326	2.60526
5280	-3416.927	-3585.463	168.5367	0.4841489	1.479589	2.672844
5286	-3414.33	-3583.65	169.3207	0.3282442	1.507535	2.352671
5292	-3415.704	-3584.753	169.0492	0.510539	1.428722	2.357262
5298	-3425.093	-3594.395	169.3027	0.3869411	1.450449	2.322823
5304	-3427.142	-3596.035	168.8929	0.4284971	1.531147	2.480722
5310	-3428.362	-3598.376	170.0139	0.433272	1.79707	1.546608
5316	-3420.965	-3591.118	170.1521	0.347372	1.737798	1.612259
5322	-3415.146	-3585.125	169.9788	0.3643971	1.708679	1.73139
5328	-3406.949	-3576.921	169.9725	0.3798799	1.725589	1.701759
5334	-3409.012	-3579.217	170.205	0.3302613	1.725589	1.609462
5340	-3425.776	-3592.372	166.5969	0.4077424	1.22913	4.043407
5346	-3420.812	-3588.125	167.313	0.4732557	1.366805	3.482654
5352	-3421.707	-3589.454	167.7464	0.4499461	1.330433	3.273574
5358	-3407.259	-3575.148	167.889	0.3745419	1.330433	3.273574
5364	-3411.154	-3578.194	167.039	0.3506929	1.199821	3.872412
5370	-3417.974	-3586.931	168.9565	0.3769961	1.553043	2.489091
5376	-3416.977	-3586.483	169.506	0.3697329	1.533627	2.160589
5382	-3429.479	-3599.139	169.6602	0.396371	1.542943	2.018351
5388	-3420.345	-3589.97	169.625	0.321117	1.662895	2.065706
5394	-3412.9	-3582.868	169.9684	0.448043	1.74987	1.595032
5400	-3404.615	-3574.484	169.8692	0.4544011	1.690408	1.700833
5406	-3408.991	-3578.851	169.8604	0.4043977	1.645756	1.802561
5412	-3418.799	-3588.047	169.2486	0.3597053	1.597289	2.298702
5418	-3413.378	-3583.085	169.7074	0.4610009	1.50822	1.930303
5424	-3413.222	-3582.837	169.6143	0.566412	1.654322	1.776684
5430	-3420.634	-3590.44	169.8067	0.3948171	1.730044	1.794194
5436	-3417.705	-3587.028	169.3224	0.4538713	1.472311	2.216071
5442	-3418.292	-3587.823	169.5305	0.3451783	1.59201	2.139814
5448	-3422.293	-3591.402	169.1086	0.3682542	1.607124	2.370365
5454	-3414.24	-3582.297	168.0566	0.4194957	1.228856	3.182936
5460	-3407.167	-3574.966	167.799	0.46125	1.352933	3.217419
5466	-3422.249	-3590.518	168.269	0.46125	1.297869	2.969925
5472	-3429.406	-3598.306	168.8995	0.4137955	1.501321	2.512338
5478	-3424.323	-3594.263	169.9406	0.3052627	1.58251	1.932847
5484	-3412.558	-3582.145	169.5872	0.4445871	1.59528	1.972178
5490	-3425.323	-3594.883	169.5605	0.4293551	1.649592	1.972178
5496	-3413.553	-3583.145	169.5928	0.4213487	1.632113	1.972178
5502	-3429.564	-3599.317	169.7537	0.4007321	1.739864	1.816124
5508	-3411.523	-3581.422	169.8992	0.4055883	1.710378	1.728828
5514	-3407.6	-3577.722	170.1224	0.3734315	1.745897	1.588833
5520	-3419.068	-3589.089	170.0206	0.4634152	1.734025	1.548552
5526	-3417.995	-3588.027	170.0318	0.4827253	1.736793	1.513518
5532	-3415.278	-3585.517	170.2393	0.384426	1.809387	1.437618
5538	-3418.695	-3588.744	170.0494	0.4100065	1.790644	1.557103
5544	-3419.136	-3589.091	169.9547	0.4573603	1.885276	1.492825
5550	-3423.836	-3593.854	170.0187	0.4267209	1.63326	1.670726
5556	-3436.913	-3606.542	169.629	0.3752101	1.55262	2.060303
5562	-3417.606	-3587.368	169.7613	0.4677211	1.560049	1.850524
5568	-3411.288	-3581.161	169.8725	0.436023	1.72128	1.700004
5574	-3417.684	-3585.73	168.0459	0.3240777	1.298116	3.262912
5580	-3412.104	-3580.19	168.0853	0.3219945	1.259524	3.265211
5586	-3420.034	-3588.417	168.383	0.5184794	1.333311	2.821527
5592	-3416.578	-3586.718	170.1407	0.3689883	1.743321	1.583898
5598	-3419.409	-3589.444	170.0349	0.3689883	1.761162	1.647599
5604	-3409.89	-3580.053	170.1631	0.3543043	1.683861	1.632797
5610	-3410.359	-3580.083	169.7239	0.3839077	1.496036	2.023438
5616	-3421.868	-3591.427	169.5596	0.4003077	1.628279	2.023438
5622	-3425.072	-3595.332	170.2603	0.36859	1.798006	1.454557
5628	-3424.308	-3594.254	169.946	0.4445037	1.68745	1.660856
5634	-3411.851	-3579.522	167.6708	0.3899138	1.26027	3.42511
5640	-3414.314	-3582.918	168.6047	0.454123	1.303267	2.77097
5646	-3414.41	-3581.935	167.5243	0.4674346	1.29113	3.409229
5652	-3406.176	-3575.352	169.1765	0.3713941	1.347006	2.487409
5658	-3409.774	-3579.381	169.6076	0.3550598	1.486745	2.144635
5664	-3424.778	-3593.817	169.0384	0.4808958	1.550218	2.318239
5670	-3428.82	-3598.916	170.0959	0.3889384	1.645289	1.658359
5676	-3420.467	-3590.225	169.7583	0.3889384	1.521654	1.976772
5682	-3409.602	-3578.33	168.7281	0.3849739	1.368624	2.734555
5688	-3401.347	-3570.061	168.7144	0.3646987	1.423164	2.734555
5694	-3399.321	-3568	168.6791	0.4484558	1.40062	2.671897
5700	-3400.37	-3569.116	168.7453	0.4513516	1.419696	2.616154
5706	-3418.562	-3587.47	168.9086	0.3797789	1.390956	2.616154
5712	-3415.356	-3584.244	168.8884	0.3527701	1.398651	2.657981
5718	-3415.474	-3584.953	169.4794	0.406869	1.542805	2.124309
5724	-3415.315	-3584.014	168.6987	0.4720831	1.422828	2.620622
5730	-3423.94	-3592.567	168.627	0.4299506	1.337695	2.762922
5736	-3416.234	-3584.146	167.9122	0.3819681	1.340193	3.245313
5742	-3420.311	-3587.385	167.0739	0.3120269	1.274568	3.858008
5748	-3426.964	-3593.98	167.0162	0.4347726	1.271005	3.749989
5754	-3420.599	-3588.331	167.7312	0.4548952	1.301124	3.294664
5760	-3415.83	-3582.62	166.7899	0.3997523	1.228268	3.942324
5766	-3417.198	-3584.097	166.8988	0.3588801	1.201032	3.942324
5772	-3409.091	-3576.947	167.8567	0.4040491	1.310808	3.270001
5778	-3421.761	-3591.333	169.5718	0.4040491	1.550876	2.061812
5784	-3410.503	-3580.153	169.6498	0.3884369	1.540403	2.037195
5790	-3410.064	-3579.649	169.5848	0.4404221	1.499766	2.04238
5796	-3421.739	-3591.428	169.6889	0.4257333	1.635934	1.899304
5802	-3431.047	-3600.27	169.2231	0.3518471	1.532136	2.366838
5808	-3426.78	-3596.057	169.2768	0.3824693	1.452794	2.343454
5814	-3420.434	-3589.036	168.6021	0.4721032	1.399275	2.694616
5820	-3407.704	-3574.689	166.9849	0.3515051	1.30001	3.844948
5826	-3424.03	-3591.774	167.7437	0.286753	1.331458	3.471357
5832	-3422.8	-3589.915	167.1151	0.427985	1.218928	3.73014
5838	-3413.71	-3582.07	168.3602	0.3975517	1.27154	3.001299
5844	-3409.086	-3578.256	169.1706	0.4624369	1.484311	2.296237
5850	-3417.641	-3587.075	169.4342	0.5652902	1.422046	2.056987
5856	-3420.901	-3590.606	169.7049	0.4883557	1.600086	1.837554
5862	-3419.796	-3589.732	169.9351	0.3871839	1.624804	1.788472
5868	-3412.849	-3582.833	169.9837	0.3650299	1.60943	1.796319
5874	-3423.193	-3592.807	169.6148	0.3729811	1.60943	2.035082
5880	-3416.446	-3585.728	169.2821	0.381883	1.58093	2.258955
5886	-3411.384	-3580.678	169.2938	0.3842355	1.470041	2.319419
5892	-3428.168	-3596.933	168.7649	0.4282143	1.394497	2.64543
5898	-3437.773	-3605.947	168.1745	0.4144513	1.504483	2.953498
5904	-3420.57	-3590.663	170.0924	0.311793	1.637856	1.780845
5910	-3422.613	-3592.708	170.095	0.3269098	1.616776	1.770163
5916	-3421.914	-3591.888	169.9737	0.3629866	1.661297	1.770163
5922	-3428.895	-3596.995	168.1001	0.4342492	1.347633	3.07016
5928	-3430.851	-3598.992	168.1405	0.4227562	1.363075	3.049434
5934	-3427.064	-3594.653	167.5888	0.380504	1.321797	3.44794
5940	-3416.182	-3583.027	166.845	0.4583481	1.075085	3.936788
5946	-3414.962	-3580.694	165.7321	0.3672618	1.227446	4.578681
5952	-3425.571	-3593.566	167.9954	0.4419161	1.341566	3.127933
5958	-3432.741	-3599.842	167.1013	0.4141973	1.264877	3.726363
5964	-3421.667	-3589.129	167.462	0.36523	1.299234	3.553092
5970	-3419.352	-3586.531	167.1792	0.4036951	1.299234	3.672986
5976	-3422.952	-3592.268	169.3161	0.4340782	1.547149	2.194741
5982	-3417.265	-3586.476	169.2105	0.4067653	1.488347	2.332901
5988	-3421.909	-3590.043	168.1337	0.3839483	1.372519	3.092329
5994	-3419.587	-3588.586	168.999	0.4218704	1.446685	2.474803
6000	-3421.8	-3591.303	169.5029	0.3290362	1.471939	2.257983
6006	-3422.988	-3593.147	170.1594	0.2922266	1.592436	1.797372
6012	-3423.587	-3593.339	169.7524	0.2922266	1.614655	2.057267
6018	-3430.855	-3600.657	169.8019	0.3512446	1.617109	1.934803
6024	-3426.866	-3596.448	169.5817	0.349622	1.543982	2.13165
6030	-3427.423	-3597.147	169.7233	0.3678249	1.605526	1.972323
6036	-3413.472	-3583.289	169.8173	0.3699067	1.605526	1.906187
6042	-3422.37	-3589.968	167.598	0.4443315	1.2031	3.441471
6048	-3418.015	-3586.342	168.3265	0.4442842	1.357989	2.917194
6054	-3423.912	-3592.207	168.2946	0.3960649	1.389305	2.971691
6060	-3422.424	-3591.01	168.586	0.4053935	1.390308	2.783835
6066	-3414.75	-3583.68	168.9303	0.3902215	1.43933	2.559924
6072	-3409.805	-3577.63	167.8251	0.4414503	1.278745	3.266614
6078	-3407.766	-3575.464	167.6983	0.3751325	1.174838	3.476137
6084	-3418.673	-3585.422	166.7489	0.2924822	1.217226	4.102587
6090	-3429.73	-3596.443	166.7133	0.4647136	1.157421	3.958671
6096	-3426.886	-3593.748	166.8621	0.4647136	1.207492	3.844584
6102	-3421.89	-3591.929	170.0392	0.3597918	1.764962	1.655336
6108	-3419.847	-3590.08	170.2333	0.4277743	1.83279	1.359666
6114	-3415.367	-3585.784	170.4171	0.37028	1.770195	1.351674
6120	-3419.586	-3587.572	167.9859	0.3909202	1.308289	3.210151
6126	-3428.554	-3596.55	167.9961	0.4674098	1.387096	3.07352
6132	-3420.048	-3588.543	168.4946	0.4617997	1.252032	2.860823
6138	-3422.221	-3590.899	168.6785	0.3629246	1.303681	2.831479
6144	-3420.571	-3588.064	167.4935	0.4092662	1.189589	3.548053
6150	-3422.796	-3590.353	167.5578	0.4092662	1.125285	3.548053
6156	-3427.555	-3595.943	168.3883	0.4525509	1.391706	2.850502
6162	-3447.546	-3615.443	167.8963	0.4900358	1.277615	3.175179
6168	-3431.947	-3600.976	169.0289	0.3542936	1.398877	2.568992
6174	-3428.383	-3595.667	167.2834	0.4241219	1.276248	3.60363
6180	-3427.259	-3594.411	167.1516	0.3918566	1.2318	3.741156
6186	-3421.344	-3587.499	166.1551	0.4799759	1.160427	4.259757
6192	-3425.26	-3591.605	166.3451	0.4144336	1.087625	4.259757
6198	-3415.21	-3582.426	167.2156	0.3884441	1.132054	3.765662
6204	-3414.055	-3581.103	167.0483	0.3416487	1.079405	3.947112
6210	-3431.195	-3596.626	165.4309	0.2995277	1.066983	4.919147
6216	-3427.066	-3593.222	166.1554	0.31075	0.9966255	4.538951
6222	-3439.405	-3606.293	166.8882	0.31075	1.193493	4.012442
6228	-3443.026	-3609.584	166.5578	0.4390226	1.264415	4.012442
6234	-3428.712	-3598.593	169.8807	0.3790425	1.548749	1.889167
6240	-3426.695	-3596.706	170.0107	0.4019613	1.580144	1.746909
6246	-3417.41	-3587.543	170.1329	0.4019613	1.719366	1.559381
6252	-3417.168	-3587.397	170.2293	0.4602913	1.663997	1.448553
6258	-3404.191	-3574.399	170.208	0.3974715	1.770637	1.471548
6264	-3403.063	-3573.18	170.117	0.3974715	1.66372	1.617939
6270	-3410.023	-3580.024	170.0009	0.4504445	1.789935	1.538659
6276	-3413.444	-3582.966	169.522	0.4553096	1.590693	2.006064
6282	-3414.136	-3581.979	167.8429	0.4609995	1.317272	3.212803
6288	-3419.449	-3587.373	167.9242	0.3279624	1.343972	3.302606
6294	-3426.492	-3595.408	168.9165	0.3435459	1.467651	2.610099
6300	-3429.522	-3598.189	168.6677	0.3383457	1.400034	2.810961
6306	-3433.072	-3601.503	168.4303	0.4255604	1.463605	2.810961
6312	-3425.131	-3593.867	168.7361	0.4374992	1.46062	2.611934
6318	-3431.229	-3599.417	168.1876	0.3748098	1.314069	3.105905
6324	-3412.505	-3580.515	168.0101	0.3976085	1.380737	3.145064
6330	-3421.933	-3591.005	169.0723	0.3976085	1.469063	2.443622
6336	-3418.811	-3587.086	168.2753	0.4083039	1.482422	2.913076
6342	-3414.12	-3583.159	169.0392	0.4563489	1.396145	2.442153
6348	-3431.084	-3600.244	169.1593	0.4201626	1.612825	2.270012
6354	-3427.71	-3596.347	168.6365	0.4202892	1.435237	2.708367
6360	-3427.451	-3596.413	168.9618	0.3188113	1.462661	2.618572
6366	-3414.626	-3582.841	168.215	0.4326456	1.290886	3.03714
6372	-3422.402	-3590.179	167.777	0.4032869	1.325825	3.308996
6378	-3429.885	-3596.617	166.7328	0.4136966	1.246624	3.949294
6384	-3429.735	-3596.662	166.9262	0.3991589	1.246624	3.85425
6390	-3430.775	-3599.072	168.2974	0.3248981	1.280656	3.123128
6396	-3423.199	-3591.902	168.7033	0.4182902	1.391931	2.696215
6402	-3430.466	-3599.42	168.9539	0.3942585	1.314625	2.617717
6408	-3418.921	-3587.873	168.9521	0.4463569	1.466456	2.463833
6414	-3414.806	-3584.352	169.5461	0.4463569	1.50397	2.05813
6420	-3425.78	-3593.795	168.0155	0.3538327	1.294631	3.245105
6426	-3418.206	-3585.724	167.5186	0.4298283	1.20817	3.500276
6432	-3425.812	-3593.274	167.4617	0.3763379	1.194683	3.600921
6438	-3419.219	-3587.056	167.8372	0.4122814	1.345371	3.251881
6444	-3422.026	-3589.465	167.4394	0.4204951	1.1557	3.586935
6450	-3414.368	-3582.363	167.9947	0.421731	1.231993	3.215347
6456	-3415.47	-3584.136	168.6655	0.3734989	1.389931	2.773789
6462	-3417.379	-3586.153	168.7739	0.3153134	1.394266	2.780692
6468	-3429.42	-3597.822	168.4024	0.3548437	1.313121	3.002535
6474	-3421.634	-3589.772	168.1379	0.3547135	1.269666	3.186308
6480	-3416.351	-3584.886	168.5358	0.3768999	1.536476	2.759358
6486	-3426.057	-3595.554	169.497	0.3372384	1.451655	2.263357
6492	-3418.096	-3586.481	168.3851	0.296547	1.47529	2.992961
6498	-3408.336	-3577.544	169.2081	0.296547	1.564421	2.433394
6504	-3404.354	-3573.858	169.504	0.3735806	1.49149	2.184174
6510	-3406.522	-3573.695	167.173	0.3853434	1.219296	3.743419
6516	-3424.77	-3593.031	168.262	0.348065	1.429904	3.025227
6522	-3410.367	-3578.84	168.4731	0.348065	1.474784	2.871062
6528	-3414.975	-3583.891	168.9152	0.3452431	1.402981	2.64859
6534	-3401.79	-3570.493	168.7033	0.4582235	1.396983	2.64859
6540	-3400.047	-3569.56	169.5131	0.3734482	1.523137	2.157915
6546	-3407.035	-3576.301	169.2661	0.4003739	1.465025	2.320155
6552	-3402.755	-3571.928	169.1731	0.4602686	1.448124	2.320155
6558	-3404.664	-3573.944	169.2794	0.3867664	1.4997	2.306472
6564	-3423.228	-3592.223	168.9945	0.3707271	1.583007	2.454388
6570	-3415.626	-3583.772	168.1455	0.4004425	1.368096	3.068689
6576	-3409.015	-3577.275	168.2603	0.2717963	1.316535	3.197658
6582	-3403.567	-3571.447	167.8794	0.3984592	1.319499	3.257824
6588	-3406.387	-3574.84	168.4534	0.3570498	1.395903	2.919279
6594	-3417.93	-3587.013	169.0835	0.4241847	1.553508	2.35143
6600	-3419.316	-3587.97	168.6543	0.448703	1.421298	2.674158
6606	-3420.868	-3590.163	169.2948	0.3379923	1.520738	2.347309
6612	-3434.151	-3603.857	169.7059	0.4514263	1.743479	1.781871
6618	-3420.363	-3590.327	169.9636	0.3819991	1.668855	1.745049
6624	-3418.28	-3588.157	169.877	0.4578557	1.594735	1.758403
6630	-3425.318	-3595.129	169.8113	0.4412435	1.722811	1.73539
6636	-3405.213	-3574.977	169.7637	0.293309	1.595426	2.060836
6642	-3410.233	-3579.568	169.3349	0.4534666	1.475723	2.206274
6648	-3405.024	-3573.404	168.3808	0.4675101	1.522636	2.759432
6654	-3412.091	-3580.983	168.8915	0.4069899	1.414541	2.579283
6660	-3411.628	-3581.415	169.7871	0.3930193	1.663237	1.856095
6666	-3409.529	-3579.396	169.867	0.430489	1.646324	1.763678
6672	-3419.752	-3589.513	169.7614	0.3279804	1.65575	1.969701
6678	-3405.559	-3575.215	169.6563	0.485959	1.708091	1.799385
6684	-3430.707	-3600.755	170.0483	0.3376539	1.822947	1.640715
6690	-3417.992	-3588.064	170.0724	0.3970193	1.677583	1.640715
6696	-3413.612	-3583.3	169.6877	0.4320265	1.594472	1.920408
6702	-3418.293	-3587.669	169.3764	0.4473144	1.573979	2.122494
6708	-3419.933	-3588.795	168.8615	0.3695281	1.546159	2.56201
6714	-3429.001	-3598.338	169.3375	0.5305327	1.490382	2.11107
6720	-3421.408	-3590.929	169.5208	0.3923314	1.549715	2.11107
6726	-3430.744	-3600.023	169.2788	0.4160952	1.513985	2.261628
6732	-3424.705	-3594.041	169.3362	0.3956999	1.451074	2.290078
6738	-3429.871	-3598.186	168.3151	0.3956999	1.500665	2.892606
6744	-3423.157	-3592.941	169.7835	0.4655821	1.601208	1.809452
6750	-3419.559	-3589.547	169.988	0.3979159	1.59159	1.76023
6756	-3417.718	-3587.352	169.6336	0.3979159	1.770007	1.881522
6762	-3423.141	-3593.293	170.1523	0.4172988	1.875595	1.404864
6768	-3405.93	-3575.816	169.886	0.4198332	1.703448	1.724124
6774	-3412.331	-3581.644	169.3136	0.4264056	1.482146	2.247364
6780	-3416.796	-3585.96	169.1636	0.3153454	1.535678	2.452268
6786	-3410.483	-3579.704	169.2209	0.3868542	1.456277	2.371185
6792	-3414.257	-3584.259	170.0024	0.5077886	1.599572	1.605481
6798	-3416.376	-3585.809	169.433	0.3363779	1.56653	2.231807
6804	-3421.465	-3590.35	168.8852	0.391802	1.468834	2.567703
6810	-3419.108	-3588.648	169.5399	0.391802	1.568991	2.086522
6816	-3420.842	-3590.37	169.5278	0.3411205	1.632958	2.12049
6822	-3426.282	-3595.71	169.4287	0.4078592	1.597499	2.12049
6828	-3429.173	-3597.634	168.4611	0.3743044	1.400087	2.890752
6834	-3417.224	-3584.803	167.5794	0.2996609	1.351263	3.537787
6840	-3413.825	-3581.826	168.0007	0.376837	1.233015	3.262402
6846	-3420.13	-3587.823	167.6932	0.376837	1.309487	3.398358
6852	-3423.713	-3591.842	168.1288	0.3649654	1.425096	3.086701
6858	-3416.612	-3585.041	168.4284	0.3394171	1.403395	2.952289
6864	-3416.589	-3585.097	168.5076	0.3353897	1.332855	2.952289
6870	-3408.721	-3576.962	168.2406	0.3476168	1.330485	3.097949
6876	-3420.957	-3588.11	167.1532	0.4551998	1.255193	3.658746
6882	-3418.223	-3586.609	168.3861	0.3505017	1.342418	3.000175
6888	-3424.811	-3591.354	166.5429	0.3167381	1.049518	4.282955
6894	-3412.647	-3579.261	166.6146	0.3456196	1.161889	4.142705
6900	-3419.399	-3585.534	166.1349	0.3741943	1.119861	4.404651
6906	-3418.546	-3585.924	167.3786	0.4835984	1.197243	3.533009
6912	-3414.107	-3580.392	166.2844	0.3584068	1.175693	4.306877
6918	-3432.385	-3599.229	166.8437	0.430297	1.242302	3.870509
6924	-3422.809	-3589.983	167.1737	0.4326211	1.132527	3.741236
6930	-3410.129	-3578.047	167.9178	0.3500891	1.218944	3.351917
6936	-3410.138	-3577.726	167.588	0.416311	1.198983	3.479726
6942	-3408.022	-3575.093	167.0705	0.4563234	1.148916	3.766817
6948	-3405.47	-3573.636	168.1655	0.4162979	1.329442	3.061788
6954	-3428.346	-3596.492	168.1463	0.4509356	1.300023	3.053108
6960	-3412.566	-3580.544	167.9782	0.4509356	1.281561	3.164269
6966	-3405.185	-3572.383	167.1987	0.3479589	1.183188	3.793459
6972	-3418.339	-3586.853	168.5144	0.3940077	1.310576	2.88902
6978	-3405.638	-3574.232	168.594	0.3808035	1.321328	2.850101
6984	-3407.099	-3576.236	169.1373	0.4104704	1.423507	2.41588
6990	-3419.054	-3588.966	169.9113	0.3622231	1.704972	1.784237
6996	-3415.924	-3585.82	169.8954	0.302009	1.684799	1.899277
7002	-3415.252	-3585.244	169.992	0.3715903	1.796935	1.648934
7008	-3419.644	-3589.577	169.9331	0.386564	1.796935	1.669693
7014	-3424.962	-3594.925	169.963	0.3632386	1.663795	1.77546
7020	-3433.563	-3603.057	169.4941	0.4162356	1.580942	2.078017
7026	-3428.267	-3597.745	169.4783	0.3937288	1.639801	2.078017
7032	-3433.84	-3603.368	169.5286	0.3042391	1.578758	2.208569
7038	-3431.309	-3601.076	169.7672	0.3352671	1.578758	2.006608
7044	-3427.641	-3596.692	169.0511	0.3622122	1.49495	2.485038
7050	-3424.794	-3594.211	169.417	0.2909101	1.425111	2.397956
7056	-3419.597	-3588.998	169.4006	0.3640485	1.614421	2.184103
7062	-3426.334	-3596.275	169.9409	0.3861983	1.759544	1.691239
7068	-3426.031	-3596.166	170.1347	0.37789	1.776523	1.550706
7074	-3417.848	-3585.796	167.9473	0.408147	1.446664	3.131203
7080	-3420.321	-3589.701	169.3801	0.3068305	1.675331	2.238221
7086	-3415.442	-3585.151	169.7088	0.4178702	1.671917	1.871281
7092	-3418.524	-3588.172	169.6476	0.3060205	1.541606	2.152821
7098	-3418.762	-3587.862	169.0997	0.3981572	1.473851	2.4227
7104	-3416.998	-3585.455	168.4567	0.3981572	1.369887	2.883179
7110	-3407.762	-3574.936	167.1743	0.3947386	1.160275	3.766121
7116	-3415.304	-3582.893	167.5888	0.3947386	1.171473	3.519338
7122	-3413.748	-3582.02	168.2721	0.4085326	1.447421	2.93586
7128	-3422.57	-3590.62	168.05	0.3985124	1.247282	3.199582
7134	-3412.734	-3582.157	169.4228	0.353027	1.407387	2.31764
7140	-3412.032	-3580.729	168.6963	0.4290475	1.373778	2.699428
7146	-3423.459	-3591.127	167.6684	0.3927015	1.266305	3.419786
7152	-3416.578	-3585.114	168.536	0.3577506	1.406587	2.862011
7158	-3411.517	-3579.787	168.2701	0.3577506	1.37427	3.041532
7164	-3426.948	-3595.18	168.2316	0.3766105	1.37427	3.041532
7170	-3422.808	-3591.251	168.4432	0.4059952	1.442789	2.838081
7176	-3420.215	-3588.266	168.0507	0.4422332	1.38611	3.068059
7182	-3425.11	-3593.135	168.0247	0.4422332	1.335	3.11404
7188	-3434.003	-3602.168	168.1652	0.4422332	1.509656	2.925215
7194	-3424.905	-3592.821	167.9154	0.4337186	1.314247	3.20052
7200	-3433.841	-3602.224	168.3823	0.2653111	1.383236	3.095145
7206	-3428.641	-3598.217	169.5765	0.3856706	1.497841	2.117106
7212	-3421.662	-3590.802	169.1404	0.4325225	1.409468	2.396886
7218	-3427.288	-3596.259	168.9707	0.3654647	1.514907	2.518632
7224	-3433.72	-3601.355	167.6352	0.3478044	1.250313	3.501808
7230	-3414.275	-3582.912	168.6369	0.4711647	1.350785	2.703986
7236	-3413.684	-3581.658	167.9737	0.4054558	1.296022	3.208013
7242	-3433.983	-3602.792	168.8091	0.3105236	1.323534	2.808973
7248	-3420.927	-3588.456	167.5282	0.3801126	1.287447	3.50388
7254	-3431.652	-3598.813	167.161	0.3353065	1.346398	3.736714
7260	-3422.268	-3590.634	168.3667	0.4794356	1.247551	2.922472
7266	-3412.893	-3580.551	167.6581	0.5466124	1.12515	3.351926
7272	-3411.869	-3579.769	167.9002	0.414422	1.151475	3.326705
7278	-3429.024	-3595.802	166.7776	0.4227089	1.273365	3.898607
7284	-3412.141	-3578.984	166.843	0.3902212	1.199808	3.938812
7290	-3411.863	-3579.049	167.186	0.3977436	1.146917	3.763667
7296	-3416.672	-3583.716	167.0439	0.4033668	1.278261	3.763667
7302	-3413.695	-3583.272	169.5762	0.3574346	1.528233	2.134797
7308	-3413.028	-3582.151	169.123	0.4339357	1.638491	2.260525
7314	-3412.223	-3581.282	169.0593	0.4067134	1.393094	2.488487
7320	-3424.299	-3591.704	167.4054	0.346284	1.23762	3.644694
7326	-3408.838	-3575.749	166.9105	0.4569863	1.14707	3.859287
7332	-3412.297	-3579.437	167.1402	0.4283147	1.316548	3.658829
7338	-3412.814	-3580.771	167.9564	0.4261025	1.359026	3.157889
7344	-3413.186	-3580.358	167.172	0.4261025	1.29707	3.654023
7350	-3417.958	-3585.187	167.2289	0.4184021	1.254518	3.654023
7356	-3414.326	-3581.699	167.3727	0.3525722	1.245874	3.651149
7362	-3416.153	-3583.476	167.323	0.3790289	1.333675	3.597666
7368	-3425.673	-3592.707	167.0341	0.3205155	1.365499	3.817581
7374	-3422.158	-3589.8	167.6423	0.430804	1.272429	3.389245
7380	-3417.125	-3585.086	167.9606	0.3027452	1.305963	3.337075
7386	-3417.934	-3586.195	168.2615	0.3557823	1.569432	2.931934
7392	-3414.83	-3583.763	168.9325	0.3575406	1.51498	2.552561
7398	-3425.451	-3594.454	169.0025	0.332867	1.558027	2.514831
7404	-3432.28	-3601.466	169.1865	0.3187234	1.435439	2.495956
7410	-3420.492	-3589.717	169.225	0.3699052	1.595659	2.30151
7416	-3423.437	-3592.249	168.8119	0.3860431	1.481134	2.612493
7422	-3425.242	-3594.07	168.8284	0.3860431	1.416893	2.642001
7428	-3415.098	-3584.035	168.9368	0.2894534	1.416893	2.703909
7434	-3420.194	-3588.372	168.1783	0.3321229	1.440108	3.089612
7440	-3434.894	-3603.48	168.5858	0.3562732	1.523448	2.762479
7446	-3424.59	-3592.321	167.7315	0.3957053	1.367203	3.32008
7452	-3424.778	-3592.252	167.4739	0.3957053	1.319262	3.499116
7458	-3425.593	-3593.059	167.466	0.3659343	1.308349	3.544635
7464	-3405.254	-3572.77	167.5159	0.4001742	1.308349	3.475907
7470	-3419.324	-3588.197	168.8725	0.5377579	1.432583	2.438982
7476	-3413.786	-3582.689	168.9031	0.4609079	1.453229	2.486721
7482	-3409.141	-3578.137	168.9957	0.400849	1.470692	2.486721
7488	-3414.368	-3583.068	168.6994	0.480059	1.262403	2.710539
7494	-3427.541	-3596.061	168.5203	0.3023883	1.376783	2.962748
7500	-3417.741	-3587.201	169.4598	0.367742	1.518856	2.202781
7506	-3421.193	-3590.668	169.4748	0.3584152	1.523	2.202781
7512	-3418.629	-3588.083	169.4541	0.4049498	1.570267	2.125266
7518	-3402.651	-3571.952	169.3014	0.4285204	1.554064	2.206362
7524	-3412.338	-3581.423	169.0849	0.3553779	1.507275	2.465016
7530	-3431.047	-3600.081	169.0337	0.3553779	1.521184	2.488355
7536	-3413.981	-3581.809	167.8273	0.3689874	1.400283	3.275374
7542	-3434.868	-3600.773	165.9051	0.3310504	1.22475	4.525927
7548	-3418.371	-3584.257	165.8865	0.4236287	1.160705	4.467769
7554	-3403.059	-3569.871	166.8113	0.3781395	1.136424	4.006866
7560	-3412.817	-3581.343	168.5262	0.3508347	1.38323	2.890806
7566	-3418.716	-3586.645	167.9294	0.3183829	1.372958	3.295006
7572	-3417.684	-3585.358	167.6741	0.4786107	1.270987	3.321824
7578	-3424.721	-3592.93	168.2091	0.3710352	1.399424	3.046655
7584	-3416.325	-3585.037	168.7113	0.346967	1.363748	2.795244
7590	-3420.274	-3589.224	168.9502	0.4209822	1.474801	2.488782
7596	-3421.455	-3590.711	169.2562	0.4539391	1.436274	2.281712
7602	-3428.655	-3598.11	169.4547	0.3672766	1.44557	2.25392
7608	-3417.73	-3586.744	169.0141	0.455292	1.45601	2.42147
7614	-3424.32	-3593.096	168.7767	0.3349665	1.392381	2.753628
7620	-3413.034	-3581.396	168.3623	0.3349665	1.365734	3.020389
7626	-3406.597	-3575.404	168.8071	0.3349665	1.397486	2.731885
7632	-3422.789	-3591.807	169.0187	0.4249721	1.513767	2.416656
7638	-3415.506	-3585.117	169.6113	0.3368182	1.595923	2.09613
7644	-3413.379	-3583.001	169.6217	0.3632624	1.529788	2.09613
7650	-3424.424	-3594.527	170.1032	0.365106	1.661716	1.675508
7656	-3419.431	-3589.38	169.949	0.365106	1.916488	1.60319
7662	-3410.283	-3580.357	170.074	0.3688068	1.717236	1.651317
7668	-3415.329	-3585.257	169.9279	0.4798038	1.72837	1.599901
7674	-3413.507	-3582.978	169.4708	0.299131	1.584833	2.249523
7680	-3429.625	-3598.875	169.2504	0.3229327	1.46937	2.428715
7686	-3432.336	-3600.93	168.5934	0.3489046	1.39019	2.848341
7692	-3414.09	-3584.464	170.3739	0.3168933	1.88702	1.38354
7698	-3421.742	-3591.671	169.9292	0.3168933	1.667756	1.864709
7704	-3416.29	-3586.403	170.1123	0.3391011	1.594758	1.75493
7710	-3408.776	-3578.924	170.1479	0.3669203	1.712271	1.604334
7716	-3409.695	-3580.116	170.4211	0.251638	1.788467	1.542338
7722	-3418.706	-3588.613	169.9073	0.3389622	1.683869	1.835455
7728	-3415.172	-3585.425	170.2529	0.3622926	1.734898	1.5174
7734	-3416.014	-3586.083	170.0696	0.4089598	1.79353	1.541542
7740	-3427.573	-3595.566	167.9934	0.3658318	1.34425	3.214129
7746	-3413.782	-3582.096	168.3144	0.366157	1.314653	3.040293
7752	-3414.747	-3584.496	169.7488	0.4028519	1.599076	1.912933
7758	-3417.945	-3587.914	169.9697	0.3495808	1.716518	1.7539
7764	-3423.5	-3593.527	170.0267	0.3895272	1.741653	1.638018
7770	-3418.3	-3587.236	168.9362	0.3446741	1.520487	2.563618
7776	-3406.214	-3575.074	168.8607	0.4231204	1.566502	2.484936
7782	-3419.656	-3588.556	168.9004	0.417888	1.536546	2.484936
7788	-3415.457	-3584.678	169.2214	0.3058461	1.521368	2.438531
7794	-3412.633	-3582.284	169.6509	0.2989289	1.616061	2.112729
7800	-3415.594	-3584.913	169.3191	0.3288608	1.623825	2.278711
7806	-3419.078	-3588.762	169.6846	0.3483549	1.686324	1.971228
7812	-3421.273	-3590.532	169.2597	0.5434138	1.56738	2.09831
7818	-3418.975	-3588.295	169.3194	0.4375593	1.568935	2.174357
7824	-3408.149	-3578.18	170.0304	0.3716342	1.728341	1.670494
7830	-3405.677	-3575.765	170.0875	0.3537573	1.791748	1.610245
7836	-3403.546	-3573.667	170.1215	0.3638389	1.748626	1.601709
7842	-3409.04	-3579.124	170.0835	0.4167887	1.817798	1.502065
7848	-3415.08	-3584.98	169.9001	0.4796543	1.727652	1.620822
7854	-3404.387	-3574.085	169.6984	0.3937608	1.586927	1.966854
7860	-3404.028	-3573.401	169.3735	0.3937608	1.751624	2.073354
7866	-3408.809	-3578.165	169.3562	0.367102	1.501392	2.28151
7872	-3407.394	-3576.805	169.4113	0.367102	1.631619	2.161952
7878	-3411.492	-3581.238	169.7458	0.3929516	1.670669	1.879355
7884	-3408.683	-3577.94	169.2564	0.4003144	1.579114	2.253433
7890	-3413.404	-3583.597	170.1932	0.3315233	1.783816	1.573651
7896	-3418.698	-3588.823	170.1242	0.3253086	1.62	1.74994
7902	-3430.826	-3600.161	169.3344	0.350861	1.448164	2.350832
7908	-3418.766	-3587.914	169.1485	0.4036462	1.391268	2.437336
7914	-3414.094	-3582.48	168.3861	0.3623263	1.442325	2.925251
7920	-3416.622	-3586.626	170.0037	0.3434562	1.542328	1.859784
7926	-3409.577	-3579.357	169.78	0.4201083	1.569926	1.889377
7932	-3418.475	-3587.954	169.4782	0.4177453	1.611154	2.066748
7938	-3426.991	-3597.002	170.0113	0.3350807	1.803672	1.684965
7944	-3422.321	-3592.077	169.7554	0.4743092	1.620054	1.805481
7950	-3419.882	-3589.704	169.822	0.4459242	1.578725	1.822348
7956	-3418.046	-3587.285	169.2391	0.4050316	1.592804	2.24994
7962	-3413.246	-3582.602	169.3561	0.3914013	1.502113	2.24994
7968	-3417.819	-3586.813	168.9936	0.3629405	1.394498	2.582459
7974	-3421.866	-3591.451	169.5859	0.3935669	1.502753	2.097569
7980	-3418.387	-3587.915	169.5282	0.4154748	1.518527	2.097569
7986	-3417.924	-3586.35	168.4261	0.4301954	1.384105	2.856608
7992	-3413.811	-3583.083	169.2718	0.4140312	1.544538	2.248947
7998	-3409.976	-3579.543	169.5666	0.2961192	1.593056	2.18694
8004	-3402.246	-3571.988	169.7417	0.3601026	1.633239	1.952083
8010	-3407.657	-3577.516	169.8594	0.330864	1.821509	1.785589
8016	-3406.357	-3576.394	170.0377	0.3888071	1.744	1.629421
8022	-3409.924	-3579.846	169.9226	0.5084512	1.758421	1.546807
8028	-3413.844	-3584.187	170.3437	0.3182378	1.783188	1.484074
8034	-3416.294	-3586.537	170.2436	0.4057523	1.816166	1.397089
8040	-3418.458	-3588.331	169.8731	0.4057523	1.671271	1.774253
8046	-3411.698	-3580.789	169.0916	0.3990835	1.45564	2.438153
8052	-3410.169	-3579.056	168.8868	0.3890148	1.465462	2.572184
8058	-3416.039	-3585.436	169.397	0.3224532	1.467683	2.337668
8064	-3419.236	-3588.699	169.4633	0.4692967	1.436231	2.130527
8070	-3414.867	-3584.91	170.0426	0.3455002	1.540612	1.831289
8076	-3419.552	-3589.019	169.4668	0.4113025	1.568828	2.110038
8082	-3419.473	-3588.393	168.9201	0.3636324	1.384883	2.633039
8088	-3423.223	-3590.529	167.3062	0.3366707	1.26323	3.699198
8094	-3430.556	-3597.399	166.8428	0.3633006	1.113758	4.019035
8100	-3412.545	-3582.287	169.742	0.4266291	1.655763	1.848481
8106	-3417.221	-3587.288	170.0671	0.4266291	1.793198	1.51903
8112	-3404.94	-3574.633	169.6935	0.4462467	1.722257	1.811588
8118	-3412.13	-3582.09	169.96	0.3496256	1.736341	1.746732
8124	-3413.397	-3582.948	169.5518	0.3752598	1.703322	2.011503
8130	-3421.341	-3589.923	168.5821	0.3149247	1.36602	2.914683
8136	-3424.676	-3593.145	168.469	0.3636556	1.30429	2.956822
8142	-3433.886	-3603.923	170.0364	0.37624	1.862037	1.562618
8148	-3424.455	-3594.385	169.9301	0.394277	1.729305	1.709098
8154	-3432.534	-3600.852	168.318	0.3085634	1.339542	3.097651
8160	-3420.869	-3589.35	168.4811	0.3085634	1.355286	2.990677
8166	-3430.879	-3599.239	168.3605	0.3373232	1.39468	3.001041
8172	-3413.842	-3582.934	169.0921	0.3470366	1.438359	2.514562
8178	-3422.62	-3591.277	168.6568	0.3500476	1.515078	2.732201
8184	-3413.079	-3581.309	168.2294	0.4500048	1.370951	2.961681
8190	-3423.888	-3592.754	168.8659	0.442392	1.354407	2.591822
8196	-3424.468	-3593.348	168.8799	0.3338647	1.406153	2.683397
8202	-3415.758	-3585.891	170.1321	0.3567501	1.699259	1.640319
8208	-3422.211	-3592.169	169.9581	0.4513313	1.691835	1.640319
8214	-3420.247	-3589.772	169.5244	0.4231474	1.627133	2.018888
8220	-3420.912	-3588.914	168.0023	0.4631596	1.398999	3.067164
8226	-3423.079	-3591.943	168.8637	0.3933579	1.316261	2.673372
8232	-3426.322	-3595.5	169.1773	0.3892225	1.433341	2.410283
8238	-3411.203	-3580.087	168.8835	0.4495301	1.384905	2.55405
8244	-3427.784	-3595.971	168.1864	0.5212409	1.297694	2.959289
8250	-3421.005	-3589.992	168.9869	0.3990195	1.531706	2.456239
8256	-3418.14	-3587.003	168.8629	0.388188	1.461254	2.590637
8262	-3421.114	-3589.198	168.0838	0.4622238	1.2441	3.111902
8268	-3431.162	-3599.27	168.1084	0.3960883	1.313137	3.128576
8274	-3429.297	-3597.926	168.6294	0.4628121	1.28231	2.759334
8280	-3423.087	-3591.199	168.112	0.3758559	1.334505	3.137457
8286	-3426.618	-3595.031	168.4132	0.2989993	1.316093	3.068021
8292	-3422.294	-3590.839	168.545	0.4933462	1.301045	2.767655
8298	-3427.397	-3594.778	167.381	0.415345	1.259869	3.565923
8304	-3432.384	-3599.097	166.713	0.3476499	1.120603	4.10775
8310	-3421.452	-3588.812	167.3596	0.4367351	1.371421	3.490432
8316	-3409.625	-3577.398	167.7726	0.3839221	1.258816	3.373203
8322	-3423.117	-3590.726	167.609	0.4648803	1.337089	3.335106
8328	-3410.835	-3579.636	168.8011	0.3609907	1.362965	2.722993
8334	-3404.798	-3572.542	167.744	0.3827381	1.397062	3.3101
8340	-3405.334	-3574.464	169.1309	0.4405149	1.504928	2.33321
8346	-3410.348	-3579.159	168.8118	0.3439541	1.573245	2.608985
8352	-3402.527	-3571.598	169.0708	0.3051708	1.426628	2.59264
8358	-3418.723	-3588.283	169.5599	0.4035199	1.477656	2.118468
8364	-3421.056	-3590.451	169.3954	0.4887778	1.49637	2.113851
8370	-3414.797	-3583.51	168.7126	0.3968442	1.346395	2.743453
8376	-3415.387	-3583.908	168.5214	0.4686741	1.44444	2.720053
8382	-3413.811	-3582.552	168.7414	0.3737939	1.401366	2.720053
8388	-3415.73	-3585.027	169.2969	0.4201544	1.521658	2.240136
8394	-3423.621	-3593.414	169.7928	0.4201544	1.573997	1.87786
8400	-3419.973	-3589.528	169.5542	0.4201544	1.676624	1.969694
8406	-3418.22	-3587.994	169.7741	0.4503399	1.685254	1.776307
8412	-3423.958	-3594.133	170.1753	0.4396853	1.821522	1.396979
8418	-3415.329	-3585.524	170.1955	0.3550021	1.897516	1.449453
8424	-3419.884	-3589.983	170.0989	0.4707742	1.775004	1.449453
8430	-3425.485	-3595.596	170.1108	0.4613125	1.806747	1.428572
8436	-3424.739	-3595.033	170.2945	0.3933848	1.728501	1.443856
8442	-3418.475	-3588.728	170.2534	0.447751	1.804657	1.337271
8448	-3415.462	-3585.767	170.3047	0.4163821	1.804657	1.342155
8454	-3412.152	-3582.313	170.1612	0.350088	1.794243	1.56022
8460	-3407.698	-3577.875	170.1773	0.3619599	1.853408	1.485791
8466	-3409.15	-3579.134	169.9843	0.33641	1.751676	1.738698
8472	-3401.042	-3570.353	169.3109	0.405214	1.48015	2.275917
8478	-3412.445	-3581.837	169.3921	0.3825637	1.443053	2.275917
8484	-3418.445	-3586.806	168.3616	0.3943227	1.420685	2.914445
8490	-3406.537	-3575.294	168.7566	0.3753579	1.414423	2.70076
8496	-3404.972	-3574.527	169.5559	0.3906634	1.602499	2.055374
8502	-3408.366	-3578.053	169.687	0.4013259	1.637629	1.930594
8508	-3403.153	-3572.898	169.7451	0.429384	1.626425	1.86295
8514	-3408.648	-3578.524	169.8761	0.4029304	1.690417	1.762555
8520	-3395.595	-3565.47	169.8742	0.3958931	1.690417	1.773396
8526	-3409.241	-3579.545	170.3033	0.2909128	1.71187	1.613215
8532	-3415.156	-3585.143	169.9867	0.4221826	1.654991	1.68402
8538	-3422.951	-3593.005	170.054	0.4302959	1.851663	1.479995
8544	-3411.887	-3581.786	169.8985	0.3559746	1.688922	1.813216
8550	-3415.392	-3585.45	170.0575	0.3375733	1.754745	1.683079
8556	-3416.274	-3585.888	169.6138	0.407515	1.645357	1.96669
8562	-3414.367	-3584.238	169.8706	0.3798926	1.635888	1.835342
8568	-3404.282	-3574.037	169.755	0.3798926	1.628032	1.919501
8574	-3419.357	-3589.254	169.8965	0.3755319	1.807898	1.703514
8580	-3410.225	-3580.04	169.8148	0.3403887	1.704846	1.882252
8586	-3415.447	-3585.002	169.5542	0.4388436	1.538876	2.038628
8592	-3429.152	-3598.241	169.0884	0.3991192	1.622762	2.334404
8598	-3427.009	-3596.255	169.2464	0.4030189	1.539338	2.282027
8604	-3426.998	-3596.307	169.3083	0.4188122	1.553227	2.214069
8610	-3432.174	-3601.911	169.7371	0.3468883	1.59084	2.002023
8616	-3412.876	-3582.513	169.6364	0.4223357	1.541963	2.002023
8622	-3429.97	-3598.797	168.8265	0.4293035	1.45571	2.568226
8628	-3425.974	-3594.534	168.5604	0.4298444	1.364397	2.787372
8634	-3419.258	-3586.311	167.053	0.4007079	1.267018	3.767816
8640	-3420.034	-3587.705	167.6712	0.370741	1.279664	3.435881
8646	-3424.411	-3593.166	168.7553	0.3903904	1.323627	2.738898
8652	-3419.184	-3586.646	167.4617	0.3725726	1.247567	3.574644
8658	-3413.316	-3581.352	168.0351	0.2660594	1.381697	3.300713
8664	-3401.178	-3569.451	168.2727	0.3736464	1.301485	3.064036
8670	-3421.749	-3589.997	168.2474	0.4567459	1.439111	2.902587
8676	-3420.437	-3589.842	169.4054	0.4535195	1.58132	2.091465
8682	-3425.89	-3594.536	168.6454	0.3700256	1.433279	2.763916
8688	-3413.379	-3582.442	169.0637	0.4032778	1.459481	2.448232
8694	-3418.406	-3587.017	168.6111	0.4242434	1.373268	2.757342
8700	-3410.344	-3579.539	169.1945	0.4156331	1.501903	2.323826
8706	-3404.29	-3573.887	169.5975	0.3084904	1.54323	2.180637
8712	-3422.429	-3591.947	169.5181	0.3347197	1.625456	2.140789
8718	-3414.399	-3584.296	169.8969	0.3281303	1.60748	1.910739
8724	-3401.973	-3571.023	169.0506	0.3377063	1.351878	2.606513
8730	-3404.41	-3573.329	168.9188	0.3396167	1.431542	2.63616
8736	-3416.737	-3585.344	168.6061	0.5156774	1.417541	2.63616
8742	-3418.449	-3587.342	168.893	0.3817141	1.498108	2.557048
8748	-3414.176	-3583.437	169.2612	0.4935681	1.53481	2.1711
8754	-3419.674	-3587.631	167.9566	0.3540773	1.31648	3.266725
8760	-3419.38	-3588.878	169.4978	0.3699817	1.615265	2.112306
8766	-3412.89	-3580.619	167.7294	0.4511876	1.235286	3.338329
8772	-3411.343	-3580.094	168.7508	0.3750082	1.391962	2.718523
8778	-3421.432	-3589.9	168.4681	0.3658394	1.307564	2.952702
8784	-3414.429	-3582.684	168.2552	0.5367214	1.345241	2.8742
8790	-3415.504	-3583.759	168.2551	0.4499396	1.375862	2.943328
8796	-3408.923	-3577.769	168.8459	0.4213441	1.456916	2.564529
8802	-3423.367	-3592.517	169.15	0.40101	1.518996	2.358874
8808	-3407.415	-3576.187	168.7716	0.421412	1.480545	2.595865
8814	-3408.774	-3578.144	169.3694	0.4097704	1.523523	2.204776
8820	-3409.83	-3579.424	169.5947	0.4364789	1.588109	1.981717
8826	-3414.59	-3583.982	169.3927	0.5403638	1.599736	1.992049
8832	-3424.449	-3592.994	168.5449	0.4434787	1.550086	2.668017
8838	-3416.191	-3585.741	169.5498	0.3639771	1.668903	2.050858
8844	-3430.182	-3598.874	168.6922	0.4377884	1.458542	2.639967
8850	-3415.16	-3585.159	169.9987	0.333647	1.680523	1.782516
8856	-3430.293	-3599.977	169.6838	0.3343069	1.699633	1.983019
8862	-3418.826	-3588.451	169.6255	0.4711347	1.61886	1.89899
8868	-3431.145	-3600.584	169.4393	0.4961203	1.50526	2.071154
8874	-3422.929	-3592.54	169.6101	0.3538229	1.563185	2.094646
8880	-3435.259	-3602.987	167.7281	0.5165121	1.124491	3.339216
8886	-3423.166	-3591.669	168.5029	0.3675024	1.227226	2.978073
8892	-3422.406	-3591.28	168.8746	0.5137048	1.351427	2.512575
8898	-3427.325	-3595.97	168.6446	0.57498	1.431932	2.546228
8904	-3419.213	-3588.034	168.821	0.3767855	1.394444	2.671709
8910	-3421.485	-3590.047	168.5625	0.3598461	1.341975	2.882417
8916	-3417.829	-3586.162	168.3329	0.401783	1.422752	2.921863
8922	-3422.687	-3592.366	169.6787	0.4822465	1.544287	1.900597
8928	-3423.697	-3593.633	169.9353	0.5288526	1.690349	1.563316
8934	-3411.744	-3581.386	169.6415	0.4182509	1.559185	1.992211
8940	-3414.936	-3584.64	169.7041	0.3669092	1.524417	2.040408
8946	-3416.427	-3586.176	169.749	0.3647497	1.5683	1.984272
8952	-3407.6	-3577.492	169.8926	0.381122	1.559783	1.870736
8958	-3412.149	-3582.025	169.876	0.3683124	1.649497	1.838308
8964	-3408.236	-3578.43	170.1939	0.3977409	1.709099	1.527862
8970	-3414.875	-3584.148	169.2734	0.3977409	1.58964	2.238955
8976	-3410.933	-3579.921	168.9874	0.4176531	1.453507	2.482732
8982	-3410.184	-3579.555	169.3709	0.3960056	1.381715	2.311822
8988	-3417.861	-3587.287	169.4264	0.3368246	1.53993	2.252558
8994	-3420.508	-3589.708	169.1997	0.3037643	1.565036	2.4277
9000	-3418.139	-3587.842	169.7034	0.3015976	1.440174	2.189091
9006	-3415.38	-3583.517	168.1371	0.3762394	1.357223	3.108533
9012	-3415.272	-3584.819	169.5469	0.4206942	1.519345	2.078313
9018	-3419.824	-3589.219	169.3953	0.4421284	1.565395	2.121828
9024	-3429.494	-3596.248	166.7543	0.3224636	1.296444	4.015071
9030	-3426.429	-3594.612	168.1833	0.4073079	1.288796	3.085588
9036	-3414.746	-3581.761	167.0153	0.4453737	1.320782	3.710696
9042	-3439.255	-3606.723	167.4686	0.3297309	1.29783	3.593793
9048	-3415.899	-3583.651	167.7523	0.3833108	1.391632	3.307769
9054	-3430.744	-3598.386	167.6423	0.4185776	1.433755	3.307769
9060	-3421.235	-3589.985	168.7498	0.4250584	1.361485	2.678619
9066	-3420.284	-3588.975	168.6913	0.4855755	1.424586	2.609934
9072	-3427.462	-3596.678	169.2161	0.3648702	1.561081	2.335779
9078	-3421.809	-3590.906	169.0973	0.3211359	1.585238	2.454637
9084	-3416.868	-3585.814	168.9461	0.3859822	1.430426	2.56086
9090	-3415.286	-3584.248	168.9614	0.348077	1.459696	2.581248
9096	-3424.674	-3593.961	169.2863	0.3348678	1.417274	2.422421
9102	-3421.669	-3590.056	168.387	0.3670506	1.463482	2.90613
9108	-3428.46	-3597.598	169.1379	0.2971261	1.514256	2.508008
9114	-3425.234	-3594.327	169.0924	0.4088061	1.581682	2.346184
9120	-3418.884	-3588.09	169.2064	0.4007062	1.385663	2.407916
9126	-3416.882	-3585.116	168.2343	0.3876978	1.251343	3.100165
9132	-3423.887	-3591.101	167.2146	0.4306285	1.166862	3.699935
9138	-3427.143	-3595.292	168.1489	0.3293347	1.357706	3.159793
9144	-3429.021	-3597.641	168.6207	0.4378342	1.311272	2.774112
9150	-3431.607	-3598.965	167.3582	0.3562273	1.436421	3.544462
9156	-3426.03	-3594.724	168.6939	0.3820463	1.436421	2.717523
9162	-3425.719	-3593.827	168.1084	0.406913	1.296163	3.126297
9168	-3421.717	-3590.662	168.9452	0.4454135	1.337476	2.549745
9174	-3416.479	-3585.718	169.239	0.5042088	1.465104	2.219202
9180	-3408.312	-3577.675	169.3637	0.5042088	1.541699	2.088112
9186	-3413.939	-3583.826	169.887	0.3801088	1.615812	1.837605
9192	-3418.453	-3588.274	169.8211	0.4239053	1.635053	1.811778
9198	-3416.582	-3586.316	169.7341	0.4980683	1.653005	1.769547
9204	-3411.43	-3580.686	169.2562	0.4468831	1.567735	2.205246
9210	-3413.757	-3582.928	169.1709	0.4288607	1.482326	2.335634
9216	-3418.354	-3587.472	169.1184	0.4139711	1.516209	2.365048
9222	-3407.956	-3577.195	169.2389	0.4599632	1.502192	2.24375
9228	-3413.428	-3582.768	169.3407	0.4140975	1.483636	2.24375
9234	-3421.43	-3590.241	168.8111	0.3967008	1.429667	2.631951
9240	-3423.196	-3592.718	169.5224	0.4111893	1.459852	2.14504
9246	-3417.068	-3585.849	168.7809	0.4658213	1.364256	2.612723
9252	-3409.561	-3578.407	168.8465	0.3373966	1.487142	2.649422
9258	-3419.723	-3587.225	167.5023	0.4328251	1.401813	3.393352
9264	-3415.767	-3583.38	167.613	0.3731911	1.405554	3.393352
9270	-3413.141	-3580.652	167.5104	0.3606453	1.302284	3.528621
9276	-3413.369	-3581.468	168.0989	0.4192554	1.330986	3.09732
9282	-3414.998	-3583.443	168.4451	0.3023005	1.393437	2.998034
9288	-3416.922	-3584.639	167.717	0.34474	1.336038	3.407716
9294	-3419.36	-3587.351	167.9912	0.4407195	1.378241	3.109888
9300	-3427.302	-3596.001	168.6986	0.3773011	1.438924	2.718905
9306	-3426.28	-3594.821	168.5405	0.5185896	1.287808	2.753221
9312	-3415.762	-3584.43	168.6682	0.4012774	1.366212	2.753221
9318	-3418.641	-3586.97	168.3289	0.4953685	1.312926	2.889667
9324	-3422.743	-3591.237	168.4945	0.3609196	1.3958	2.889667
9330	-3433.832	-3602.381	168.5489	0.3260658	1.334071	2.938971
9336	-3430.791	-3599.901	169.1108	0.3052	1.493324	2.526299
9342	-3425.555	-3593.921	168.3659	0.3918703	1.515787	2.857271
9348	-3414.315	-3582.751	168.4365	0.3264248	1.381416	2.977655
9354	-3423.6	-3591.027	167.4274	0.3792171	1.357455	3.522859
9360	-3423.59	-3591.133	167.5436	0.4174711	1.167331	3.522859
9366	-3438.948	-3604.47	165.5226	0.4247549	1.017089	4.751283
9372	-3427.232	-3593.678	166.4465	0.3771522	1.159916	4.202336
9378	-3420.662	-3586.834	166.1716	0.4365097	1.129244	4.311306
9384	-3410.684	-3576.74	166.0554	0.4316575	1.072474	4.414001
9390	-3420.416	-3587.34	166.9244	0.3681317	1.185061	3.925889
9396	-3418.753	-3585.808	167.0552	0.3788669	1.187699	3.836879
9402	-3424.623	-3591.666	167.0421	0.3788669	1.133356	3.875649
9408	-3424.825	-3591.262	166.4376	0.3617292	1.115012	4.250605
9414	-3427.201	-3597.564	170.3632	0.4133674	1.812609	1.293181
9420	-3422.673	-3592.71	170.037	0.4395377	1.812609	1.509455
9426	-3419.182	-3588.584	169.402	0.4476548	1.621836	2.073903
9432	-3410.262	-3579.575	169.3123	0.4476548	1.47733	2.226477
9438	-3419.693	-3589.057	169.3643	0.3974865	1.518598	2.226477
9444	-3430.71	-3600	169.2906	0.3974865	1.506121	2.281802
9450	-3423.243	-3592.26	169.0169	0.3500362	1.560784	2.481086
9456	-3410.709	-3579.707	168.9983	0.3884492	1.446994	2.514974
9462	-3414.199	-3582.915	168.7157	0.4241862	1.396321	2.679162
9468	-3419.416	-3588.007	168.5913	0.2993752	1.409943	2.904151
9474	-3413.631	-3581.755	168.1242	0.444161	1.340523	3.049304
9480	-3408.776	-3577.809	169.0325	0.4661087	1.400933	2.432619
9486	-3419.015	-3587.91	168.8958	0.5054726	1.471191	2.432619
9492	-3421.342	-3589.79	168.4482	0.4306739	1.389775	2.83924
9498	-3419.603	-3588.646	169.0432	0.3770414	1.415774	2.520624
9504	-3421.531	-3589.38	167.8491	0.3752393	1.381308	3.266244
9510	-3405.074	-3573.187	168.1134	0.3245924	1.223856	3.266244
9516	-3410.021	-3579.235	169.2138	0.4264898	1.530392	2.280352
9522	-3413.368	-3582.558	169.1892	0.413799	1.525873	2.31411
9528	-3420.564	-3590.357	169.7938	0.4213269	1.529248	1.906059
9534	-3416.888	-3586.64	169.7524	0.4599184	1.596773	1.840769
9540	-3423.669	-3593.371	169.702	0.3968164	1.691395	1.889883
9546	-3419.387	-3588.516	169.1294	0.4343056	1.599954	2.280667
9552	-3425.207	-3594.507	169.3006	0.4043518	1.51087	2.26387
9558	-3424.475	-3593.944	169.469	0.3038978	1.56816	2.254319
9564	-3411.929	-3580.477	168.5478	0.443695	1.431191	2.738915
9570	-3413.41	-3582.188	168.7785	0.4028553	1.48879	2.608217
9576	-3416.078	-3584.864	168.7861	0.428949	1.397727	2.629503
9582	-3421.204	-3588.774	167.5694	0.3797462	1.351111	3.443064
9588	-3414.813	-3583.43	168.6168	0.4203014	1.52829	2.663258
9594	-3430.893	-3599.652	168.7589	0.4476903	1.467955	2.581914
9600	-3423.144	-3592.166	169.022	0.3655394	1.462292	2.519371
9606	-3409.342	-3577.819	168.4769	0.3519236	1.294974	2.972354
9612	-3411.057	-3579.966	168.9094	0.4114969	1.37068	2.590087
9618	-3429.043	-3597.976	168.9333	0.3258073	1.521681	2.590087
9624	-3416.319	-3584.644	168.3257	0.323107	1.43438	3.016739
9630	-3409.816	-3577.872	168.056	0.5367205	1.27772	3.034756
9636	-3417.634	-3585.311	167.6769	0.5367205	1.254799	3.273664
9642	-3418.643	-3586.686	168.0428	0.3688011	1.188061	3.273664
9648	-3416.733	-3584.062	167.3288	0.3688011	1.288737	3.632338
9654	-3434.253	-3603.066	168.8129	0.3733742	1.452613	2.645113
9660	-3417.859	-3587.247	169.3882	0.3955053	1.540121	2.19959
9666	-3423.131	-3592.65	169.5194	0.3149248	1.634143	2.1628
9672	-3414.384	-3583.892	169.5083	0.3705248	1.623857	2.099056
9678	-3403.881	-3573.625	169.7445	0.3038347	1.623857	2.038435
9684	-3412.763	-3582.658	169.8954	0.3469477	1.635205	1.865253
9690	-3423.61	-3593.966	170.3558	0.4074984	1.804402	1.314844
9696	-3410.588	-3580.436	169.8477	0.3450975	1.66876	1.877609
9702	-3414.374	-3584.142	169.7687	0.3951971	1.655821	1.87083
9708	-3414.87	-3583.535	168.6653	0.3455292	1.43339	2.782741
9714	-3437.407	-3605.113	167.7061	0.4433308	1.395902	3.265681
9720	-3432.884	-3601.79	168.9065	0.3885073	1.451017	2.569573
9726	-3424.491	-3593.468	168.9771	0.2854329	1.511567	2.626805
9732	-3426.679	-3596.388	169.7086	0.4009083	1.638222	1.91613
9738	-3431.942	-3600.999	169.0574	0.3990244	1.541402	2.405717
9744	-3421.302	-3590.209	168.907	0.3932666	1.493622	2.536992
9750	-3421.759	-3591.232	169.4734	0.4145847	1.548917	2.11468
9756	-3415.943	-3584.991	169.0479	0.4865186	1.360918	2.426116
9762	-3410.213	-3579.122	168.9091	0.459863	1.52037	2.441959
9768	-3421.937	-3590.958	169.021	0.5347552	1.427081	2.351609
9774	-3410.638	-3579.5	168.862	0.3679219	1.41641	2.643972
9780	-3420.827	-3589.733	168.9055	0.4638238	1.42287	2.501012
9786	-3419.845	-3589.217	169.3726	0.4049148	1.609469	2.152942
9792	-3411.301	-3580.712	169.4106	0.4567512	1.600644	2.071527
9798	-3410.883	-3579.947	169.0647	0.4567512	1.492014	2.365097
9804	-3408.641	-3578.175	169.5344	0.3239591	1.492014	2.231989
9810	-3416.023	-3585.186	169.1637	0.4333964	1.602302	2.258222
9816	-3420.74	-3590.284	169.5437	0.4748642	1.541892	2.001466
9822	-3425.594	-3595.173	169.5789	0.4104405	1.631622	1.995451
9828	-3415.533	-3584.842	169.309	0.4104405	1.501002	2.25739
9834	-3419.447	-3588.783	169.3359	0.4104405	1.47505	2.256777
9840	-3411.057	-3580.122	169.0647	0.369144	1.601093	2.400818
9846	-3414.759	-3583.674	168.9152	0.4820126	1.563001	2.38715
9852	-3407.302	-3576.928	169.6256	0.4191927	1.614141	1.964952
9858	-3407.426	-3577.052	169.6262	0.4355881	1.536201	1.996459
9864	-3415.327	-3584.821	169.4931	0.5254931	1.61089	1.93294
9870	-3415.542	-3585.233	169.6912	0.365461	1.618353	1.988504
9876	-3413.737	-3582.965	169.228	0.3863435	1.541957	2.312866
9882	-3415.881	-3585.3	169.4187	0.3097778	1.571223	2.275951
9888	-3415.583	-3584.631	169.0477	0.3497144	1.669063	2.394015
9894	-3420.622	-3589.4	168.7775	0.4398445	1.536181	2.536694
9900	-3421.718	-3589.996	168.2782	0.4264897	1.355503	2.967247
9906	-3413.631	-3581.188	167.5576	0.3921773	1.304933	3.462609
9912	-3408.784	-3575.997	167.2129	0.3921773	1.242032	3.699495
9918	-3418.121	-3586.601	168.4799	0.3682861	1.469364	2.844786
9924	-3411.841	-3581.036	169.1949	0.3831578	1.440089	2.402493
9930	-3406.939	-3576.136	169.1974	0.4194034	1.433376	2.361036
9936	-3425.169	-3594.265	169.0963	0.4489129	1.555447	2.31344
9942	-3410.446	-3579.095	168.6485	0.4356995	1.40535	2.701913
9948	-3421.724	-3591.065	169.3412	0.5202784	1.40535	2.17479
9954	-3417.175	-3585.6	168.4248	0.4257883	1.317351	2.902657
9960	-3415.426	-3583.466	168.04	0.4079877	1.342165	3.138414
9966	-3419.731	-3587.931	168.2006	0.4394284	1.300515	3.032609
9972	-3412.073	-3580.246	168.1734	0.4397005	1.327227	3.032609
9978	-3411.202	-3580.109	168.9073	0.4551817	1.323167	2.571428
9984	-3420.119	-3588.021	167.9018	0.4739636	1.165375	3.254507
9990	-3426.304	-3595.307	169.0035	0.3804164	1.621028	2.412568
9996	-3416.729	-3585.758	169.0289	0.4856897	1.452974	2.38088
10002	-3418.504	-3587.46	168.956	0.4434405	1.599442	2.38088
10008	-3413.533	-3582.798	169.2645	0.4044745	1.485035	2.303381
10014	-3411.816	-3581.333	169.5167	0.3688701	1.594588	2.114951
10020	-3425.676	-3594.739	169.0636	0.3748903	1.529074	2.439597
10026	-3422.762	-3591.729	168.9668	0.5189136	1.534128	2.334078
10032	-3422.709	-3591.945	169.2356	0.4526214	1.578824	2.204804
10038	-3419.788	-3588.416	168.6277	0.4330413	1.347512	2.753053
10044	-3426.477	-3594.944	168.4671	0.408889	1.396267	2.848464
10050	-3418.061	-3586.95	168.8888	0.3525092	1.400405	2.656985
10056	-3410.892	-3579.595	168.7033	0.3563291	1.470364	2.72302
10062	-3413.696	-3582.311	168.6147	0.3855116	1.403077	2.782118
10068	-3406.604	-3575.178	168.5731	0.4134585	1.390899	2.782029
10074	-3400.065	-3568.551	168.4857	0.369521	1.311839	2.934995
10080	-3410.987	-3579.484	168.4971	0.369521	1.395579	2.877539
10086	-3410.289	-3578.997	168.7079	0.4077748	1.376725	2.714915
10092	-3397.695	-3566.793	169.0976	0.3436539	1.49156	2.482354
10098	-3415.36	-3584.717	169.3577	0.3672239	1.578393	2.23095
10104	-3406.423	-3575.205	168.7828	0.3595294	1.44951	2.682995
10110	-3424.676	-3592.02	167.3438	0.5407815	1.236221	3.476326
10116	-3417.163	-3585.335	168.1718	0.3470482	1.371577	3.115223
10122	-3409.587	-3577.072	167.4853	0.4887514	1.303407	3.40356
10128	-3416.38	-3584.613	168.2335	0.3614452	1.303407	3.101134
10134	-3418.572	-3586.682	168.1105	0.3614452	1.337872	3.153829
10140	-3416.551	-3584.731	168.1803	0.3489928	1.262526	3.172518
10146	-3420	-3587.984	167.9841	0.4191612	1.319606	3.172518
10152	-3423.224	-3589.152	165.9279	0.3792908	1.127832	4.510964
10158	-3411.575	-3578.995	167.4205	0.3379455	1.21791	3.657688
10164	-3428.946	-3597.243	168.2968	0.4208505	1.286366	3.003876
10170	-3427.074	-3595.434	168.3599	0.3731103	1.31583	3.003876
10176	-3422.68	-3589.644	166.9634	0.3914146	1.22797	3.852244
10182	-3413.206	-3580.602	167.3968	0.3221202	1.237846	3.679936
10188	-3411.026	-3578.5	167.4741	0.381468	1.269262	3.544416
10194	-3437.533	-3607.097	169.5637	0.3570467	1.534374	2.139509
10200	-3422.244	-3591.173	168.9284	0.4567193	1.397646	2.510196
10206	-3420.721	-3589.653	168.932	0.3935506	1.511038	2.510196
10212	-3411.792	-3580.629	168.8371	0.4174048	1.511038	2.54092
10218	-3400.35	-3569.643	169.2922	0.4297623	1.446341	2.2801
10224	-3410.265	-3579.055	168.7896	0.4829082	1.413367	2.558712
10230	-3422.121	-3590.531	168.4098	0.4344089	1.305461	2.909363
10236	-3419.072	-3587.567	168.4956	0.4242014	1.392314	2.816144
10242	-3436.799	-3605.971	169.1728	0.4242014	1.345185	2.426699
10248	-3422.167	-3590.849	168.6822	0.4224949	1.349176	2.730574
10254	-3424.64	-3592.532	167.8917	0.3041674	1.239798	3.414383
10260	-3416.555	-3584.265	167.7093	0.3893024	1.241249	3.414383
10266	-3416.199	-3583.822	167.6235	0.5356529	1.310164	3.273471
10272	-3417.625	-3584.451	166.8269	0.3757087	1.125016	4.007291
10278	-3420.379	-3587.322	166.9429	0.4402589	1.114483	3.876505
10284	-3423.704	-3588.989	165.2848	0.4898676	1.182886	4.727452
10290	-3427.414	-3596.999	169.5855	0.3560325	1.589309	2.090657
10296	-3420.482	-3589.721	169.2386	0.4500847	1.546772	2.226423
10302	-3409.27	-3578.752	169.4824	0.4500847	1.623484	2.016707
10308	-3409.864	-3579.972	170.1079	0.3666033	1.623484	1.697172
10314	-3415.34	-3584.338	168.9973	0.3666033	1.433681	2.551207
10320	-3426.149	-3594.815	168.6657	0.3668611	1.414056	2.767173
10326	-3423.074	-3591.72	168.646	0.3668611	1.384325	2.797314
10332	-3425.024	-3593.466	168.442	0.4391031	1.344988	2.860827
10338	-3433.671	-3601.382	167.7107	0.4003041	1.26971	3.384352
10344	-3420.417	-3589.778	169.3617	0.3660285	1.641155	2.189389
10350	-3422.056	-3591.265	169.2087	0.4271878	1.523325	2.287349
10356	-3410.15	-3579.325	169.175	0.4434546	1.450122	2.336662
10362	-3412.987	-3581.783	168.7952	0.4434546	1.343222	2.641286
10368	-3422.342	-3590.49	168.1487	0.4054876	1.225214	3.14614
10374	-3420.615	-3588.223	167.6077	0.429695	1.298831	3.39528
10380	-3427.486	-3596.006	168.5194	0.429695	1.201872	2.910973
10386	-3416.12	-3583.921	167.8012	0.4659582	1.359408	3.207419
10392	-3415.184	-3583.657	168.4729	0.512329	1.359408	2.756925
10398	-3406.617	-3575.244	168.627	0.4106909	1.449937	2.71621
10404	-3416.584	-3584.716	168.1313	0.3158071	1.356264	3.188917
10410	-3419.637	-3587.157	167.5197	0.4021448	1.252289	3.504205
10416	-3417.115	-3585.766	168.6513	0.36417	1.425415	2.77241
10422	-3421.057	-3589.611	168.5536	0.4559865	1.34865	2.77241
10428	-3431.31	-3600.368	169.0587	0.445243	1.434181	2.418368
10434	-3416.998	-3585.11	168.1117	0.445243	1.352425	3.048527
10440	-3428.565	-3596.843	168.2783	0.4538033	1.288243	2.977996
10446	-3422.805	-3591.07	168.2653	0.3921312	1.32398	3.033049
10452	-3422.358	-3591.069	168.7109	0.4841594	1.385045	2.623704
10458	-3433.658	-3602.715	169.0569	0.4906966	1.571475	2.282313
10464	-3430.971	-3599.606	168.6351	0.3638561	1.418991	2.78659
10470	-3426.16	-3595.126	168.9657	0.4397167	1.362646	2.527673
10476	-3418.832	-3587.724	168.8913	0.4331698	1.448979	2.527673
10482	-3427.1	-3595.858	168.7586	0.4161149	1.480738	2.609964
10488	-3416.293	-3584.772	168.4789	0.3855772	1.372965	2.882804
10494	-3411.291	-3579.792	168.5003	0.3855772	1.351576	2.882804
10500	-3432.858	-3601.107	168.2486	0.3284694	1.298471	3.136865
10506	-3427.246	-3595.926	168.6799	0.3497263	1.35455	2.816414
10512	-3405.575	-3573.846	168.2714	0.3632424	1.310105	3.072334
10518	-3413.388	-3581.349	167.9606	0.3923	1.274595	3.243454
10524	-3407.256	-3575.569	168.3132	0.3923	1.361447	2.981642
10530	-3420.079	-3588.908	168.8293	0.3259754	1.308138	2.784917
10536	-3416.95	-3585.564	168.6143	0.4443846	1.299782	2.777778
10542	-3418.601	-3587.652	169.051	0.3854836	1.323879	2.562511
10548	-3420.494	-3587.687	167.1934	0.4629596	1.104485	3.714831
10554	-3417.37	-3586.89	169.5194	0.4506355	1.616934	1.99576
10560	-3416.506	-3584.875	168.3685	0.3418911	1.476041	2.941386
10566	-3421.26	-3590.616	169.3558	0.4173686	1.481114	2.2317
10572	-3420.898	-3590.364	169.465	0.4458991	1.591597	2.054331
10578	-3419.023	-3588.446	169.4239	0.4684857	1.482055	2.127226
10584	-3424.989	-3595.06	170.0711	0.3382977	1.668534	1.733322
10590	-3408.46	-3578.338	169.8774	0.3954114	1.6026	1.832569
10596	-3416.436	-3586.718	170.2824	0.3708135	1.555145	1.615034
10602	-3415.573	-3585.47	169.8968	0.5166028	1.526911	1.722651
10608	-3420.363	-3590.277	169.9148	0.4650055	1.595406	1.722651
10614	-3415.047	-3585.202	170.1551	0.426235	1.587783	1.60598
10620	-3425.099	-3593.269	168.1696	0.4068447	1.386352	3.035991
10626	-3425.658	-3594.811	169.1525	0.267182	1.4286	2.597303
10632	-3416.516	-3586.132	169.6154	0.3713827	1.5495	2.076387
10638	-3412.103	-3582.027	169.9238	0.3312031	1.571938	1.912002
10644	-3414.763	-3584.352	169.5891	0.4703904	1.601115	1.936498
10650	-3404.341	-3573.664	169.3228	0.4470449	1.457933	2.232944
10656	-3408.099	-3577.809	169.7104	0.3877422	1.507675	2.019598
10662	-3403.553	-3573.113	169.5599	0.4156046	1.535047	2.06567
10668	-3412.73	-3581.249	168.519	0.5019586	1.438739	2.690523
10674	-3414.547	-3584.009	169.4621	0.317635	1.491878	2.287579
10680	-3411.824	-3581.243	169.419	0.3301333	1.606577	2.223769
10686	-3417.385	-3586.593	169.2081	0.4231247	1.590011	2.249796
10692	-3423.819	-3593.285	169.4661	0.4110703	1.655445	2.053795
10698	-3412.542	-3581.851	169.3091	0.3496529	1.561322	2.296485
10704	-3420.575	-3590.314	169.7389	0.2970357	1.568283	2.089257
10710	-3415.206	-3584.569	169.3635	0.3298888	1.493676	2.331992
10716	-3418.405	-3587.477	169.0723	0.3392105	1.499318	2.499333
10722	-3412.764	-3582.18	169.4165	0.3573042	1.53831	2.232025
10728	-3410.815	-3580.28	169.4655	0.3537005	1.499313	2.230446
10734	-3424.814	-3594.276	169.461	0.322219	1.558449	2.238952
10740	-3435.587	-3605.113	169.5262	0.3253004	1.536754	2.206502
10746	-3429.369	-3597.703	168.3342	0.4475109	1.397117	2.885392
10752	-3420.891	-3588.829	167.9373	0.4274274	1.278337	3.21561
10758	-3416.844	-3585.293	168.4492	0.3428037	1.467398	2.896741
10764	-3417.891	-3586.339	168.448	0.3517543	1.467398	2.886051
10770	-3417.121	-3585.41	168.2894	0.3850533	1.33474	3.020471
10776	-3409.419	-3578.026	168.6069	0.3617835	1.319017	2.867017
10782	-3400.352	-3568.847	168.4951	0.3636468	1.319017	2.93224
10788	-3410.048	-3577.653	167.6053	0.4349573	1.321115	3.377964
10794	-3419.782	-3588.24	168.4574	0.4502526	1.304031	2.864204
10800	-3424.198	-3592.607	168.4093	0.4490723	1.294438	2.900368
10806	-3415.309	-3583.583	168.274	0.3535311	1.319434	3.077226
10812	-3412.823	-3580.579	167.7557	0.4653152	1.313516	3.262139
10818	-3423.426	-3591.242	167.8163	0.4444476	1.289686	3.262139
10824	-3421.259	-3589.321	168.0617	0.3244431	1.262221	3.274306
10830	-3426.416	-3594.17	167.7542	0.3981773	1.329587	3.326014
10836	-3418.986	-3588.157	169.1711	0.3720308	1.471741	2.411638
10842	-3415.409	-3584.586	169.1771	0.2714555	1.486915	2.539239
10848	-3410.24	-3579.2	168.96	0.4253599	1.486915	2.470009
10854	-3419.541	-3588.31	168.7695	0.3639276	1.39565	2.718638
10860	-3432.819	-3601.119	168.3003	0.4337898	1.141735	3.074106
10866	-3425.541	-3593.094	167.5531	0.558075	1.110068	3.412045
10872	-3418.34	-3586.809	168.4694	0.4035518	1.270688	2.929181
10878	-3419.119	-3587.564	168.4453	0.3414791	1.308662	2.996398
10884	-3418.406	-3587.67	169.2631	0.3671031	1.432403	2.384639
10890	-3419.033	-3587.85	168.817	0.3606406	1.427127	2.67429
10896	-3419.912	-3589.414	169.5014	0.3500888	1.49071	2.217741
10902	-3420.192	-3589.43	169.2385	0.3698233	1.538137	2.329669
10908	-3413.447	-3582.899	169.4523	0.3655208	1.507209	2.218067
10914	-3415.784	-3584.976	169.1924	0.4991799	1.388631	2.303528
10920	-3417.026	-3587.174	170.1474	0.4984504	1.765792	1.382967
10926	-3422.127	-3592.352	170.2252	0.4643367	1.731699	1.394009
10932	-3411.276	-3581.437	170.1609	0.389526	1.730991	1.548011
10938	-3432.272	-3601.646	169.3739	0.4606799	1.742452	1.997284
10944	-3437.142	-3606.703	169.5613	0.3074337	1.694981	2.10685
10950	-3430.632	-3600.345	169.7123	0.3094964	1.537496	2.108022
10956	-3426.732	-3595.933	169.2016	0.3874268	1.583941	2.301508
10962	-3427.599	-3597.094	169.4947	0.3892473	1.575849	2.114975
10968	-3424.492	-3593.875	169.383	0.4716238	1.685852	2.016273
10974	-3418.318	-3587.401	169.0826	0.4716238	1.50552	2.328666
10980	-3429.511	-3597.933	168.4214	0.395639	1.376241	2.903674
10986	-3425.943	-3593.977	168.034	0.4523654	1.336527	3.096798
10992	-3413.37	-3581.979	168.6091	0.4203908	1.370659	2.764512
10998	-3415.74	-3584.504	168.7647	0.4203908	1.338537	2.688893
11004	-3419.994	-3588.509	168.5148	0.4798553	1.493332	2.682282
11010	-3414.867	-3583.514	168.6467	0.4087397	1.339857	2.773717
11016	-3416.265	-3585.266	169.0013	0.3684284	1.416138	2.557269
11022	-3409.999	-3578.007	168.0073	0.4238515	1.29149	3.170267
11028	-3421.471	-3589.843	168.3725	0.4137228	1.315507	2.94891
11034	-3416.277	-3584.524	168.2468	0.3478528	1.294108	3.115664
11040	-3415.307	-3584.324	169.0177	0.3421652	1.417204	2.58045
11046	-3426.696	-3594.87	168.1741	0.5357761	1.25919	2.975912
11052	-3420.812	-3590.657	169.8459	0.3657309	1.562251	1.92184
11058	-3421.206	-3590.698	169.4922	0.4653365	1.435669	2.116462
11064	-3431.321	-3599.774	168.4531	0.3787426	1.405941	2.886674
11070	-3430.106	-3596.037	165.9306	0.4550747	1.033199	4.482731
11076	-3431.764	-3597.993	166.2289	0.4777822	1.08249	4.264257
11082	-3429.407	-3595.752	166.3446	0.4062577	1.095676	4.264257
11088	-3417.641	-3584.885	167.2444	0.516037	1.142531	3.611621
11094	-3424.224	-3591.484	167.2602	0.490515	1.169393	3.611243
11100	-3423.399	-3590.72	167.3218	0.5136188	1.278482	3.489793
11106	-3426.285	-3594.287	168.0018	0.4533699	1.326919	3.120661
11112	-3417.164	-3584.478	167.3138	0.4174797	1.263907	3.600308
11118	-3420.679	-3587.727	167.0477	0.3847788	1.235609	3.806884
11124	-3404.189	-3571.975	167.7861	0.3600809	1.232478	3.409037
11130	-3409.844	-3577.724	167.8802	0.4480989	1.203322	3.271578
11136	-3407.205	-3575.055	167.8501	0.3864974	1.348842	3.271578
11142	-3411.894	-3579.761	167.8674	0.4194953	1.268236	3.271578
11148	-3414.661	-3582.99	168.3282	0.5276486	1.389341	2.811876
11154	-3411.508	-3579.913	168.4051	0.4510837	1.271416	2.914634
11160	-3417.451	-3584.628	167.1768	0.4337926	1.181572	3.709919
11166	-3420.236	-3587.821	167.5844	0.4195883	1.170509	3.494886
11172	-3420.675	-3588.191	167.5158	0.3190828	1.267291	3.597809
11178	-3440.462	-3607.79	167.3287	0.4842348	1.134693	3.597809
11184	-3412.836	-3580.323	167.4876	0.4052384	1.205525	3.546699
11190	-3413.791	-3581.367	167.5756	0.5388849	1.273514	3.320304
11196	-3408.52	-3576.678	168.1581	0.4932979	1.280533	3.01405
11202	-3421.144	-3589.749	168.6052	0.415014	1.329107	2.798341
11208	-3412.927	-3582.616	169.6887	0.4216876	1.564998	1.952451
11214	-3415.504	-3584.409	168.9053	0.4216876	1.507608	2.495516
11220	-3413.501	-3582.58	169.0791	0.4321909	1.471498	2.396828
11226	-3420.024	-3589.615	169.5906	0.4311334	1.476597	2.065012
11232	-3417.012	-3583.935	166.9239	0.3657354	1.205538	3.917286
11238	-3427.373	-3594.932	167.5597	0.3340905	1.201894	3.591064
11244	-3424.677	-3591.745	167.0689	0.3411156	1.338834	3.787001
11250	-3432.502	-3600.083	167.5812	0.3267459	1.323996	3.516887
11256	-3435.711	-3603.425	167.7147	0.4373158	1.324717	3.308993
11262	-3431.848	-3600.438	168.5897	0.3426553	1.489939	2.798064
11268	-3426.234	-3594.846	168.6114	0.379918	1.435847	2.77094
11274	-3427.511	-3597.783	170.2713	0.310946	1.669831	1.633063
11280	-3417.667	-3585.946	168.2784	0.3794859	1.303227	3.052571
11286	-3418.001	-3586.25	168.249	0.3043066	1.323477	3.154108
11292	-3415.178	-3583.814	168.6355	0.348494	1.440836	2.792518
11298	-3417.95	-3585.596	167.6464	0.4756668	1.272623	3.340095
11304	-3426.38	-3595.03	168.6498	0.3548655	1.293129	2.865416
11310	-3430.236	-3599.328	169.0921	0.425545	1.488085	2.385877
11316	-3419.979	-3589.309	169.3302	0.4925799	1.58086	2.097077
11322	-3418.589	-3587.732	169.1422	0.4028074	1.417934	2.425558
11328	-3420.71	-3589.857	169.1472	0.4263812	1.465344	2.364377
11334	-3416.355	-3585.621	169.2658	0.3571092	1.482331	2.364377
11340	-3422.132	-3590.197	168.065	0.3895964	1.333623	3.149751
11346	-3411.277	-3579.046	167.7682	0.3568047	1.38897	3.331643
11352	-3415.411	-3583.096	167.6848	0.325497	1.313405	3.46422
11358	-3409.43	-3577.073	167.6431	0.3285556	1.267449	3.511454
11364	-3414.748	-3583.007	168.2587	0.3394281	1.221613	3.162409
11370	-3419.542	-3587.41	167.8683	0.2946721	1.185559	3.472784
11376	-3422.644	-3589.979	167.3351	0.3371483	1.186734	3.726071
11382	-3428.067	-3596.202	168.1354	0.4035097	1.209365	3.165688
11388	-3424.223	-3591.966	167.7429	0.3683871	1.300543	3.384483
11394	-3434.11	-3601.701	167.5909	0.3900903	1.326939	3.432643
11400	-3419.865	-3588.034	168.1692	0.3900903	1.441193	3.022793
11406	-3419.782	-3588.558	168.7758	0.3243358	1.529737	2.684285
11412	-3418.292	-3587.671	169.379	0.3375246	1.497781	2.308941
11418	-3421.827	-3590.805	168.9777	0.3961796	1.549985	2.454
11424	-3429.646	-3597.611	167.9645	0.3985886	1.247911	3.249705
11430	-3418.868	-3587.246	168.3779	0.3790556	1.34412	2.968914
11436	-3421.154	-3589.741	168.5872	0.3109484	1.365642	2.917314
11442	-3415.15	-3583.418	168.2677	0.4741742	1.332758	2.936211
11448	-3417.104	-3586.238	169.134	0.365564	1.410654	2.481576
11454	-3425.802	-3593.946	168.1446	0.4081146	1.273432	3.116888
11460	-3427.008	-3596.149	169.1411	0.3613244	1.55824	2.38977
11466	-3423.704	-3592.261	168.5575	0.3781795	1.451127	2.796604
11472	-3418.047	-3586.57	168.5229	0.3981404	1.366551	2.84513
11478	-3413.726	-3582.607	168.8808	0.3981404	1.316189	2.657178
11484	-3416.627	-3583.578	166.9513	0.3321582	1.172073	3.961331
11490	-3424.681	-3592.106	167.4248	0.4308455	1.25304	3.52767
11496	-3425.396	-3593.059	167.6627	0.3799111	1.112572	3.52767
11502	-3421.068	-3588.642	167.5734	0.4005761	1.174342	3.520079
11508	-3412.484	-3580.001	167.5177	0.4523198	1.245512	3.4553
11514	-3419.11	-3587.404	168.2947	0.4331796	1.352726	2.951639
11520	-3418.52	-3587.296	168.776	0.3960052	1.339859	2.709588
11526	-3417.656	-3586.062	168.4066	0.3293526	1.321371	3.027718
11532	-3430.166	-3599.38	169.2134	0.5370628	1.531054	2.158803
11538	-3433.339	-3602.18	168.8406	0.4004987	1.533179	2.544933
11544	-3422.42	-3589.844	167.4239	0.401908	1.236154	3.569656
11550	-3408.262	-3575.739	167.4769	0.4312567	1.189876	3.533681
11556	-3408.842	-3576.568	167.7265	0.3794669	1.24569	3.4131
11562	-3410.814	-3578.223	167.4094	0.3653113	1.280672	3.59436
11568	-3404.927	-3573.438	168.5104	0.4450219	1.406592	2.77536
11574	-3413.367	-3581.971	168.6038	0.4119963	1.373957	2.77536
11580	-3423.319	-3591.296	167.9772	0.4461943	1.109901	3.271444
11586	-3416.753	-3584.712	167.9594	0.3858725	1.241042	3.271444
11592	-3418.283	-3585.946	167.6622	0.4459918	1.236393	3.382576
11598	-3409.505	-3577.602	168.0972	0.3732745	1.296013	3.172218
11604	-3412.058	-3580.259	168.2012	0.3830247	1.296013	3.098763
11610	-3415.869	-3584.272	168.4027	0.3830247	1.249079	3.00636
11616	-3408.588	-3576.801	168.2129	0.4587189	1.32914	2.987523
11622	-3423.002	-3591.391	168.3889	0.3796043	1.244809	3.021266
11628	-3422.665	-3590.848	168.1832	0.5640875	1.298576	2.920326
11634	-3424.339	-3592.785	168.4461	0.4395751	1.516506	2.753491
11640	-3423.543	-3592.201	168.6574	0.397393	1.399905	2.743791
11646	-3415.637	-3584.156	168.5194	0.4739442	1.383422	2.753046
11652	-3410.223	-3579.631	169.4076	0.4183478	1.511725	2.177198
11658	-3413.672	-3582.524	168.8511	0.4033056	1.428378	2.600111
11664	-3424.901	-3594.655	169.7542	0.3581561	1.640841	1.941249
11670	-3417.309	-3587.012	169.7037	0.3575801	1.692555	1.941249
11676	-3421.273	-3591.282	170.0095	0.2995351	1.695512	1.817822
11682	-3417.42	-3587.213	169.7936	0.5001789	1.695512	1.695417
11688	-3405.911	-3575.446	169.5346	0.3580619	1.537947	2.154776
11694	-3407.898	-3577.995	170.0977	0.383162	1.643733	1.666303
11700	-3414.214	-3584.301	170.0861	0.3327425	1.760158	1.666303
11706	-3405.293	-3575.348	170.0543	0.4025067	1.829827	1.535105
11712	-3399.542	-3569.904	170.3612	0.3789303	1.84864	1.319783
11718	-3410.688	-3580.998	170.3092	0.3477682	1.855305	1.406135
11724	-3403.563	-3573.668	170.1055	0.3545541	1.873778	1.535675
11730	-3405.989	-3576.255	170.2664	0.4459263	1.841049	1.300183
11736	-3419.876	-3590.393	170.517	0.4082867	2.050428	0.9457709
11742	-3414.111	-3582.135	168.0246	0.3475962	1.394116	3.188594
11748	-3417.656	-3585.767	168.1112	0.4288847	1.28075	3.109301
11754	-3425.006	-3593.746	168.7403	0.4205399	1.313441	2.719072
11760	-3422.906	-3593.15	170.2445	0.321703	1.760491	1.569002
11766	-3416.549	-3586.488	169.9385	0.3687684	1.74579	1.727337
11772	-3413.381	-3583.079	169.6977	0.3708823	1.651589	1.954488
11778	-3418.62	-3588.204	169.5841	0.3608287	1.639515	2.051881
11784	-3418.464	-3588.048	169.5844	0.3671065	1.511705	2.127271
11790	-3423.653	-3591.867	168.2142	0.4286976	1.361977	2.999357
11796	-3416.434	-3585.674	169.2395	0.3120351	1.462686	2.455133
11802	-3424.634	-3593.669	169.0345	0.3650584	1.481527	2.500115
11808	-3425.881	-3594.744	168.863	0.5095106	1.389785	2.500115
11814	-3429.384	-3597.064	167.6798	0.4652001	1.227531	3.357556
11820	-3428.39	-3595.565	167.1741	0.4478985	1.278896	3.64042
11826	-3409.516	-3578.217	168.7014	0.3540993	1.319637	2.818997
11832	-3423.158	-3591.373	168.2157	0.3387243	1.384262	3.092085
11838	-3413.13	-3581.809	168.6798	0.4267562	1.384262	2.705723
11844	-3417.247	-3586.007	168.7598	0.3894068	1.37528	2.705723
11850	-3435.873	-3603.966	168.0928	0.3915554	1.339431	3.127462
11856	-3419.577	-3586.799	167.2218	0.3006201	1.245784	3.804551
11862	-3413.154	-3580.342	167.1879	0.3134186	1.250307	3.804551
11868	-3425.661	-3594.104	168.4433	0.3390929	1.236607	3.04384
11874	-3415.52	-3582.77	167.2503	0.4657147	1.224819	3.609407
11880	-3417.734	-3585.19	167.4564	0.4068242	1.163586	3.587483
11886	-3422.637	-3590.093	167.4558	0.4068242	1.207763	3.562104
11892	-3418.672	-3587.369	168.6966	0.4433674	1.326714	2.71216
11898	-3419.851	-3588.761	168.9098	0.4433674	1.240716	2.633906
11904	-3417.628	-3586.031	168.4035	0.3885851	1.368639	2.92736
11910	-3421.212	-3589.758	168.5465	0.3385502	1.42678	2.868011
11916	-3425.872	-3593.978	168.1058	0.3013952	1.443998	3.171601
11922	-3422.559	-3590.748	168.1886	0.3797864	1.192627	3.171601
11928	-3432.646	-3600.936	168.2903	0.3974517	1.250374	3.055941
11934	-3435.576	-3604.306	168.7304	0.4025611	1.30274	2.752506
11940	-3427.842	-3596.523	168.6806	0.3608258	1.374943	2.789497
11946	-3433.238	-3601.718	168.4802	0.442715	1.410106	2.794118
11952	-3429.13	-3598.166	169.0357	0.3447128	1.519664	2.502109
11958	-3437.065	-3606.161	169.0958	0.3923202	1.489924	2.422213
11964	-3432.731	-3600.397	167.6652	0.4524394	1.125766	3.43895
11970	-3434.403	-3603.539	169.1356	0.3488794	1.538256	2.422213
11976	-3424.445	-3594.207	169.7622	0.4550634	1.654209	1.800299
11982	-3419.3	-3589.045	169.7445	0.464521	1.59789	1.839856
11988	-3430.101	-3600.097	169.9963	0.4577105	1.628947	1.649938
11994	-3423.667	-3591.971	168.3036	0.5436383	1.307687	2.861071
12000	-3426.558	-3595.857	169.2991	0.3960933	1.475406	2.29776
12006	-3425.108	-3594.623	169.5151	0.3799116	1.479062	2.176794
12012	-3433.304	-3603.122	169.8179	0.3569906	1.648215	1.894836
12018	-3432.009	-3602.151	170.1417	0.3756543	1.750491	1.568068
12024	-3440.239	-3610.569	170.3301	0.4281162	1.750491	1.347698
12030	-3436.918	-3604.164	167.2463	0.363896	1.383961	3.630781
12036	-3413.369	-3582.137	168.7678	0.4067286	1.417918	2.653987
12042	-3421.34	-3589.918	168.5779	0.3506494	1.370089	2.867702
12048	-3432.327	-3600.322	167.9945	0.3157022	1.427018	3.228175
12054	-3423.373	-3593.652	170.279	0.3801091	1.889304	1.351062
12060	-3418.025	-3588.298	170.2726	0.3485407	1.658204	1.580667
12066	-3412.808	-3582.578	169.7706	0.339762	1.517365	2.038677
12072	-3417.934	-3586.91	168.9761	0.4481097	1.325061	2.535274
12078	-3418.975	-3588.217	169.2424	0.3774834	1.473014	2.358762
12084	-3408.014	-3577.369	169.3551	0.3774834	1.557616	2.232652
12090	-3420.301	-3589.509	169.2072	0.4105079	1.610416	2.25243
12096	-3429.37	-3598.848	169.4783	0.3231924	1.522119	2.249839
12102	-3425.884	-3595.161	169.2776	0.3598206	1.573814	2.295057
12108	-3425.23	-3594.585	169.3552	0.3598206	1.573814	2.245269
12114	-3432.539	-3602.014	169.4747	0.3952866	1.383275	2.245269
12120	-3409.422	-3578.826	169.4041	0.3383581	1.571583	2.244397
12126	-3412.475	-3581.935	169.4603	0.3664805	1.53428	2.194104
12132	-3421.443	-3589.117	167.6734	0.4867949	1.30858	3.29193
12138	-3411.521	-3580.097	168.576	0.5004354	1.391781	2.685872
12144	-3410.326	-3577.672	167.346	0.4065524	1.324822	3.558183
12150	-3415.42	-3583.43	168.01	0.4065524	1.282594	3.193226
12156	-3427.71	-3595.204	167.4941	0.3300548	1.304297	3.57482
12162	-3410.129	-3578.854	168.7249	0.3754201	1.338222	2.766714
12168	-3419.479	-3587.683	168.2041	0.3796412	1.317629	3.08816
12174	-3423.866	-3592.533	168.6674	0.4495892	1.321676	2.726306
12180	-3425.568	-3594.242	168.6739	0.3982847	1.360923	2.756486
12186	-3416.685	-3585.947	169.2621	0.4459568	1.525689	2.229661
12192	-3418.68	-3587.884	169.2043	0.4588697	1.505536	2.265038
12198	-3420.735	-3590.229	169.4937	0.3048945	1.537265	2.256779
12204	-3413.957	-3583.828	169.8706	0.2930381	1.573768	2.004757
12210	-3408.053	-3577.767	169.7136	0.3236024	1.660746	2.004757
12216	-3410.936	-3580.874	169.9382	0.2985015	1.618534	1.920726
12222	-3413.9	-3583.045	169.1448	0.3792009	1.608989	2.332151
12228	-3416.174	-3585.952	169.7788	0.4473138	1.48145	1.916515
12234	-3422.653	-3592.084	169.4308	0.415365	1.586558	2.116946
12240	-3427.7	-3597.851	170.1511	0.4097942	1.601744	1.620992
12246	-3421.423	-3590.859	169.436	0.4030804	1.522003	2.17085
12252	-3434.414	-3603.497	169.083	0.4139608	1.330743	2.504026
12258	-3413.788	-3581.837	168.0489	0.4289757	1.304867	3.131939
12264	-3408.711	-3576.636	167.9254	0.4356784	1.336876	3.179006
12270	-3410.409	-3579.02	168.6104	0.433174	1.384355	2.740936
12276	-3410.986	-3580.52	169.5332	0.4142946	1.604067	2.039341
12282	-3420.908	-3590.785	169.8776	0.410583	1.572338	1.833249
12288	-3411.632	-3581.413	169.7804	0.410583	1.653719	1.844083
12294	-3413.154	-3583.187	170.033	0.4880181	1.774355	1.477703
12300	-3416.658	-3586.832	170.1741	0.4168268	1.758227	1.478668
12306	-3419.496	-3589.562	170.0667	0.4965376	1.77002	1.444559
12312	-3417.77	-3587.093	169.3226	0.474816	1.579039	2.122884
12318	-3412.337	-3581.374	169.0373	0.3372227	1.509787	2.517295
12324	-3408.54	-3577.655	169.1155	0.3669041	1.567283	2.392975
12330	-3407.879	-3577.399	169.5201	0.3721931	1.493102	2.174521
12336	-3418.222	-3587.402	169.1805	0.4188057	1.526666	2.31314
12342	-3414.016	-3583.195	169.1794	0.4444648	1.604984	2.233549
12348	-3416.358	-3585.389	169.0317	0.4444648	1.65268	2.297722
12354	-3411.4	-3580.811	169.4116	0.3809562	1.540882	2.202465
12360	-3418.247	-3586.985	168.7379	0.3294119	1.575881	2.672337
12366	-3403.389	-3573.141	169.7519	0.3290974	1.638116	1.986206
12372	-3426.132	-3595.406	169.2739	0.4117638	1.633445	2.193017
12378	-3427.737	-3597.299	169.5618	0.3712984	1.597788	2.080046
12384	-3419.776	-3588.137	168.3605	0.4227411	1.32712	2.93901
12390	-3420.813	-3589.604	168.7909	0.3450539	1.489217	2.672268
12396	-3415.926	-3584.843	168.917	0.4686163	1.495274	2.443167
12402	-3415.481	-3584.89	169.4092	0.3359018	1.558741	2.252769
12408	-3417.518	-3586.788	169.2694	0.4281406	1.505227	2.258901
12414	-3413.395	-3582.782	169.387	0.4281406	1.567015	2.142845
12420	-3424.602	-3593.625	169.0235	0.3349585	1.43192	2.577362
12426	-3421.413	-3590.006	168.5933	0.3692997	1.576758	2.708885
12432	-3416.762	-3586.108	169.346	0.3656868	1.6009	2.225973
12438	-3410.959	-3579.877	168.9181	0.3357749	1.437541	2.637989
12444	-3413.101	-3582.145	169.0433	0.4416899	1.48084	2.402663
12450	-3418.127	-3586.813	168.686	0.4379546	1.432932	2.659375
12456	-3418.348	-3586.989	168.6416	0.4521265	1.353755	2.719711
12462	-3413.752	-3583.129	169.3773	0.3811141	1.537104	2.226862
12468	-3423.068	-3592.498	169.4298	0.3475143	1.567066	2.218175
12474	-3421.802	-3590.893	169.0916	0.4257139	1.472918	2.395584
12480	-3413.384	-3581.934	168.5501	0.4372652	1.495417	2.705278
12486	-3418.525	-3587.641	169.1156	0.4069325	1.362015	2.472419
12492	-3418.729	-3587.676	168.9469	0.3265195	1.347786	2.687997
12498	-3410.811	-3579.825	169.0141	0.4311391	1.523845	2.40606
12504	-3411.871	-3580.623	168.7519	0.4285879	1.418853	2.637983
12510	-3413.706	-3582.573	168.867	0.397268	1.481585	2.564492
12516	-3409.233	-3578.457	169.2244	0.3492877	1.515874	2.379713
12522	-3408.305	-3577.244	168.9392	0.3433756	1.450484	2.606898
12528	-3424.866	-3594.089	169.2233	0.4429192	1.491603	2.279967
12534	-3435.143	-3603.462	168.3192	0.5134882	1.413154	2.816694
12540	-3421.705	-3590.292	168.5862	0.4067811	1.358366	2.80157
12546	-3424.917	-3593.349	168.4325	0.4783686	1.383107	2.80157
12552	-3430.271	-3598.959	168.688	0.3247959	1.424712	2.80157
12558	-3420.969	-3589.912	168.943	0.3499311	1.491956	2.570191
12564	-3430.104	-3599.31	169.2062	0.3107541	1.510826	2.447679
12570	-3416.674	-3586.215	169.5416	0.3320359	1.544658	2.181835
12576	-3415.367	-3584.898	169.5311	0.4319187	1.576527	2.03732
12582	-3417.449	-3586.608	169.1586	0.4823845	1.457993	2.298776
12588	-3419.348	-3588.497	169.1492	0.4002569	1.479986	2.38502
12594	-3412.896	-3581.553	168.6571	0.4274438	1.359083	2.73427
12600	-3420.788	-3588.973	168.1857	0.2885505	1.369795	3.186172
12606	-3422.351	-3590.344	167.9937	0.4048588	1.313984	3.186172
12612	-3427.415	-3596.362	168.9468	0.3775128	1.49954	2.527889
12618	-3417.324	-3586.414	169.0903	0.4969045	1.31964	2.414466
12624	-3409.802	-3579.51	169.7078	0.3940457	1.492455	2.023242
12630	-3419.305	-3589.27	169.9656	0.4324667	1.703432	1.650978
12636	-3421.145	-3591.013	169.8684	0.5304354	1.675312	1.621243
12642	-3425.962	-3595.721	169.7582	0.3274096	1.686722	1.951871
12648	-3439.736	-3609.687	169.9513	0.4425851	1.683148	1.662585
12654	-3418.285	-3586.826	168.5409	0.3357432	1.336449	2.929615
12660	-3413.101	-3581.549	168.4486	0.3900787	1.316892	2.929615
12666	-3400.704	-3569.041	168.3369	0.3996726	1.435492	2.914175
12672	-3407.375	-3575.975	168.6001	0.3655598	1.371353	2.834706
12678	-3414.329	-3582.861	168.5324	0.3655598	1.439022	2.834706
12684	-3407.431	-3577.225	169.7943	0.4264112	1.564737	1.875191
12690	-3409.603	-3579.061	169.4579	0.4154571	1.463705	2.179241
12696	-3410.959	-3580.461	169.5019	0.3606029	1.504367	2.194395
12702	-3414.636	-3582.93	168.2942	0.3989069	1.254117	3.049683
12708	-3410.588	-3578.608	168.0205	0.3940395	1.372494	3.147937
12714	-3413.838	-3581.942	168.1048	0.4039764	1.314236	3.120998
12720	-3422.188	-3590.949	168.7607	0.4175688	1.48666	2.603302
12726	-3415.552	-3584.247	168.6944	0.4539911	1.48666	2.603302
12732	-3411.071	-3579.335	168.2644	0.3619296	1.398683	3.025139
12738	-3413.249	-3582.289	169.0399	0.3619296	1.462503	2.512698
12744	-3421.474	-3590.198	168.7241	0.494343	1.489019	2.540453
12750	-3416.689	-3584.254	167.5644	0.4533763	1.234498	3.433325
12756	-3417.593	-3585.301	167.7081	0.3455876	1.234498	3.47125
12762	-3419.622	-3588.307	168.6847	0.4623163	1.492384	2.596706
12768	-3427.257	-3596.828	169.5707	0.4512664	1.530935	2.018154
12774	-3413.517	-3582.634	169.1178	0.4789735	1.530292	2.282319
12780	-3419.054	-3588.304	169.2504	0.3033542	1.432038	2.479979
12786	-3425.116	-3592.372	167.2564	0.3626187	1.175678	3.74689
12792	-3428.902	-3595.778	166.8764	0.3913731	1.183297	3.927836
12798	-3430.748	-3597.587	166.8392	0.3071715	1.18375	4.05064
12804	-3433.086	-3599.635	166.5496	0.5536308	1.106687	3.99816
12810	-3419.281	-3586.977	167.6957	0.3227935	1.229153	3.510491
12816	-3419.625	-3586.461	166.8357	0.3546042	1.198213	3.985125
12822	-3424.417	-3593.184	168.7665	0.2999489	1.298387	2.864854
12828	-3421.705	-3589.587	167.8823	0.3918147	1.223212	3.320514
12834	-3416.594	-3586.325	169.7304	0.3857502	1.765348	1.834784
12840	-3420.454	-3589.802	169.3478	0.3857502	1.64278	2.17163
12846	-3430.365	-3599.909	169.5437	0.3663311	1.689326	2.038205
12852	-3422.528	-3591.864	169.3358	0.2857006	1.50241	2.408258
12858	-3422.423	-3591.941	169.5183	0.3756371	1.56723	2.122894
12864	-3405.098	-3574.691	169.593	0.4136465	1.666464	1.95864
12870	-3418.679	-3586.804	168.125	0.3761889	1.338392	3.127028
12876	-3428.162	-3596.291	168.1288	0.305545	1.316153	3.228021
12882	-3416.834	-3585.156	168.3223	0.3870848	1.301254	3.018421
12888	-3422.906	-3591.894	168.988	0.4389125	1.384558	2.501013
12894	-3419	-3587.622	168.6216	0.4459681	1.298124	2.772623
12900	-3422.81	-3591.553	168.7424	0.504011	1.385742	2.583302
12906	-3427.292	-3595.781	168.4886	0.4331648	1.352721	2.834411
12912	-3415.256	-3585.039	169.7839	0.3106419	1.628435	1.998822
12918	-3416.012	-3585.664	169.6526	0.4156132	1.65411	1.92436
12924	-3414.41	-3583.702	169.2927	0.3547758	1.500345	2.338938
12930	-3415.431	-3584.646	169.2149	0.375906	1.445853	2.395348
12936	-3424.777	-3593.255	168.4776	0.3266083	1.260606	3.02523
12942	-3436.676	-3604.063	167.3865	0.386425	1.164877	3.650193
12948	-3424.468	-3591.757	167.2885	0.4824556	1.114074	3.634805
12954	-3423.607	-3591.614	168.0066	0.3363852	1.268973	3.287407
12960	-3424.852	-3592.697	167.8446	0.3094707	1.260572	3.422715
12966	-3422.435	-3589.794	167.3592	0.3094707	1.110666	3.791541
12972	-3404.217	-3571.939	167.7212	0.4392414	1.146458	3.407862
12978	-3409.872	-3577.5	167.6282	0.3490002	1.31148	3.468742
12984	-3404.85	-3572.876	168.0268	0.4298488	1.256325	3.172976
12990	-3413.361	-3581.306	167.9446	0.4298488	1.182643	3.26528
12996	-3399.991	-3567.7	167.7085	0.4483168	1.308168	3.310766
13002	-3405.2	-3572.898	167.6988	0.5018675	1.226038	3.310766
13008	-3405.899	-3573.214	167.3152	0.5117387	1.205915	3.537692
13014	-3414.737	-3581.695	166.9577	0.3832131	1.18815	3.887663
13020	-3415.804	-3582.558	166.754	0.4528987	1.215648	3.913876
13026	-3409.844	-3577.563	167.7186	0.4528987	1.122055	3.40934
13032	-3407.648	-3575.229	167.5812	0.3768807	1.284423	3.478458
13038	-3404.525	-3573.249	168.724	0.4051669	1.346087	2.726839
13044	-3408.762	-3578.119	169.3569	0.3284299	1.43117	2.37788
13050	-3421.946	-3590.894	168.9481	0.4611498	1.463746	2.451619
13056	-3409.728	-3579.469	169.7404	0.3221291	1.399599	2.161098
13062	-3414.957	-3584.259	169.3024	0.4099165	1.520693	2.249623
13068	-3412.658	-3582.077	169.419	0.3506227	1.422522	2.313624
13074	-3416.877	-3586.195	169.3179	0.3697862	1.647443	2.20868
13080	-3409.022	-3578.249	169.2272	0.475503	1.51953	2.222754
13086	-3414.262	-3583.508	169.2453	0.4864601	1.487768	2.219596
13092	-3408.456	-3577.466	169.0097	0.408238	1.33259	2.555317
13098	-3410.263	-3579.355	169.0927	0.4623222	1.407011	2.394991
13104	-3429.301	-3598.188	168.8876	0.5429495	1.529417	2.363123
13110	-3414.407	-3583.307	168.9	0.4456919	1.470974	2.494347
13116	-3414.2	-3582.951	168.7507	0.4456919	1.444164	2.603917
13122	-3413.663	-3583.76	170.0965	0.3553411	1.720822	1.65251
13128	-3407.794	-3577.94	170.1457	0.3553411	1.811801	1.550568
13134	-3412.826	-3582.976	170.1496	0.3898867	1.811801	1.495704
13140	-3405.081	-3574.769	169.6887	0.4349523	1.56233	1.937822
13146	-3410.114	-3579.126	169.0115	0.4085199	1.400802	2.51136
13152	-3416.623	-3585.343	168.7201	0.3735615	1.381123	2.745773
13158	-3412.46	-3581.933	169.473	0.463183	1.429312	2.135624
13164	-3410.454	-3579.856	169.4025	0.3880343	1.530518	2.205998
13170	-3411.809	-3581.231	169.4222	0.4370782	1.523015	2.137927
13176	-3414.03	-3583.476	169.4461	0.4108258	1.554935	2.133209
13182	-3418.417	-3587.186	168.7695	0.5019379	1.491193	2.502957
13188	-3418.722	-3587.876	169.1533	0.4512648	1.571003	2.264352
13194	-3414.138	-3582.441	168.3031	0.3300882	1.330045	3.083443
13200	-3424.515	-3592.552	168.0372	0.3970418	1.272964	3.193646
13206	-3422.342	-3589.708	167.3669	0.3746241	1.129837	3.695455
13212	-3418.277	-3586.581	168.304	0.3963732	1.230592	3.060805
13218	-3412.954	-3579.48	166.5258	0.3963732	1.121596	4.15756
13224	-3413.123	-3580.477	167.3538	0.4789854	1.191785	3.555212
13230	-3421.98	-3590.086	168.106	0.4296164	1.232623	3.14027
13236	-3417.082	-3585.058	167.9751	0.4095253	1.36148	3.163729
13242	-3416.539	-3584.935	168.3959	0.3893307	1.416241	2.902318
13248	-3408.309	-3575.858	167.5487	0.3709026	1.33501	3.474957
13254	-3423.721	-3592.836	169.1148	0.4037041	1.602835	2.324694
13260	-3409.988	-3579.935	169.9476	0.3591976	1.803209	1.69426
13266	-3412.758	-3582.848	170.0892	0.3924658	1.803209	1.543345
13272	-3427.647	-3596.615	168.9682	0.3749347	1.488204	2.524863
13278	-3417.603	-3586.084	168.4813	0.3611277	1.437404	2.872236
13284	-3421.599	-3590.688	169.0889	0.3693746	1.571927	2.403681
13290	-3419.08	-3587.791	168.7102	0.3038654	1.436813	2.809527
13296	-3418.656	-3587.754	169.098	0.2945812	1.436813	2.584758
13302	-3426.269	-3595.055	168.7864	0.3101364	1.343934	2.810862
13308	-3420.004	-3588.455	168.4504	0.3885491	1.386216	2.888446
13314	-3427.736	-3596.532	168.796	0.3885491	1.469973	2.626168
13320	-3421.119	-3590.034	168.9146	0.3588369	1.460687	2.595649
13326	-3414.864	-3583.712	168.8489	0.4323522	1.383445	2.595649
13332	-3414.16	-3583.67	169.5104	0.3422197	1.470765	2.235569
13338	-3419.241	-3588.478	169.2373	0.40126	1.506672	2.310867
13344	-3410.106	-3579.181	169.0748	0.3640944	1.499931	2.464616
13350	-3420.081	-3588.882	168.8008	0.3889278	1.363455	2.688411
13356	-3427.737	-3596.537	168.8005	0.3014518	1.437544	2.75743
13362	-3433.543	-3601.905	168.3616	0.3071403	1.36161	3.06042
13368	-3432.921	-3600.982	168.0608	0.3400539	1.160475	3.314741
13374	-3436.6	-3604.691	168.0909	0.3911793	1.267593	3.171718
13380	-3428.619	-3596.279	167.6601	0.3648636	1.290733	3.442938
13386	-3427.648	-3594.418	166.7696	0.366561	1.194269	4.011031
13392	-3417.91	-3586.721	168.8112	0.3537778	1.410513	2.696851
13398	-3419.974	-3588.769	168.7949	0.3385546	1.435647	2.711262
13404	-3422.698	-3591.939	169.2413	0.4131454	1.556966	2.261677
13410	-3408.624	-3578.378	169.7544	0.4722288	1.629166	1.802343
13416	-3418.084	-3588.058	169.9746	0.3876793	1.705558	1.703519
13422	-3423.599	-3593.806	170.207	0.3876793	1.723022	1.522366
13428	-3415.907	-3585.99	170.0827	0.520894	1.940376	1.26519
13434	-3403.478	-3573.402	169.9239	0.3730026	1.818111	1.680436
13440	-3402.692	-3572.565	169.8729	0.4755291	1.678777	1.680436
13446	-3422.022	-3591.435	169.4131	0.4755291	1.638297	2.023417
13452	-3411.914	-3581.354	169.4402	0.4176885	1.503264	2.162352
13458	-3417.9	-3587.079	169.1796	0.3852296	1.513263	2.363283
13464	-3413.776	-3583.263	169.4871	0.3637612	1.677699	2.086683
13470	-3411.185	-3580.518	169.3324	0.3637612	1.553871	2.267516
13476	-3412.851	-3582.276	169.4247	0.4107209	1.596278	2.120355
13482	-3416.722	-3586.56	169.8381	0.3163283	1.641903	1.944877
13488	-3415.361	-3585.314	169.9531	0.3952278	1.702655	1.710381
13494	-3411.28	-3581.212	169.9314	0.4102948	1.694465	1.711061
13500	-3411.351	-3581.162	169.8106	0.4237499	1.701723	1.77304
13506	-3427.418	-3596.895	169.4775	0.4120965	1.740799	1.988196
13512	-3415.714	-3585.706	169.9913	0.3478786	1.801536	1.681198
13518	-3412.45	-3582.379	169.9288	0.4692278	1.724488	1.615245
13524	-3412.105	-3581.98	169.8746	0.2997564	1.716197	1.895644
13530	-3406.858	-3576.619	169.761	0.3716622	1.701229	1.87698
13536	-3421.041	-3590.614	169.5727	0.4867625	1.76923	1.813993
13542	-3427.656	-3597.049	169.3932	0.4175617	1.641126	2.103116
13548	-3420.026	-3589.387	169.361	0.4175617	1.548055	2.184811
13554	-3419.855	-3589.418	169.5622	0.393581	1.487999	2.12273
13560	-3418.408	-3587.765	169.3567	0.4823357	1.523325	2.128674
13566	-3430.727	-3598.593	167.8662	0.3839959	1.35075	3.263865
13572	-3428.748	-3596.806	168.0576	0.4134034	1.261256	3.169949
13578	-3411.958	-3580.385	168.4276	0.3830566	1.296775	2.962725
13584	-3422.049	-3590.551	168.5027	0.4072068	1.34953	2.857173
13590	-3422.214	-3591.492	169.2784	0.2982132	1.462187	2.45102
13596	-3416.057	-3585.316	169.2598	0.4555316	1.378961	2.314263
13602	-3417.676	-3587.005	169.3292	0.3675869	1.476169	2.314263
13608	-3417.928	-3587.335	169.4072	0.4473934	1.549235	2.118433
13614	-3425.399	-3594.816	169.4163	0.3302863	1.444862	2.328903
13620	-3412.912	-3582	169.0873	0.4448419	1.374903	2.438134
13626	-3418.698	-3587.447	168.749	0.3152107	1.288172	2.860438
13632	-3416.017	-3585.265	169.2488	0.3178338	1.370358	2.498979
13638	-3423.741	-3593.42	169.679	0.3369191	1.528553	2.095776
13644	-3423.788	-3593.377	169.589	0.3290732	1.528553	2.165696
13650	-3416.372	-3586.179	169.807	0.4314107	1.639439	1.808891
13656	-3422.759	-3592.598	169.839	0.4139533	1.63989	1.808891
13662	-3421.982	-3591.59	169.6085	0.3557035	1.489052	2.141674
13668	-3422.428	-3592.156	169.7284	0.373345	1.64645	1.933869
13674	-3426.548	-3596.576	170.028	0.3488166	1.64645	1.763212
13680	-3423.453	-3593.471	170.0181	0.3516702	1.696967	1.730592
13686	-3431.058	-3601.222	170.1646	0.3303156	1.741623	1.627021
13692	-3420.116	-3589.987	169.8711	0.3158874	1.712794	1.875168
13698	-3422.746	-3592.531	169.7848	0.3768533	1.638844	1.896113
13704	-3423.786	-3591.47	167.6845	0.3736725	1.251993	3.440828
13710	-3422.228	-3591.682	169.4541	0.4222117	1.580902	2.09704
13716	-3424.398	-3593.849	169.4505	0.3911251	1.584783	2.13562
13722	-3415.275	-3585.407	170.1327	0.3911251	1.739929	1.559846
13728	-3427.015	-3597.221	170.2061	0.2701445	1.777697	1.672079
13734	-3435.428	-3605.31	169.8825	0.315217	1.838368	1.781985
13740	-3426.969	-3596.981	170.0115	0.4130752	1.819462	1.559486
13746	-3425.219	-3594.957	169.7378	0.3920801	1.627215	1.915382
13752	-3438.14	-3607.558	169.4182	0.5161744	1.710375	1.926502
13758	-3423.408	-3593.19	169.7822	0.3623527	1.632275	1.922304
13764	-3423.988	-3593.72	169.7323	0.3623527	1.682152	1.922304
13770	-3420.559	-3590.374	169.8148	0.3479192	1.750405	1.840174
13776	-3429.17	-3599.011	169.8411	0.4064585	1.750405	1.740409
13782	-3426.298	-3596.39	170.0921	0.3872203	1.750405	1.587588
13788	-3415.493	-3585.519	170.0255	0.2649661	1.747478	1.828783
13794	-3426.784	-3593.898	167.1146	0.3864589	1.191469	3.791848
13800	-3420.547	-3589.993	169.4463	0.415144	1.621662	2.08406
13806	-3430.628	-3600.721	170.093	0.3495531	1.8522	1.568601
13812	-3428.324	-3598.018	169.6942	0.4155382	1.731895	1.843159
13818	-3413.916	-3583.473	169.5566	0.380839	1.623919	2.053553
13824	-3405.891	-3575.208	169.3172	0.3349397	1.546186	2.321027
13830	-3419.19	-3587.148	167.9579	0.4960525	1.339702	3.095594
13836	-3415.917	-3583.537	167.6205	0.3792727	1.369458	3.40293
13842	-3417.392	-3585.601	168.2088	0.4265369	1.427986	2.965346
13848	-3410.908	-3578.17	167.2614	0.4577656	1.291202	3.572489
13854	-3406.737	-3575.508	168.7709	0.3633918	1.430745	2.696912
13860	-3417.067	-3585.324	168.2561	0.3633918	1.396688	3.0295
13866	-3417.769	-3585.013	167.244	0.3509998	1.223792	3.740227
13872	-3408.915	-3578.177	169.2624	0.4199217	1.476865	2.291328
13878	-3414.726	-3583.968	169.2422	0.3513904	1.468548	2.395613
13884	-3414.021	-3583.5	169.4788	0.4328918	1.484117	2.131317
13890	-3415.97	-3584.812	168.8425	0.402793	1.378224	2.637049
13896	-3411.841	-3580.78	168.9384	0.4870258	1.435467	2.447606
13902	-3412.288	-3580.894	168.6057	0.5211602	1.41346	2.633484
13908	-3416.988	-3585.857	168.869	0.4249509	1.440746	2.556056
13914	-3413.998	-3582.381	168.3833	0.4220168	1.356112	2.908559
13920	-3404.305	-3572.795	168.4899	0.3603017	1.370384	2.908559
13926	-3416.62	-3584.95	168.3295	0.3791873	1.43471	2.943352
13932	-3429.5	-3599.081	169.5806	0.4005815	1.615699	2.017491
13938	-3418.546	-3587.997	169.4508	0.3127938	1.546712	2.266669
13944	-3413.801	-3583.106	169.3048	0.3757781	1.55834	2.266669
13950	-3430.518	-3596.96	166.4415	0.2633689	1.069869	4.400623
13956	-3420.421	-3587.127	166.7063	0.3263005	1.061329	4.171499
13962	-3421.268	-3590.23	168.9615	0.4165293	1.460621	2.495824
13968	-3415.574	-3584.241	168.667	0.3645127	1.392147	2.782697
13974	-3434.659	-3603.396	168.737	0.416212	1.295623	2.736947
13980	-3436.345	-3605.156	168.8105	0.3787294	1.51864	2.599145
13986	-3420.136	-3589.049	168.9128	0.3787294	1.392781	2.613758
13992	-3427.322	-3596.134	168.8117	0.3865677	1.397538	2.663553
13998	-3428.379	-3596.821	168.4422	0.5298836	1.342396	2.768853
14004	-3416.65	-3585.444	168.7937	0.4882599	1.314155	2.612047
14010	-3409.613	-3578.969	169.3565	0.3286159	1.486085	2.343071
14016	-3414.685	-3583.665	168.9803	0.6010419	1.446076	2.301568
14022	-3407.909	-3574.974	167.0656	0.3583021	1.184072	3.857065
14028	-3414.742	-3582.502	167.7599	0.4304672	1.287536	3.311618
14034	-3417.957	-3586.302	168.3444	0.3493775	1.512848	2.924154
14040	-3415.011	-3584.104	169.0925	0.4119937	1.490612	2.400037
14046	-3417.664	-3586.44	168.776	0.4278995	1.375214	2.650834
14052	-3419.328	-3588.689	169.3613	0.3412144	1.537186	2.289975
14058	-3418.938	-3588.015	169.0767	0.3612482	1.462264	2.490722
14064	-3406.564	-3575.613	169.0489	0.3691704	1.500928	2.473764
14070	-3412.032	-3580.668	168.6357	0.294557	1.444108	2.863474
14076	-3416.754	-3584.447	167.6927	0.3778314	1.347177	3.375362
14082	-3425.079	-3592.352	167.2729	0.3669028	1.29081	3.66573
14088	-3407.666	-3575.825	168.159	0.393698	1.26049	3.132565
14094	-3405.384	-3573.535	168.1507	0.397631	1.271039	3.126674
14100	-3419.612	-3586.975	167.363	0.3905527	1.197973	3.639934
14106	-3417.196	-3585.798	168.6019	0.3997742	1.322035	2.822307
14112	-3422.679	-3590.898	168.2186	0.3783922	1.347814	3.062984
14118	-3422.657	-3590.013	167.3558	0.4254886	1.283468	3.555896
14124	-3415.263	-3582.034	166.7702	0.3616321	1.220729	4.001329
14130	-3429.935	-3596.957	167.0227	0.372625	1.444266	3.714963
14136	-3425.522	-3593.64	168.1182	0.339266	1.348774	3.170542
14142	-3420.735	-3589.441	168.7062	0.3122806	1.624293	2.685562
14148	-3422.514	-3591.454	168.9404	0.442725	1.468269	2.47413
14154	-3433.123	-3602.124	169.0011	0.3958154	1.506431	2.467085
14160	-3412.377	-3581.446	169.0692	0.3958154	1.450912	2.459195
14166	-3416.467	-3585.64	169.173	0.3106242	1.35096	2.568416
14172	-3446.096	-3614.66	168.5641	0.3696154	1.287563	2.902213
14178	-3437.264	-3605.754	168.4896	0.3680211	1.357462	2.906958
14184	-3414.964	-3584.467	169.5022	0.4592744	1.522083	2.060046
14190	-3417.93	-3584.853	166.9231	0.3849834	1.136419	3.935154
14196	-3418.428	-3586.179	167.7513	0.4706601	1.187673	3.333444
14202	-3409.151	-3577.684	168.5328	0.4447312	1.325585	2.811347
14208	-3406.976	-3574.46	167.4846	0.4990502	1.240899	3.430526
14214	-3406.799	-3574.867	168.068	0.4340164	1.326202	3.102359
14220	-3428.157	-3595.128	166.9707	0.481705	1.256037	3.737276
14226	-3410.634	-3578.5	167.8662	0.3494672	1.259784	3.359023
14232	-3425.675	-3593.695	168.0196	0.2749374	1.346008	3.317843
14238	-3415.413	-3583.2	167.7871	0.417656	1.307222	3.29801
14244	-3409.226	-3577.707	168.4815	0.417656	1.353446	2.855664
14250	-3418.669	-3586.621	167.952	0.4032243	1.285618	3.22955
14256	-3407.856	-3575.139	167.2834	0.4732054	1.183731	3.606518
14262	-3424.149	-3592.766	168.6169	0.3908416	1.340143	2.812704
14268	-3412.637	-3580.214	167.5771	0.3908416	1.481949	3.348984
14274	-3415.334	-3582.719	167.3856	0.4524058	1.267708	3.519357
14280	-3409.968	-3578.305	168.3374	0.3939208	1.507068	2.877357
14286	-3421.185	-3590.831	169.6467	0.3437497	1.544664	2.096764
14292	-3418.949	-3588.752	169.8029	0.4142007	1.703251	1.789697
14298	-3411.458	-3581.098	169.6403	0.4629564	1.684913	1.8535
14304	-3409.341	-3579.126	169.7851	0.3811974	1.563659	1.940885
14310	-3408.784	-3578.373	169.5886	0.3811974	1.546997	2.082717
14316	-3412.845	-3581.735	168.8896	0.4324501	1.484303	2.507525
14322	-3410.34	-3579.3	168.9602	0.41061	1.496422	2.481217
14328	-3418.739	-3587.851	169.1115	0.4832079	1.498056	2.302408
14334	-3428.149	-3597.516	169.3675	0.4277917	1.498056	2.200711
14340	-3411.212	-3580.956	169.7447	0.4590277	1.622714	1.829268
14346	-3407.447	-3577.458	170.011	0.4285055	1.730801	1.603675
14352	-3403.226	-3573.219	169.9925	0.4384375	1.756613	1.585136
14358	-3390.439	-3560.01	169.5703	0.3863624	1.48662	2.127585
14364	-3404.681	-3574.404	169.7223	0.3869744	1.698759	1.884146
14370	-3404.845	-3574.979	170.1345	0.3042338	1.712173	1.711428
14376	-3425.821	-3595.74	169.9193	0.4195699	1.867775	1.58275
14382	-3411.906	-3581.641	169.7343	0.4153049	1.69453	1.841627
14388	-3410.473	-3580.365	169.8916	0.4323502	1.592299	1.781774
14394	-3410.22	-3579.12	168.9001	0.4358145	1.438894	2.525461
14400	-3406.663	-3574.897	168.2333	0.3175271	1.36369	3.121605
14406	-3410.215	-3578.707	168.4912	0.420014	1.375323	2.833842
14412	-3410.324	-3579.08	168.7559	0.3377362	1.356294	2.784656
14418	-3403.118	-3572.69	169.5723	0.4200484	1.557107	2.037392
14424	-3416.447	-3586.074	169.6264	0.3932013	1.576987	2.022277
14430	-3424.322	-3594.407	170.0853	0.3835052	1.771669	1.58237
14436	-3420.612	-3590.435	169.8228	0.3722423	1.596703	1.905188
14442	-3418.384	-3588.055	169.6713	0.4749718	1.557304	1.905188
14448	-3407.27	-3577.208	169.9386	0.3884129	1.706028	1.727591
14454	-3417.175	-3586.984	169.8083	0.4275035	1.652845	1.80368
14460	-3428.037	-3597.717	169.6801	0.4843153	1.642755	1.830008
14466	-3422.639	-3592.809	170.1696	0.490224	1.730277	1.404007
14472	-3420.167	-3590.414	170.2471	0.4676951	1.765013	1.345961
14478	-3423.349	-3593.551	170.2022	0.5173183	1.828433	1.263712
14484	-3415.732	-3586.094	170.3627	0.5173183	1.907984	1.051998
14490	-3407.979	-3578.295	170.3158	0.5252253	1.943043	1.05122
14496	-3414.491	-3585.111	170.6207	0.3698368	1.982159	0.9873064
14502	-3421.632	-3591.808	170.1764	0.4782174	1.849735	1.320282
14508	-3426.193	-3596.477	170.2843	0.5051818	1.870172	1.175465
14514	-3426.851	-3595.947	169.0953	0.3850901	1.528524	2.407131
14520	-3422.6	-3591.654	169.0535	0.4299713	1.591137	2.339783
14526	-3413.377	-3582.278	168.9013	0.455667	1.409474	2.520917
14532	-3410.859	-3579.066	168.2068	0.4674383	1.30233	2.998117
14538	-3416.713	-3584.851	168.138	0.453926	1.394832	2.998117
14544	-3411.53	-3579.379	167.8489	0.4721713	1.317521	3.197593
14550	-3407.12	-3575.17	168.05	0.3675408	1.330151	3.186908
14556	-3413.75	-3580.097	166.3471	0.3427466	1.246175	4.250187
14562	-3427.304	-3597.499	170.1954	0.5007168	1.778275	1.332094
14568	-3428.945	-3599.238	170.2928	0.5020192	1.876763	1.166843
14574	-3423.428	-3593.7	170.2717	0.449615	1.864046	1.271596
14580	-3417.905	-3588.117	170.2117	0.4475766	1.891388	1.301269
14586	-3408.815	-3579.04	170.2251	0.3665569	1.836708	1.455066
14592	-3422.365	-3592.435	170.0708	0.4533589	1.748688	1.513457
14598	-3423.316	-3593.567	170.251	0.4038618	1.813278	1.396371
14604	-3427.332	-3597.588	170.256	0.3803074	1.843004	1.405097
14610	-3424.281	-3594.472	170.1905	0.3642335	1.746599	1.55204
14616	-3424.488	-3594.203	169.7146	0.3771212	1.564796	1.992805
14622	-3437.579	-3607.323	169.7438	0.5348856	1.580735	1.77166
14628	-3428.848	-3597.559	168.7109	0.5348856	1.492145	2.505729
14634	-3418.244	-3587.759	169.5147	0.4038974	1.506825	2.128469
14640	-3413.064	-3582.977	169.9124	0.5415783	1.612931	1.621817
14646	-3411.142	-3580.84	169.6978	0.3585926	1.597874	2.007153
14652	-3420.61	-3590.542	169.9313	0.4084219	1.638009	1.753288
14658	-3424.568	-3594.472	169.904	0.4314662	1.622338	1.753288
14664	-3409.966	-3579.278	169.3121	0.3554337	1.5124	2.318024
14670	-3412.82	-3582.235	169.415	0.4830848	1.612581	2.030692
14676	-3418.722	-3587.562	168.8401	0.4830848	1.428517	2.51764
14682	-3419.782	-3588.617	168.835	0.2753446	1.579459	2.687568
14688	-3420.094	-3588.831	168.7365	0.3040048	1.458879	2.779823
14694	-3420.771	-3589.626	168.8549	0.4556769	1.33057	2.598768
14700	-3414.733	-3582.169	167.4361	0.458071	1.198329	3.524551
14706	-3411.68	-3577.885	166.2051	0.3937042	1.077323	4.367218
14712	-3424.47	-3593.724	169.2548	0.4003516	1.584571	2.250908
14718	-3424.989	-3594.748	169.7591	0.3148474	1.584571	2.038151
14724	-3400.784	-3570.797	170.0125	0.4046539	1.765348	1.609995
14730	-3409.3	-3579.375	170.0742	0.4900475	1.928088	1.323382
14736	-3410.466	-3580.869	170.403	0.3654696	1.757732	1.38038
14742	-3405.563	-3576.152	170.5887	0.321635	1.877197	1.207816
14748	-3414.55	-3585.026	170.476	0.3748783	1.877197	1.207816
14754	-3415.35	-3585.913	170.5628	0.3776133	2.052223	0.9586706
14760	-3403.986	-3574.646	170.6595	0.3624148	1.986382	0.9586706
14766	-3411.934	-3582.278	170.3443	0.5263184	2.099043	0.8544351
14772	-3400.262	-3570.614	170.3512	0.496045	2.147835	0.846722
14778	-3413.614	-3584.1	170.486	0.4571922	1.985619	0.9525333
14784	-3406.175	-3576.665	170.4907	0.3971366	1.953358	1.088373
14790	-3408.976	-3579.399	170.4221	0.3277148	1.883178	1.329299
14796	-3414.623	-3584.534	169.911	0.4763086	1.70039	1.636742
14802	-3422.073	-3591.789	169.7161	0.441216	1.56717	1.908358
14808	-3420.205	-3589.785	169.5798	0.3710183	1.633728	2.044783
14814	-3405.85	-3575.558	169.7082	0.4444244	1.628818	1.867847
14820	-3409.886	-3579.385	169.4992	0.3774716	1.633098	2.089819
14826	-3425.032	-3595.026	169.9946	0.3575656	1.655775	1.767214
14832	-3429.131	-3598.729	169.5976	0.3697505	1.560287	2.083237
14838	-3432.421	-3601.679	169.2578	0.3898754	1.66614	2.20954
14844	-3419.399	-3589.463	170.0644	0.4687865	1.84351	1.426044
14850	-3416.707	-3586.1	169.3927	0.4623554	1.48574	2.152154
14856	-3410.877	-3580.259	169.3823	0.43576	1.543433	2.152154
14862	-3407.951	-3577.847	169.8958	0.3711044	1.627426	1.835976
14868	-3411.764	-3581.38	169.6168	0.3752466	1.679218	1.984245
14874	-3415.945	-3585.315	169.3706	0.478714	1.500541	2.138515
14880	-3406.046	-3574.353	168.3072	0.3743972	1.414904	2.974461
14886	-3407.383	-3576.3	168.9165	0.3489342	1.383705	2.654844
14892	-3404.055	-3571.947	167.8921	0.4701971	1.364451	3.146133
14898	-3406.71	-3575.005	168.295	0.4269571	1.266837	3.009883
14904	-3426.051	-3594.638	168.5875	0.3854832	1.310001	2.855255
14910	-3413.609	-3583.278	169.6684	0.4684581	1.552307	1.918127
14916	-3413.931	-3583.029	169.0984	0.3741757	1.47354	2.45351
14922	-3414.279	-3583.619	169.34	0.4054686	1.41925	2.295951
14928	-3411.103	-3580.19	169.0869	0.4025647	1.453411	2.438269
14934	-3410.223	-3578.862	168.6382	0.37514	1.395301	2.785135
14940	-3405.073	-3573.958	168.8853	0.37514	1.519795	2.556525
14946	-3414.793	-3583.027	168.2344	0.4326634	1.405667	2.956643
14952	-3427.748	-3595.081	167.3333	0.526756	1.404099	3.397222
14958	-3425.588	-3593.392	167.8032	0.4295771	1.353053	3.24841
14964	-3422.74	-3592.239	169.4998	0.4132515	1.561888	2.090506
14970	-3411.182	-3580.274	169.0916	0.3673245	1.412816	2.504493
14976	-3416.699	-3585.157	168.458	0.3348186	1.409392	2.936834
14982	-3420.962	-3589.696	168.7339	0.4904715	1.409392	2.58787
14988	-3414.799	-3583.705	168.9067	0.3632597	1.500207	2.570402
14994	-3419.409	-3588.22	168.8109	0.4158977	1.492645	2.570402
15000	-3412.501	-3582.252	169.7515	0.3509833	1.492645	2.051887
15006	-3418.831	-3587.802	168.9717	0.3509833	1.53588	2.52366
15012	-3418.434	-3586.702	168.2678	0.3969651	1.443039	2.954423
15018	-3414.464	-3583.347	168.8832	0.3865443	1.527145	2.539126
15024	-3412.392	-3581.361	168.9684	0.3561399	1.444284	2.575939
15030	-3415.285	-3584.181	168.8959	0.3500469	1.387686	2.663605
15036	-3407.729	-3577.607	169.8777	0.3394196	1.565565	1.935407
15042	-3418.075	-3587.726	169.6506	0.3147791	1.451088	2.196677
15048	-3417.913	-3587.223	169.3098	0.313121	1.583389	2.332843
15054	-3416.161	-3584.779	168.618	0.412464	1.419013	2.73859
15060	-3407.454	-3576.408	168.9546	0.3044997	1.435338	2.659968
15066	-3419.108	-3588.584	169.4765	0.452231	1.39795	2.166289
15072	-3419.217	-3588.362	169.1449	0.3326881	1.345129	2.558931
15078	-3415.148	-3582.95	167.8025	0.4001528	1.259367	3.336706
15084	-3422.796	-3590.877	168.0804	0.4700416	1.315345	3.063319
15090	-3413.897	-3583.959	170.062	0.347516	1.687699	1.712295
15096	-3414.371	-3584.722	170.3504	0.372023	1.895841	1.301571
15102	-3421.122	-3591.411	170.2885	0.5008341	1.895841	1.155629
15108	-3422.088	-3592.422	170.3342	0.4871689	1.864095	1.163341
15114	-3417.47	-3587.72	170.2505	0.4384146	1.83986	1.32487
15120	-3420.304	-3590.348	170.0438	0.4330675	1.768248	1.546123
15126	-3415.477	-3585.687	170.2103	0.3620895	1.722647	1.558385
15132	-3410.067	-3579.732	169.6645	0.3566034	1.673077	1.98196
15138	-3405.892	-3575.632	169.7398	0.3391762	1.545362	2.041369
15144	-3407.406	-3576.373	168.9664	0.422963	1.352094	2.552938
15150	-3418.259	-3587.118	168.8581	0.4392279	1.430618	2.552938
15156	-3417.329	-3587.134	169.8048	0.376807	1.609132	1.902757
15162	-3417.6	-3587.529	169.9294	0.3229714	1.695517	1.836271
15168	-3422.155	-3591.566	169.4106	0.3649017	1.606423	2.181683
15174	-3409.598	-3579.396	169.7974	0.3592993	1.660158	1.897367
15180	-3407.31	-3577.141	169.8314	0.382075	1.537228	1.926286
15186	-3409.836	-3578.006	168.1694	0.4491287	1.334824	3.020363
15192	-3424.04	-3593.894	169.8544	0.3151683	1.633572	1.941279
15198	-3414.241	-3583.946	169.7047	0.3480508	1.633572	1.993501
15204	-3422.672	-3592.523	169.8514	0.3627533	1.760351	1.786666
15210	-3424.301	-3592.672	168.3712	0.3668179	1.396317	2.9564
15216	-3415.262	-3583.747	168.4854	0.309933	1.404893	2.9564
15222	-3423.549	-3592.432	168.8834	0.3328879	1.536677	2.602078
15228	-3409.242	-3578.42	169.1778	0.3711937	1.536677	2.367413
15234	-3408.173	-3577.531	169.3573	0.4656072	1.590748	2.102929
15240	-3404.898	-3574.116	169.2184	0.3634317	1.58079	2.323648
15246	-3411.084	-3580.544	169.4604	0.4405373	1.632284	2.036816
15252	-3421.638	-3590.371	168.7324	0.3694507	1.356646	2.758268
15258	-3418.633	-3585.61	166.9778	0.3536258	1.228224	3.887742
15264	-3419.73	-3587.015	167.2848	0.3625331	1.167969	3.735064
15270	-3408.006	-3575.382	167.3757	0.3602105	1.21143	3.660171
15276	-3420.613	-3588.266	167.6534	0.4351118	1.190009	3.426451
15282	-3405.973	-3573.256	167.2836	0.4351118	1.220892	3.623955
15288	-3412.771	-3580.497	167.7259	0.4531899	1.126687	3.402078
15294	-3406.188	-3574.827	168.6388	0.4531899	1.206262	2.810276
15300	-3411.958	-3579.927	167.9684	0.4794768	1.221873	3.176021
15306	-3423.001	-3591.515	168.5137	0.3421745	1.301826	2.958544
15312	-3432.751	-3601.696	168.9448	0.3999142	1.337739	2.602287
15318	-3432.099	-3601.204	169.1051	0.41312	1.515787	2.374778
15324	-3418.147	-3587.69	169.5437	0.4074138	1.524196	2.093693
15330	-3424.583	-3593.977	169.3946	0.4074545	1.593747	2.145663
15336	-3404.881	-3573.988	169.1063	0.3048567	1.501597	2.524389
15342	-3419.009	-3588.141	169.1323	0.4275693	1.392554	2.418464
15348	-3415.158	-3583.908	168.7496	0.3766449	1.438033	2.68899
15354	-3426.323	-3594.263	167.9398	0.4173185	1.398193	3.154181
15360	-3425.638	-3594.573	168.9357	0.426924	1.546279	2.446191
15366	-3425.245	-3594.342	169.0966	0.4124212	1.515654	2.381094
15372	-3435.354	-3603.131	167.7768	0.4200168	1.302044	3.304518
15378	-3416.341	-3583.853	167.5118	0.4794374	1.213157	3.450147
15384	-3416.316	-3584.034	167.7181	0.3313646	1.304368	3.442452
15390	-3419.532	-3587.045	167.5127	0.3950814	1.414944	3.421197
15396	-3404.509	-3572.697	168.188	0.3588913	1.338053	3.110716
15402	-3414.775	-3583.583	168.8081	0.3247071	1.433968	2.722728
15408	-3417.523	-3585.833	168.3105	0.3247071	1.359711	3.068428
15414	-3414.019	-3583.03	169.0106	0.5127985	1.419326	2.385378
15420	-3413.721	-3582.67	168.9487	0.3885918	1.409796	2.568865
15426	-3419.369	-3588.59	169.221	0.3882626	1.500143	2.341531
15432	-3419.072	-3588.728	169.6562	0.4113349	1.56591	1.9866
15438	-3419.233	-3588.812	169.5793	0.4215164	1.567891	2.023766
15444	-3412.403	-3581.399	168.9963	0.4251468	1.567558	2.396618
15450	-3412.274	-3581.355	169.0806	0.3647687	1.611917	2.389564
15456	-3424.049	-3593.249	169.2006	0.3756903	1.509112	2.364654
15462	-3415.045	-3584.415	169.3705	0.540647	1.484719	2.082644
15468	-3402.704	-3571.936	169.2321	0.3837276	1.552224	2.306987
15474	-3422.433	-3591.724	169.2915	0.4369191	1.573316	2.190384
15480	-3428.65	-3597.874	169.2235	0.3417997	1.536346	2.377441
15486	-3432.594	-3601.986	169.3923	0.3043875	1.572832	2.299707
15492	-3412.705	-3582.661	169.956	0.294543	1.582006	1.939615
15498	-3419.693	-3589.412	169.7189	0.3922727	1.542649	1.984764
15504	-3414.466	-3583.681	169.2151	0.353489	1.397665	2.454555
15510	-3414.859	-3583.406	168.5466	0.353489	1.375859	2.879562
15516	-3417.811	-3586.752	168.941	0.5151189	1.372678	2.456285
15522	-3419.594	-3588.998	169.4032	0.3515905	1.423264	2.32191
15528	-3412.435	-3581.113	168.678	0.3515905	1.374149	2.803249
15534	-3424.579	-3592.529	167.9505	0.4743279	1.271159	3.162655
15540	-3421.395	-3589.822	168.4278	0.3313225	1.27323	3.041269
15546	-3409.737	-3578.38	168.6426	0.3849671	1.36695	2.787793
15552	-3413.691	-3582.33	168.6386	0.3780079	1.38476	2.787793
15558	-3416.192	-3585.8	169.6075	0.402623	1.493014	2.078261
15564	-3415.558	-3584.823	169.2654	0.3161729	1.487099	2.41761
15570	-3413.336	-3582.456	169.1201	0.3161729	1.431783	2.543237
15576	-3416.925	-3583.925	167.0001	0.3640939	1.167031	3.897589
15582	-3417.432	-3584.116	166.6836	0.3567593	1.177055	4.081449
15588	-3423.895	-3590.718	166.8228	0.4543978	1.20736	3.877639
15594	-3422.106	-3590.116	168.01	0.4543978	1.31038	3.124563
15600	-3419.32	-3586.991	167.6712	0.4507434	1.294499	3.338184
15606	-3416.232	-3584.136	167.9033	0.445827	1.321427	3.190435
15612	-3411.849	-3581.677	169.8273	0.3113358	1.577278	2.00296
15618	-3418.868	-3588.521	169.6531	0.383067	1.626017	1.985088
15624	-3424.154	-3590.921	166.7675	0.3423013	1.215071	4.029329
15630	-3406	-3574.216	168.2163	0.3246816	1.324967	3.145272
15636	-3412.161	-3581.049	168.888	0.3912787	1.35012	2.640052
15642	-3411.119	-3578.684	167.5648	0.4398096	1.319774	3.397374
15648	-3422.728	-3590.544	167.8166	0.315767	1.283729	3.417133
15654	-3411.515	-3579.901	168.3865	0.3769409	1.358939	2.957359
15660	-3407.635	-3576.494	168.8593	0.4061087	1.460773	2.571659
15666	-3410.058	-3578.918	168.8595	0.4178829	1.332375	2.637225
15672	-3406.245	-3574.228	167.9826	0.3587691	1.387488	3.203555
15678	-3403.685	-3572.947	169.2626	0.3661205	1.50766	2.338503
15684	-3408.611	-3577.43	168.8193	0.3661205	1.498664	2.621856
15690	-3412.89	-3581.87	168.9801	0.311409	1.508296	2.589386
15696	-3410.371	-3578.722	168.3514	0.3273335	1.387021	3.024122
15702	-3412.253	-3580.418	168.1653	0.455711	1.442032	2.951397
15708	-3413.134	-3581.478	168.3437	0.4449798	1.282723	2.951397
15714	-3419.05	-3587.526	168.4755	0.4449798	1.378828	2.813521
15720	-3421.226	-3590.658	169.432	0.3132567	1.507817	2.302974
15726	-3432.517	-3601.3	168.7835	0.3958838	1.509201	2.600832
15732	-3425.223	-3594.604	169.3816	0.5078864	1.589988	2.040439
15738	-3413.095	-3582.757	169.6619	0.3724912	1.589988	2.017342
15744	-3418.555	-3588.615	170.0597	0.3724912	1.729191	1.64763
15750	-3407.817	-3577.308	169.4916	0.3724912	1.670171	2.076972
15756	-3410.753	-3580.785	170.0316	0.345262	1.646745	1.765755
15762	-3426.793	-3597.291	170.498	0.3026554	1.867799	1.326143
15768	-3412.336	-3582.278	169.942	0.409326	1.823052	1.612851
15774	-3408.915	-3578.863	169.9476	0.409326	1.716805	1.685068
15780	-3414.722	-3584.45	169.7282	0.4747754	1.818176	1.685068
15786	-3415.631	-3585.456	169.8248	0.4283467	1.731627	1.736218
15792	-3436.244	-3605.93	169.6865	0.4204663	1.571248	1.951216
15798	-3430.576	-3600.068	169.4921	0.4408923	1.684202	1.980731
15804	-3411.634	-3580.265	168.6312	0.4629565	1.425204	2.670522
15810	-3419.085	-3586.758	167.6734	0.4306949	1.290824	3.360359
15816	-3420.624	-3588.942	168.3175	0.4234356	1.423077	2.906248
15822	-3417.195	-3585.728	168.5327	0.417576	1.363671	2.81848
15828	-3411.005	-3578.854	167.8485	0.4243434	1.388901	3.206096
15834	-3414.018	-3582.547	168.5285	0.3625013	1.427259	2.848047
15840	-3430.011	-3597.886	167.8753	0.5093711	1.293264	3.159346
15846	-3413.372	-3580.682	167.3092	0.3784689	1.186114	3.691829
15852	-3422.74	-3592.245	169.5052	0.3936111	1.535222	2.129126
15858	-3417.91	-3587.635	169.7254	0.3165584	1.700633	1.980723
15864	-3415.054	-3584.911	169.8569	0.2883417	1.634573	1.980723
15870	-3409.342	-3579.013	169.6709	0.3768969	1.627101	1.980723
15876	-3428.144	-3597.462	169.3178	0.3255115	1.624162	2.284052
15882	-3418.871	-3586.529	167.6573	0.2724154	1.398909	3.502795
15888	-3409.942	-3578.252	168.3095	0.3680854	1.30919	3.044131
15894	-3421.244	-3589.705	168.4608	0.40413	1.450708	2.824788
15900	-3431.29	-3599.18	167.8899	0.3495094	1.301679	3.320398
15906	-3415.151	-3583.369	168.2185	0.3714108	1.341342	3.075315
15912	-3420.91	-3589.023	168.1127	0.356781	1.477142	3.075315
15918	-3414.089	-3581.957	167.868	0.356781	1.244865	3.35775
15924	-3406.14	-3574.04	167.8998	0.348114	1.231219	3.35775
15930	-3419.653	-3587.601	167.9481	0.4106367	1.323297	3.201165
15936	-3415.979	-3584.328	168.3489	0.3750294	1.286272	3.025859
15942	-3415.312	-3583.798	168.4863	0.2826246	1.352446	3.025859
15948	-3412.494	-3580.629	168.1353	0.3556681	1.308934	3.163409
15954	-3420.606	-3588.75	168.1446	0.4662118	1.370369	2.995896
15960	-3419.031	-3586.643	167.6117	0.512934	1.326321	3.29236
15966	-3420.316	-3587.566	167.2501	0.3983745	1.256047	3.662873
15972	-3427.43	-3593.792	166.3619	0.3983745	1.065235	4.280274
15978	-3414.398	-3581.365	166.9678	0.4703374	1.273801	3.739936
15984	-3410.695	-3578.685	167.99	0.331691	1.204198	3.341332
15990	-3414.451	-3582.922	168.4716	0.4159508	1.383791	2.845239
15996	-3416.297	-3585.687	169.3895	0.3765057	1.519351	2.236382
16002	-3409.885	-3578.94	169.055	0.4243555	1.562459	2.363651
16008	-3423.383	-3592.399	169.0163	0.4387641	1.558509	2.373957
16014	-3415.121	-3584.806	169.6856	0.3079111	1.613028	2.078291
16020	-3406.424	-3575.891	169.4662	0.4272561	1.587978	2.078291
16026	-3407.832	-3576.929	169.0971	0.4272561	1.589297	2.316405
16032	-3412.028	-3581.503	169.4744	0.4272561	1.5562	2.093767
16038	-3411.832	-3581.057	169.2253	0.4190784	1.506345	2.297224
16044	-3410.35	-3579.095	168.7441	0.5064992	1.413029	2.562753
16050	-3412.325	-3581.124	168.7981	0.3467279	1.419913	2.708203
16056	-3409.419	-3578.616	169.1971	0.4678626	1.488272	2.270687
16062	-3413.255	-3582.055	168.8004	0.4271215	1.488272	2.566689
16068	-3424.655	-3593.118	168.4638	0.3426265	1.300863	2.988493
16074	-3418.758	-3587.189	168.4309	0.3835468	1.319174	2.946662
16080	-3410.28	-3580.415	170.1346	0.4406093	1.744191	1.486077
16086	-3406.064	-3576.117	170.053	0.4406093	1.730623	1.556972
16092	-3411.408	-3580.97	169.5616	0.4130739	1.675875	1.974116
16098	-3404.094	-3573.7	169.6063	0.4539302	1.746152	1.845698
16104	-3405.178	-3575.163	169.9849	0.3792722	1.767482	1.664069
16110	-3412.177	-3581.964	169.7871	0.4016216	1.661792	1.845722
16116	-3407.895	-3577.661	169.7656	0.4030858	1.680398	1.845722
16122	-3411.799	-3581.247	169.4486	0.43835	1.622953	2.053431
16128	-3408.264	-3578.027	169.7639	0.4188951	1.62884	1.861753
16134	-3414.31	-3583.956	169.6451	0.4427298	1.521211	1.985242
16140	-3415.963	-3585.349	169.3863	0.4695226	1.521211	2.125011
16146	-3413.054	-3582.916	169.8618	0.4695226	1.549686	1.786192
16152	-3420.973	-3590.769	169.7962	0.4192783	1.547833	1.894435
16158	-3414.984	-3584.41	169.4261	0.3427961	1.501926	2.268877
16164	-3411.218	-3580.606	169.3886	0.3239523	1.651753	2.223015
16170	-3427.304	-3597.057	169.7527	0.3447933	1.639732	1.961881
16176	-3419.892	-3589.498	169.6057	0.4351888	1.696279	1.903045
16182	-3417.529	-3587.23	169.7015	0.4226099	1.602636	1.917278
16188	-3406.45	-3576.198	169.7478	0.4127162	1.574838	1.917278
16194	-3407.28	-3575.659	168.3797	0.4234659	1.361266	2.906016
16200	-3414.122	-3581.388	167.2656	0.4525969	1.319936	3.558635
16206	-3417.688	-3584.872	167.1846	0.5255988	1.127896	3.645897
16212	-3410.915	-3577.262	166.3475	0.3844927	1.165141	4.247223
16218	-3406.696	-3573.133	166.4374	0.3844927	1.262183	4.141125
16224	-3419.707	-3587.959	168.2522	0.4406475	1.321661	2.987677
16230	-3421.958	-3588.036	166.0775	0.3948975	1.196628	4.370621
16236	-3421.106	-3589.168	168.062	0.3665722	1.305237	3.195741
16242	-3420.063	-3588.448	168.3856	0.4057735	1.27211	2.976223
16248	-3426.111	-3595.071	168.9602	0.3014843	1.457967	2.646848
16254	-3424.657	-3592.832	168.1754	0.3014843	1.506693	3.092759
16260	-3416.207	-3585.279	169.0717	0.4357706	1.461677	2.403593
16266	-3409.07	-3578.714	169.6444	0.427165	1.623236	1.936231
16272	-3396.283	-3565.793	169.5101	0.4031864	1.568731	2.091805
16278	-3409.257	-3578.363	169.106	0.4349182	1.544304	2.33047
16284	-3407.529	-3576.304	168.7742	0.4057031	1.583425	2.548795
16290	-3420.943	-3590.543	169.6	0.4121695	1.704865	1.930016
16296	-3433.706	-3603.352	169.6457	0.4121695	1.708896	1.89634
16302	-3411.989	-3581.831	169.8422	0.4254978	1.851635	1.642334
16308	-3411.564	-3581.609	170.0447	0.4010356	1.782115	1.579392
16314	-3432.618	-3602.141	169.5222	0.4140907	1.664033	2.007068
16320	-3421.417	-3590.718	169.3006	0.4404779	1.493074	2.232214
16326	-3423.009	-3592.483	169.4746	0.4456933	1.458456	2.135695
16332	-3418	-3586.746	168.7461	0.407978	1.583068	2.563768
16338	-3438.369	-3607.98	169.6108	0.4119474	1.470715	2.079091
16344	-3432.25	-3601.41	169.1599	0.3935433	1.456718	2.401198
16350	-3426.843	-3596.604	169.761	0.4053892	1.603698	1.898231
16356	-3422.847	-3591.86	169.0131	0.5274834	1.451724	2.34828
16362	-3418.089	-3587.501	169.4123	0.4193807	1.451724	2.211795
16368	-3417.382	-3587.145	169.7637	0.4193807	1.533096	1.926305
16374	-3412.304	-3581.628	169.3237	0.4784256	1.36993	2.253702
16380	-3414.397	-3583.394	168.9973	0.3919043	1.337923	2.579285
16386	-3424.704	-3594.212	169.5078	0.3407054	1.522643	2.205859
16392	-3426.078	-3593.364	167.2864	0.3863683	1.142229	3.721288
16398	-3411.521	-3578.184	166.6635	0.4167313	1.119885	4.05802
16404	-3402.866	-3570.387	167.5202	0.3785456	1.238018	3.539143
16410	-3407.375	-3573.58	166.2049	0.4390957	1.058551	4.329842
16416	-3410.021	-3575.356	165.3347	0.3835833	1.094877	4.856679
16422	-3416.552	-3583.705	167.1522	0.3638825	1.138524	3.826831
16428	-3405.344	-3574.325	168.9812	0.3908184	1.400886	2.55145
16434	-3404.308	-3573.125	168.817	0.5387427	1.511084	2.423521
16440	-3406.459	-3575.345	168.8866	0.4065759	1.408435	2.586638
16446	-3404.314	-3571.981	167.6668	0.4800529	1.238317	3.343883
16452	-3410.337	-3578.185	167.8479	0.4015781	1.230613	3.325279
16458	-3428.294	-3596.887	168.5925	0.3790187	1.263565	2.888114
16464	-3420.279	-3589.475	169.196	0.5051274	1.449207	2.25615
16470	-3406.003	-3575.317	169.3144	0.3810311	1.534713	2.268978
16476	-3420.546	-3590.253	169.7064	0.4083337	1.52528	1.98404
16482	-3407.818	-3577.405	169.5871	0.3944179	1.542239	2.06968
16488	-3410.062	-3578.993	168.9305	0.3848927	1.590618	2.471961
16494	-3409.219	-3579.086	169.8667	0.3530046	1.550885	1.933256
16500	-3419.205	-3589.15	169.945	0.4356485	1.663584	1.68994
16506	-3413.402	-3583.319	169.9171	0.3401108	1.643943	1.854415
16512	-3415.438	-3585.362	169.9245	0.3977236	1.719661	1.715144
16518	-3422.097	-3591.904	169.8074	0.4200127	1.662481	1.807278
16524	-3416.24	-3586.084	169.8441	0.4200127	1.655289	1.786838
16530	-3418.959	-3588.664	169.7049	0.3337103	1.710056	1.962752
16536	-3416.86	-3586.382	169.5217	0.4406304	1.690965	1.956716
16542	-3426.337	-3596.433	170.0965	0.3905462	1.835928	1.516433
16548	-3417.049	-3585.986	168.9363	0.5174996	1.613312	2.304456
16554	-3422.592	-3592.294	169.7024	0.4456278	1.503425	1.95524
16560	-3419.548	-3587.857	168.3093	0.5205606	1.347678	2.855524
16566	-3420.079	-3587.891	167.8122	0.3871139	1.311155	3.315451
16572	-3407.33	-3576.359	169.0284	0.3871139	1.346028	2.56075
16578	-3404.408	-3572.875	168.4665	0.349522	1.361169	2.941795
16584	-3404.875	-3573.974	169.0993	0.4049599	1.361169	2.48554
16590	-3408.786	-3577.262	168.4757	0.5190372	1.444896	2.696265
16596	-3420.117	-3588.851	168.7336	0.36124	1.473582	2.696265
16602	-3414.62	-3583.436	168.8154	0.4116726	1.373213	2.646423
16608	-3405.938	-3574.149	168.2116	0.4571434	1.259801	3.031488
16614	-3406.091	-3574.979	168.888	0.4863881	1.509442	2.433448
16620	-3404.872	-3574.26	169.388	0.4661011	1.468837	2.161949
16626	-3406.089	-3575.892	169.8031	0.3986427	1.661565	1.838815
16632	-3413.766	-3583.773	170.0076	0.3986427	1.720338	1.654333
16638	-3405.435	-3575.348	169.9136	0.3986427	1.701284	1.734497
16644	-3412.23	-3582.376	170.1461	0.340725	1.73443	1.629326
16650	-3417.247	-3587.482	170.2358	0.3514958	1.835528	1.471543
16656	-3409.74	-3579.904	170.1638	0.3992481	1.787557	1.489542
16662	-3414.308	-3584.855	170.5471	0.3447366	2.020187	1.072601
16668	-3409.097	-3579.562	170.4645	0.3974769	1.874598	1.181613
16674	-3411.412	-3581.608	170.195	0.4415924	1.736404	1.444781
16680	-3400.928	-3571.157	170.2296	0.4170118	1.687711	1.489773
16686	-3408.407	-3578.885	170.4784	0.3335481	1.79538	1.34431
16692	-3413.026	-3580.609	167.5828	0.4282099	1.32245	3.397631
16698	-3407.651	-3575.215	167.5633	0.4695539	1.30465	3.37626
16704	-3406.213	-3575.192	168.9786	0.3804864	1.420964	2.553301
16710	-3415.309	-3585.659	170.3509	0.350071	1.729973	1.466612
16716	-3421.123	-3591.253	170.1299	0.350071	1.682791	1.663721
16722	-3413.787	-3583.668	169.8803	0.4564321	1.649601	1.719295
16728	-3411.795	-3581.913	170.1184	0.3335719	1.67549	1.702226
16734	-3421.289	-3591.188	169.8986	0.4819496	1.611407	1.702226
16740	-3412.541	-3582.351	169.8097	0.4326214	1.647918	1.799673
16746	-3411.606	-3581.205	169.5994	0.4584667	1.55528	1.974287
16752	-3413.199	-3582.682	169.4825	0.4584667	1.44481	2.124692
16758	-3414.07	-3583.085	169.0147	0.4584667	1.533818	2.368354
16764	-3419.815	-3589.359	169.5445	0.4092095	1.486555	2.115621
16770	-3417.302	-3585.755	168.4524	0.4092095	1.293335	2.91928
16776	-3421.142	-3589.808	168.6663	0.4092095	1.381113	2.736011
16782	-3413.369	-3582.075	168.7063	0.3596033	1.439363	2.736011
16788	-3427.752	-3596.986	169.2346	0.4838733	1.437645	2.261509
16794	-3423.907	-3593.332	169.4253	0.4255082	1.582982	2.110531
16800	-3410.393	-3579.604	169.2112	0.3940701	1.429134	2.385577
16806	-3411.637	-3580.884	169.2479	0.4867461	1.530143	2.190154
16812	-3415.546	-3584.942	169.3959	0.3965978	1.544914	2.190154
16818	-3407.409	-3575.143	167.7342	0.4631721	1.284387	3.294192
16824	-3425.048	-3594.076	169.0285	0.382479	1.443282	2.505836
16830	-3416.708	-3585.712	169.0042	0.4038948	1.425798	2.505836
16836	-3417.037	-3586.238	169.2017	0.5077824	1.442538	2.253987
16842	-3419.361	-3587.919	168.5579	0.337145	1.337375	2.916986
16848	-3409.237	-3578.366	169.1293	0.3536548	1.401325	2.505757
16854	-3420.84	-3590.342	169.5021	0.2676109	1.50579	2.328821
16860	-3421.93	-3590.492	168.5618	0.3783316	1.293118	2.889664
16866	-3419.217	-3588.165	168.9476	0.3597497	1.303487	2.671177
16872	-3405.194	-3573.768	168.5746	0.322729	1.38373	2.897984
16878	-3417.256	-3586.724	169.468	0.3985221	1.615736	2.094485
16884	-3422.906	-3592.507	169.601	0.268241	1.589909	2.210447
16890	-3418.962	-3588.918	169.9562	0.3965129	1.665458	1.73264
16896	-3427.557	-3597.355	169.7977	0.3915709	1.632206	1.872021
16902	-3428.046	-3597.941	169.8952	0.381654	1.738746	1.744478
16908	-3427.238	-3597.418	170.1801	0.389415	1.658452	1.587304
16914	-3422.603	-3592.37	169.7664	0.4982979	1.859888	1.599143
16920	-3419.369	-3587.278	167.9091	0.5178549	1.215084	3.177501
16926	-3427.103	-3594.759	167.6552	0.4237377	1.221893	3.418938
16932	-3427.261	-3597.375	170.1134	0.3619563	1.896285	1.501605
16938	-3416.776	-3586.167	169.3905	0.3731307	1.679017	2.136607
16944	-3410.309	-3579.61	169.3008	0.3529004	1.480758	2.348741
16950	-3422.761	-3591.512	168.7515	0.412645	1.370167	2.68649
16956	-3433.145	-3601.818	168.6728	0.4543983	1.372661	2.68649
16962	-3404.204	-3574.027	169.8232	0.2950035	1.584967	2.025705
16968	-3402.96	-3572.67	169.7104	0.3201365	1.473309	2.135531
16974	-3406.741	-3576.673	169.9317	0.328164	1.594869	1.895626
16980	-3412.923	-3583.045	170.1222	0.3978811	1.718367	1.573735
16986	-3419.606	-3590.003	170.3977	0.4117972	1.847094	1.238625
16992	-3423.356	-3593.589	170.2331	0.395213	1.812675	1.423607
16998	-3414.488	-3584.536	170.0481	0.4668598	1.769461	1.497257
17004	-3441.07	-3610.711	169.641	0.2554421	1.672185	2.152258
17010	-3415.452	-3585.09	169.6377	0.4653188	1.789731	1.780175
17016	-3412.071	-3581.882	169.8114	0.290361	1.609862	2.02434
17022	-3405.371	-3574.846	169.4751	0.3132978	1.641877	2.188914
17028	-3406.748	-3575.47	168.722	0.41287	1.537412	2.601275
17034	-3414.35	-3583.043	168.6932	0.3949086	1.519025	2.651656
17040	-3419.919	-3588.839	168.9202	0.4279952	1.482789	2.494443
17046	-3414.884	-3583.924	169.0401	0.4422933	1.436756	2.431773
17052	-3418.54	-3587.913	169.3732	0.4243651	1.458858	2.226443
17058	-3408.06	-3577.676	169.6166	0.4243651	1.510111	2.033888
17064	-3415.029	-3583.872	168.843	0.3596905	1.398459	2.677154
17070	-3416.146	-3585.43	169.2841	0.3114525	1.603166	2.339055
17076	-3422.946	-3592.264	169.3177	0.3239261	1.592525	2.306597
17082	-3429.356	-3598.356	169.0002	0.3453738	1.619087	2.461176
17088	-3432.166	-3601.019	168.8533	0.3427094	1.57915	2.581253
17094	-3410.854	-3580.141	169.2874	0.4016543	1.590271	2.224644
17100	-3413.708	-3581.817	168.1082	0.4729126	1.343726	3.026771
17106	-3418.089	-3586.688	168.5996	0.329167	1.37713	2.878261
17112	-3409.331	-3577.869	168.5383	0.342594	1.409356	2.878261
17118	-3421.621	-3589.713	168.0927	0.3601879	1.366233	3.149074
17124	-3412.779	-3581.884	169.1048	0.3689438	1.410513	2.495635
17130	-3414.79	-3583.586	168.7955	0.4451664	1.586507	2.48807
17136	-3415.545	-3584.565	169.0206	0.4186346	1.409961	2.48807
17142	-3409.543	-3578.218	168.6745	0.4447631	1.364851	2.700761
17148	-3417.343	-3586.013	168.6698	0.4182182	1.418198	2.700761
17154	-3411.431	-3580.216	168.7845	0.3992497	1.339507	2.700761
17160	-3408.462	-3576.924	168.4624	0.4678223	1.361624	2.807511
17166	-3408.428	-3577.495	169.0669	0.3404537	1.340267	2.599957
17172	-3421.365	-3589.818	168.4535	0.5044827	1.414504	2.742974
17178	-3414.821	-3584.169	169.3471	0.459005	1.494152	2.180094
17184	-3425.953	-3594.15	168.1968	0.476179	1.431867	2.917114
17190	-3415.641	-3583.66	168.0193	0.4677396	1.311421	3.104484
17196	-3427.921	-3595.955	168.0341	0.440575	1.330415	3.113
17202	-3416.257	-3584.697	168.4394	0.355547	1.49603	2.8691
17208	-3425.157	-3594.143	168.9858	0.3292473	1.383302	2.638487
17214	-3420.64	-3589.741	169.1001	0.4312857	1.611209	2.295749
17220	-3422.452	-3591.826	169.3741	0.4207488	1.540435	2.177427
17226	-3425.016	-3594.083	169.0676	0.4207488	1.449916	2.431043
17232	-3422.968	-3592.575	169.6071	0.4605051	1.527891	1.985038
17238	-3421.518	-3591.234	169.7157	0.3823398	1.565005	1.985038
17244	-3413.393	-3582.74	169.3472	0.4149598	1.576705	2.178371
17250	-3429.114	-3598.398	169.2844	0.4303114	1.611044	2.178371
17256	-3425.478	-3594.341	168.863	0.4506022	1.538665	2.469672
17262	-3417.73	-3586.635	168.9054	0.4506022	1.505358	2.463973
17268	-3419.58	-3588.184	168.604	0.3918238	1.394884	2.786051
17274	-3419.266	-3587.887	168.6209	0.4190788	1.37749	2.754605
17280	-3433.457	-3602.175	168.7182	0.4287464	1.483558	2.618702
17286	-3418.824	-3587.692	168.8683	0.3535845	1.552296	2.574346
17292	-3426.426	-3595.819	169.3923	0.2853025	1.436525	2.414766
17298	-3412.573	-3580.964	168.3901	0.3047214	1.481282	2.974959
17304	-3413.955	-3582.509	168.5541	0.324649	1.349889	2.928201
17310	-3408.315	-3576.795	168.4799	0.2986634	1.384549	2.987547
17316	-3417.991	-3587.614	169.6231	0.4088631	1.527317	2.037404
17322	-3405.568	-3574.684	169.1159	0.3863306	1.443702	2.44605
17328	-3410.234	-3579.345	169.1113	0.3549796	1.51186	2.44605
17334	-3419.019	-3587.403	168.3837	0.3255713	1.420104	2.987263
17340	-3416.034	-3584.223	168.1893	0.273168	1.361395	3.211144
17346	-3417.947	-3586.066	168.1192	0.3936153	1.260922	3.156071
17352	-3423.229	-3591.588	168.359	0.3578627	1.41131	2.965801
17358	-3418.718	-3587.008	168.2901	0.435462	1.335763	2.962075
17364	-3413.932	-3581.989	168.057	0.4778849	1.344341	3.051943
17370	-3413.218	-3581.465	168.2466	0.3974441	1.318254	3.041459
17376	-3406.914	-3575.29	168.376	0.4012504	1.468086	2.869029
17382	-3410.94	-3580.385	169.4449	0.2714868	1.436795	2.402731
17388	-3413.372	-3582.158	168.7853	0.4074342	1.373661	2.669625
17394	-3416.313	-3585.692	169.3787	0.4087387	1.446356	2.249778
17400	-3407.711	-3577.382	169.6708	0.3488161	1.727361	1.952286
17406	-3404.059	-3573.345	169.2858	0.3488161	1.642902	2.260297
17412	-3417.51	-3586.213	168.7033	0.405461	1.466281	2.6654
17418	-3407.348	-3576.152	168.8046	0.3629572	1.446948	2.666829
17424	-3422.061	-3590.919	168.8578	0.3620844	1.369219	2.68301
17430	-3419.835	-3587.937	168.1017	0.405591	1.409116	3.064412
17436	-3418.368	-3586.2	167.8319	0.4307814	1.332885	3.242079
17442	-3418.255	-3585.749	167.4934	0.3404318	1.279552	3.576546
17448	-3419.108	-3586.673	167.5654	0.2985443	1.252044	3.605156
17454	-3419.684	-3586.989	167.305	0.4107318	1.277136	3.605156
17460	-3417.31	-3586.347	169.0364	0.3998845	1.342527	2.542468
17466	-3413.592	-3582.683	169.0914	0.4730102	1.494193	2.328752
17472	-3412.815	-3581.847	169.0313	0.3713978	1.475144	2.498041
17478	-3415.481	-3584.7	169.2187	0.3486004	1.451667	2.424807
17484	-3419.332	-3587.782	168.4506	0.3486004	1.445661	2.901613
17490	-3418.788	-3587.972	169.1844	0.2669493	1.424849	2.580223
17496	-3414.555	-3583.785	169.23	0.3252119	1.555542	2.384007
17502	-3415.36	-3584.253	168.8929	0.3771984	1.520629	2.548716
17508	-3412.415	-3581.325	168.9099	0.3771984	1.383177	2.623364
17514	-3416.264	-3585.828	169.564	0.3924758	1.539952	2.088939
17520	-3427.251	-3596.708	169.457	0.35348	1.630869	2.150977
17526	-3411.921	-3581.532	169.6117	0.3366587	1.511972	2.150977
17532	-3418.542	-3588.285	169.7425	0.3005068	1.54286	2.098292
17538	-3412.881	-3582.541	169.6593	0.3499807	1.54286	2.080983
17544	-3417.372	-3587.12	169.7482	0.3956731	1.56472	1.945867
17550	-3412.56	-3582.116	169.5553	0.3940479	1.722563	1.971481
17556	-3415.219	-3585.653	170.4348	0.3132978	1.818291	1.39595
17562	-3419.906	-3590.149	170.2424	0.3276352	1.818291	1.518065
17568	-3409.094	-3579.215	170.1208	0.3276352	1.818291	1.607533
17574	-3416.584	-3587.006	170.4217	0.2971345	1.775591	1.467478
17580	-3412.662	-3583.019	170.3571	0.3744387	1.672403	1.467478
17586	-3418.59	-3588.883	170.2923	0.4016439	1.790635	1.385124
17592	-3418.606	-3588.412	169.8057	0.4556178	1.614708	1.79684
17598	-3416.878	-3586.315	169.4373	0.491525	1.606863	2.010215
17604	-3432.493	-3602.408	169.9147	0.4130285	1.708046	1.709633
17610	-3417.916	-3587.848	169.9328	0.4130285	1.72868	1.68212
17616	-3423.109	-3593.54	170.4309	0.4206269	1.861831	1.18369
17622	-3419.696	-3590.26	170.5641	0.387885	1.867098	1.116594
17628	-3418.958	-3589.246	170.2882	0.387885	1.839095	1.371318
17634	-3416.417	-3586.53	170.1129	0.4045165	1.781005	1.524991
17640	-3416.269	-3586.221	169.9515	0.4951206	1.780907	1.524991
17646	-3423.725	-3593.996	170.2711	0.3884542	1.889373	1.344143
17652	-3413.316	-3583.417	170.1005	0.5377263	1.787752	1.352658
17658	-3407.812	-3578.181	170.3686	0.49509	1.925685	1.064178
17664	-3407.43	-3577.832	170.4018	0.4792233	1.955497	1.029471
17670	-3407.62	-3577.996	170.3757	0.4042442	1.955497	1.177151
17676	-3407.27	-3577.831	170.5615	0.3425584	1.878003	1.191278
17682	-3417.333	-3587.379	170.0464	0.4155796	1.915498	1.458027
17688	-3415.556	-3585.806	170.2503	0.3671449	1.806469	1.458027
17694	-3415.762	-3586.229	170.4672	0.4145886	1.924111	1.106178
17700	-3406.462	-3576.72	170.2571	0.4277452	1.894714	1.290867
17706	-3419.256	-3589.659	170.4034	0.3952414	1.809951	1.290867
17712	-3422.819	-3592.749	169.9308	0.4536968	1.650046	1.686671
17718	-3411.376	-3581.241	169.865	0.446989	1.727826	1.686671
17724	-3419.103	-3588.142	169.0394	0.5170094	1.566226	2.269159
17730	-3406.956	-3576.439	169.4825	0.358897	1.524405	2.196256
17736	-3410.245	-3579.673	169.4284	0.3915916	1.607168	2.134822
17742	-3411.917	-3581.274	169.3571	0.3915916	1.446278	2.284909
17748	-3407.091	-3575.896	168.8057	0.3680376	1.481369	2.63849
17754	-3414.451	-3583.76	169.309	0.3645149	1.537041	2.292281
17760	-3410.846	-3580.042	169.1959	0.3135358	1.473568	2.473504
17766	-3403.118	-3572.123	169.0052	0.4511263	1.448016	2.436733
17772	-3407.996	-3576.776	168.7802	0.4511263	1.535084	2.523134
17778	-3406.084	-3575.38	169.2958	0.3120462	1.6349	2.310535
17784	-3414.664	-3584.448	169.784	0.4377964	1.595115	1.847218
17790	-3417.552	-3587.111	169.5589	0.4377964	1.559264	2.023211
17796	-3413.51	-3582.992	169.4816	0.3582543	1.48283	2.224535
17802	-3415.716	-3585.106	169.3901	0.3582543	1.574373	2.224535
17808	-3424.277	-3593.819	169.5419	0.3424046	1.487475	2.204156
17814	-3416.457	-3585.157	168.6996	0.4306488	1.486169	2.626401
17820	-3417.436	-3586.119	168.6836	0.4771937	1.360057	2.663244
17826	-3414.499	-3583.246	168.7474	0.3769191	1.481565	2.663244
17832	-3425.045	-3594.122	169.0768	0.3322111	1.293044	2.634017
17838	-3419.294	-3588.177	168.8834	0.4855199	1.433716	2.484739
17844	-3428.325	-3596.553	168.2286	0.443623	1.328859	2.994324
17850	-3417.313	-3585.705	168.3921	0.443623	1.397534	2.854269
17856	-3413.681	-3582.844	169.1628	0.3498174	1.51134	2.420808
17862	-3406.314	-3575.853	169.5381	0.4334978	1.536881	2.056977
17868	-3420.797	-3590.181	169.3847	0.3869838	1.458405	2.265239
17874	-3419.458	-3588.938	169.4793	0.3923672	1.611474	2.0977
17880	-3417.199	-3586.449	169.2497	0.4022449	1.519604	2.293477
17886	-3422.148	-3591.371	169.2223	0.4324271	1.465683	2.309324
17892	-3412.993	-3581.078	168.0856	0.4324271	1.365962	3.069854
17898	-3415.101	-3584.136	169.0358	0.3977539	1.485468	2.456079
17904	-3416.994	-3586.902	169.9089	0.378393	1.61692	1.824128
17910	-3418.986	-3588.767	169.781	0.3596519	1.507611	2.010385
17916	-3430.105	-3599.473	169.3681	0.4087537	1.498496	2.223059
17922	-3419.882	-3589.042	169.1592	0.4596192	1.376005	2.375537
17928	-3417.079	-3585.516	168.4369	0.3688276	1.332853	2.952583
17934	-3417.87	-3585.424	167.554	0.4081906	1.2525	3.477291
17940	-3422.129	-3590.509	168.3799	0.355834	1.235675	3.061125
17946	-3409.791	-3578.327	168.5363	0.3501658	1.362876	2.897833
17952	-3415.484	-3584.781	169.2963	0.2887788	1.373532	2.509312
17958	-3409.872	-3578.532	168.6599	0.3342624	1.423246	2.806949
17964	-3416.026	-3585.007	168.9808	0.393715	1.482651	2.497235
17970	-3409.222	-3578.521	169.2988	0.3524481	1.51209	2.330713
17976	-3421.936	-3591.401	169.4655	0.4091554	1.67004	2.046939
17982	-3421.718	-3591.293	169.5748	0.4155842	1.696887	1.948014
17988	-3410.415	-3580.147	169.7314	0.3804716	1.65326	1.917636
17994	-3413.471	-3583.27	169.7992	0.3677831	1.665846	1.880415
18000	-3412.578	-3582.017	169.4386	0.3715938	1.482127	2.235083
18006	-3420.912	-3589.431	168.5187	0.4570214	1.44037	2.736602
18012	-3426.658	-3595.829	169.1705	0.4622099	1.44037	2.324573
18018	-3420.783	-3589.961	169.178	0.3843375	1.497128	2.375608
18024	-3428.646	-3597.798	169.1518	0.5759591	1.507897	2.175148
18030	-3426.507	-3595.539	169.032	0.4451905	1.487835	2.401398
18036	-3412.28	-3581.739	169.458	0.3880269	1.536888	2.16587
18042	-3404.843	-3574.148	169.3049	0.3880269	1.501673	2.28734
18048	-3417.885	-3587.737	169.852	0.3761983	1.501673	1.944284
18054	-3419.615	-3588.286	168.671	0.2880434	1.53885	2.793912
18060	-3413.622	-3581.805	168.1827	0.3870011	1.333999	3.082457
18066	-3412.276	-3580.56	168.2839	0.3753885	1.313376	3.048104
18072	-3414.037	-3582.208	168.1711	0.3153508	1.280506	3.210834
18078	-3410.766	-3579.267	168.5005	0.3328732	1.320832	2.967111
18084	-3415.417	-3583.01	167.5935	0.3546769	1.374504	3.445191
18090	-3409.953	-3577.789	167.8356	0.3356739	1.388295	3.318787
18096	-3401.695	-3569.694	167.9987	0.3342697	1.403224	3.215477
18102	-3408.949	-3577.654	168.7056	0.4140909	1.413674	2.686279
18108	-3404.623	-3573.091	168.468	0.3416849	1.342484	2.962153
18114	-3401.018	-3569.592	168.5744	0.4117588	1.571548	2.672578
18120	-3402.245	-3571.377	169.1323	0.2999146	1.613566	2.445247
18126	-3407.724	-3576.767	169.0427	0.3514389	1.522387	2.487165
18132	-3406.668	-3576.324	169.6555	0.3665098	1.624837	2.006503
18138	-3414.623	-3583.97	169.3475	0.3725513	1.57216	2.23457
18144	-3417.501	-3584.623	167.1219	0.3871938	1.228042	3.765756
18150	-3439.712	-3608.342	168.6298	0.3303996	1.309298	2.899364
18156	-3418.673	-3587.123	168.4503	0.4063112	1.436033	2.837492
18162	-3408.875	-3578.507	169.6315	0.4296436	1.568899	1.978294
18168	-3416.804	-3586.123	169.3189	0.3951813	1.522915	2.255769
18174	-3437.783	-3606.219	168.4364	0.4242148	1.396276	2.849667
18180	-3438.489	-3605.2	166.7108	0.2860523	1.290667	4.091191
18186	-3423.971	-3591.51	167.5389	0.4789026	1.240017	3.41908
18192	-3427.211	-3593.305	166.0935	0.4756975	1.135374	4.312951
18198	-3421.48	-3589.951	168.4704	0.4798129	1.399825	2.76682
18204	-3430.576	-3598.589	168.0131	0.426948	1.376075	3.113088
18210	-3411.462	-3579.606	168.1445	0.3302321	1.277729	3.208644
18216	-3411.622	-3578.028	166.4061	0.4261898	1.189356	4.155011
18222	-3417.045	-3584.314	167.2686	0.3411155	1.137269	3.788055
18228	-3410.743	-3577.718	166.9746	0.4287227	1.257595	3.788055
18234	-3416.458	-3584.56	168.1024	0.4153544	1.205664	3.174166
18240	-3424.149	-3592.793	168.6437	0.4227445	1.368655	2.741933
18246	-3409.717	-3578.093	168.3757	0.3342307	1.400798	2.992275
18252	-3412.815	-3581.498	168.6826	0.3898181	1.376443	2.751773
18258	-3419.05	-3587.914	168.8642	0.4213562	1.520939	2.513285
18264	-3408.371	-3578.399	170.0275	0.4701643	1.658173	1.590544
18270	-3409.495	-3579.597	170.1011	0.5540551	1.826743	1.300473
18276	-3402.324	-3572.675	170.3515	0.3299271	1.843864	1.412041
18282	-3412.338	-3582.63	170.2923	0.4832747	1.74142	1.307232
18288	-3424.502	-3594.277	169.7749	0.4632796	1.644842	1.787959
18294	-3422.062	-3592.034	169.9716	0.4473281	1.663911	1.655773
18300	-3430.345	-3600.59	170.2443	0.3939554	1.893797	1.353393
18306	-3422.123	-3592.492	170.3686	0.3644672	1.935928	1.266419
18312	-3416.267	-3586.461	170.194	0.444853	1.783917	1.404494
18318	-3429.916	-3599.946	170.0299	0.444853	1.938705	1.411709
18324	-3419.057	-3589.412	170.355	0.3989446	1.854108	1.288471
18330	-3415.472	-3585.708	170.2363	0.3427442	1.664855	1.611231
18336	-3418.23	-3588.403	170.1724	0.3492085	1.715041	1.611231
18342	-3419.212	-3589.051	169.8391	0.3492085	1.637689	1.898624
18348	-3414.02	-3583.792	169.7718	0.4232528	1.518312	1.925936
18354	-3409.077	-3578.778	169.7008	0.4261424	1.622163	1.900068
18360	-3414.544	-3584.231	169.6868	0.4011007	1.674148	1.906303
18366	-3423.212	-3592.988	169.7765	0.4074796	1.696136	1.821641
18372	-3421.769	-3591.67	169.9009	0.4182015	1.551519	1.821641
18378	-3419.997	-3589.772	169.7751	0.4496684	1.658746	1.794818
18384	-3413.121	-3583.083	169.9624	0.442538	1.697686	1.64432
18390	-3418.743	-3588.019	169.276	0.4028888	1.653844	2.189381
18396	-3412.914	-3582.057	169.1434	0.4038454	1.552768	2.338201
18402	-3427.08	-3594.816	167.7356	0.45686	1.215813	3.340239
18408	-3424.957	-3591.812	166.855	0.3819725	1.310518	3.877793
18414	-3430.955	-3598.71	167.7554	0.3907349	1.30978	3.345496
18420	-3427.872	-3596.935	169.0627	0.4248599	1.416378	2.450412
18426	-3422.388	-3590.615	168.2272	0.3832277	1.361829	3.043703
18432	-3409.562	-3579.393	169.8309	0.3643204	1.547517	1.943896
18438	-3414.974	-3584.661	169.6867	0.4172444	1.531114	1.982044
18444	-3418.069	-3586.831	168.7612	0.5067113	1.334316	2.600744
18450	-3416.353	-3585.051	168.6977	0.380323	1.441277	2.714355
18456	-3426.522	-3595.609	169.0866	0.380323	1.429651	2.480669
18462	-3440.007	-3609.476	169.4696	0.3986129	1.534559	2.146403
18468	-3426.622	-3596.315	169.6921	0.3864216	1.54352	2.009668
18474	-3429.58	-3595.757	166.177	0.3896287	1.172882	4.33363
18480	-3416.009	-3583.366	167.3573	0.440376	1.153327	3.614827
18486	-3414.839	-3581.291	166.4525	0.3920605	1.149907	4.187888
18492	-3421.302	-3589.244	167.942	0.329023	1.207174	3.371226
18498	-3408.316	-3576.034	167.719	0.3332363	1.247071	3.473078
18504	-3418.197	-3585.987	167.7901	0.4040187	1.229267	3.357266
18510	-3426.526	-3593.978	167.4523	0.4699027	1.265889	3.463601
18516	-3434.309	-3601.969	167.6601	0.5925051	1.219595	3.254347
18522	-3420.802	-3589.099	168.2974	0.3874583	1.361159	2.997043
18528	-3426.953	-3595.589	168.6367	0.3874583	1.316624	2.819023
18534	-3432.645	-3601.677	169.0319	0.2897349	1.375485	2.670539
18540	-3424.023	-3592.681	168.6581	0.3265509	1.375485	2.847318
18546	-3417.992	-3586.604	168.6124	0.3861783	1.296875	2.847318
18552	-3417.856	-3586.432	168.5757	0.363983	1.367478	2.853806
18558	-3420.027	-3588.598	168.5715	0.363983	1.358463	2.861833
18564	-3424.521	-3593.126	168.6054	0.4455409	1.404192	2.718157
18570	-3419.733	-3589.573	169.8397	0.3845317	1.654692	1.837315
18576	-3417.563	-3587.258	169.6948	0.4288936	1.624053	1.899422
18582	-3416.791	-3586.211	169.4203	0.4874924	1.653806	1.994793
18588	-3417.88	-3587.489	169.609	0.4217339	1.510623	2.041832
18594	-3403.04	-3572.368	169.3279	0.4217339	1.486547	2.240939
18600	-3415.015	-3584.433	169.418	0.3677764	1.433667	2.284425
18606	-3418.416	-3587.054	168.6384	0.4614568	1.399197	2.683704
18612	-3418.638	-3587.299	168.6608	0.3507076	1.531632	2.718733
18618	-3408.277	-3577.882	169.6053	0.4444075	1.661654	1.915496
18624	-3413.295	-3582.861	169.566	0.4305494	1.620874	1.986223
18630	-3414.6	-3584.407	169.8064	0.4305494	1.656515	1.79863
18636	-3419.248	-3588.831	169.5821	0.4305494	1.587343	1.997894
18642	-3410.341	-3579.835	169.4943	0.4220266	1.652306	2.023577
18648	-3417.508	-3587.65	170.1421	0.3457297	1.654878	1.681506
18654	-3434.432	-3604.508	170.0754	0.3621983	1.687112	1.681506
18660	-3419.507	-3588.929	169.4227	0.5057882	1.537964	2.049983
18666	-3421.228	-3590.46	169.2327	0.4107784	1.602538	2.240793
18672	-3424.047	-3594.042	169.9948	0.3092998	1.620157	1.864187
18678	-3418.157	-3587.393	169.2366	0.4006247	1.517272	2.305355
18684	-3422.251	-3591.925	169.6732	0.4668884	1.557424	1.913236
18690	-3417.62	-3586.904	169.2833	0.4668884	1.512959	2.200363
18696	-3415.28	-3584.759	169.4787	0.4039536	1.535798	2.133014
18702	-3418.507	-3587.761	169.254	0.4039536	1.467466	2.321968
18708	-3419.332	-3588.905	169.5731	0.4039536	1.534065	2.072226
18714	-3427.539	-3596.59	169.0508	0.4324228	1.452301	2.426511
18720	-3421.535	-3590.102	168.5667	0.453424	1.442506	2.709794
18726	-3413.397	-3583.04	169.6428	0.4150256	1.54925	2.00204
18732	-3404.725	-3574.299	169.574	0.3884611	1.577886	2.062499
18738	-3409.723	-3579.238	169.5151	0.3884611	1.468192	2.172871
18744	-3413.071	-3581.909	168.8375	0.36189	1.412351	2.669215
18750	-3403.733	-3572.274	168.5412	0.4029863	1.428004	2.791023
18756	-3407.651	-3576.94	169.2893	0.3616057	1.459446	2.358078
18762	-3408.857	-3578.583	169.7267	0.4152788	1.52394	1.962514
18768	-3416.451	-3585.966	169.5154	0.4133184	1.438596	2.160793
18774	-3422.696	-3591.745	169.0497	0.4448783	1.453407	2.412291
18780	-3418.558	-3587.309	168.7507	0.3901467	1.397175	2.696994
18786	-3409.564	-3578.742	169.1781	0.3554795	1.467114	2.431551
18792	-3411.321	-3579.621	168.2995	0.424627	1.366978	2.949636
18798	-3427.524	-3596.339	168.8153	0.3198052	1.520266	2.672011
18804	-3422.2	-3591.245	169.0451	0.5159683	1.522241	2.294706
18810	-3420.939	-3589.705	168.7652	0.3272026	1.523664	2.690656
18816	-3403.987	-3572.869	168.882	0.4103297	1.362668	2.61341
18822	-3403.249	-3571.256	168.0078	0.4034103	1.377301	3.141873
18828	-3408.94	-3577.94	168.9998	0.2903757	1.39463	2.677568
18834	-3412.827	-3581.243	168.4163	0.4217752	1.286213	2.9311
18840	-3400.259	-3568.374	168.1142	0.4096648	1.361298	3.080882
18846	-3405.782	-3574.572	168.7903	0.4022919	1.422502	2.642516
18852	-3401.973	-3570.203	168.2304	0.3839764	1.298296	3.078869
18858	-3402.04	-3570.26	168.2196	0.3428511	1.293205	3.138688
18864	-3404.834	-3573.187	168.3533	0.4210645	1.508889	2.835306
18870	-3405.061	-3573.961	168.8999	0.3051055	1.503293	2.650917
18876	-3408.593	-3577.354	168.7608	0.4096596	1.424309	2.650917
18882	-3414.436	-3581.814	167.3777	0.3924384	1.200214	3.627969
18888	-3422.72	-3589.286	166.5658	0.3924384	1.201553	4.093632
18894	-3413.935	-3581.319	167.3835	0.4738309	1.193735	3.541892
18900	-3428.276	-3596.191	167.9148	0.3447793	1.259079	3.336723
18906	-3421.194	-3588.667	167.473	0.3759309	1.22685	3.576187
18912	-3418.597	-3586.1	167.5026	0.3098333	1.338613	3.576187
18918	-3419.928	-3587.864	167.9356	0.4390678	1.296648	3.19318
18924	-3419.206	-3587.769	168.5627	0.3747063	1.318907	2.87792
18930	-3420.511	-3589.494	168.9823	0.3747063	1.387015	2.579253
18936	-3429.268	-3598.615	169.3469	0.3049858	1.382464	2.448232
18942	-3422.954	-3591.312	168.3573	0.3955524	1.282034	2.999072
18948	-3425.288	-3593.111	167.8232	0.2949994	1.283534	3.441422
18954	-3426.172	-3595.545	169.373	0.3013203	1.349009	2.458138
18960	-3417.92	-3587.394	169.4737	0.3897863	1.489999	2.183924
18966	-3408.32	-3578.074	169.7539	0.3897863	1.574147	1.943365
18972	-3418.28	-3587.26	168.9798	0.3897863	1.474086	2.507988
18978	-3415.154	-3584.164	169.0103	0.4440151	1.46892	2.428354
18984	-3414.939	-3584.355	169.4159	0.314511	1.517711	2.305104
18990	-3411.49	-3581.158	169.6681	0.3426701	1.751769	1.946477
18996	-3409.403	-3579.159	169.7558	0.49553	1.645907	1.762285
19002	-3413.278	-3583.332	170.0536	0.3798212	1.72478	1.64463
19008	-3408.517	-3578.519	170.0026	0.4238003	1.79883	1.566453
19014	-3413.992	-3584.111	170.1193	0.3465897	1.667152	1.687681
19020	-3417.904	-3587.25	169.3455	0.4920935	1.587713	2.083051
19026	-3431.668	-3601.274	169.6062	0.4259043	1.443217	2.083051
19032	-3424.25	-3593.58	169.3294	0.3804124	1.464728	2.304941
19038	-3426.05	-3594.994	168.9441	0.4008554	1.532937	2.480098
19044	-3430.189	-3598.74	168.5504	0.3878517	1.248305	2.912207
19050	-3420.122	-3590.044	169.9217	0.6287626	1.804949	1.373506
19056	-3412.361	-3582.426	170.0651	0.327958	1.670576	1.751814
19062	-3422.76	-3592.588	169.8274	0.327958	1.616801	1.951533
19068	-3429.584	-3598.54	168.9558	0.4094839	1.550966	2.451115
19074	-3435.526	-3605.644	170.1178	0.409115	1.83914	1.471047
19080	-3441.97	-3611.982	170.0118	0.4580882	1.83914	1.483591
19086	-3434.658	-3604.56	169.9021	0.3082552	1.782465	1.818077
19092	-3429.369	-3598.999	169.6292	0.3979222	1.662663	1.957042
19098	-3423.538	-3593.271	169.7333	0.2845418	1.584321	2.101909
19104	-3408.837	-3577.903	169.0659	0.3185656	1.465079	2.552879
19110	-3420.14	-3588.981	168.8409	0.335652	1.374344	2.724491
19116	-3413.008	-3582.008	168.9997	0.3594499	1.508656	2.512171
19122	-3425.941	-3593.921	167.9798	0.3594499	1.352629	3.224987
19128	-3418.002	-3585.9	167.8986	0.4638611	1.235927	3.224987
19134	-3421.528	-3589.526	167.9976	0.4467846	1.420509	3.074372
19140	-3425.953	-3593.74	167.787	0.4585737	1.284978	3.267424
19146	-3431.365	-3599.061	167.6959	0.3385839	1.354141	3.417193
19152	-3430.171	-3598.21	168.0392	0.3850938	1.237391	3.22735
19158	-3412.49	-3581.002	168.5121	0.4242	1.355505	2.828495
19164	-3417.825	-3586.778	168.9529	0.4406305	1.4307	2.49214
19170	-3406.375	-3575.71	169.3351	0.4406305	1.491619	2.210703
19176	-3418.388	-3587.852	169.4642	0.3279841	1.554679	2.231152
19182	-3422.419	-3591.831	169.4112	0.3904188	1.675169	2.103108
19188	-3432.741	-3602.278	169.5374	0.412016	1.658938	2.002971
19194	-3413.228	-3581.953	168.7249	0.4454092	1.424257	2.632475
19200	-3404.883	-3573.61	168.7266	0.3952069	1.424257	2.689047
19206	-3412.358	-3581.272	168.9134	0.3705728	1.446001	2.590617
19212	-3429.747	-3599.667	169.9202	0.4475112	1.895098	1.524345
19218	-3430.898	-3600.646	169.7481	0.4732581	1.82553	1.66754
19224	-3412.07	-3581.132	169.0619	0.4495739	1.428695	2.414897
19230	-3403.96	-3573.38	169.4196	0.4117137	1.503584	2.18278
19236	-3406.826	-3575.932	169.1061	0.3721677	1.442541	2.470659
19242	-3409.577	-3578.662	169.0849	0.4350895	1.484364	2.381695
19248	-3411.139	-3579.874	168.7353	0.4350895	1.335569	2.692161
19254	-3405.97	-3573.155	167.1847	0.4276239	1.204051	3.698879
19260	-3397.792	-3565.376	167.5836	0.3981577	1.184625	3.510863
19266	-3405.696	-3572.396	166.7	0.5209906	1.144929	3.919579
19272	-3402.935	-3569.839	166.9039	0.398027	1.157235	3.919579
19278	-3414.469	-3583.408	168.9393	0.398027	1.382955	2.579899
19284	-3411.214	-3580.003	168.7892	0.3902814	1.429987	2.652952
19290	-3415.207	-3584.57	169.3632	0.3835846	1.56442	2.215168
19296	-3406.619	-3575.802	169.1831	0.357153	1.379207	2.481416
19302	-3405.804	-3574.43	168.6263	0.3011312	1.30052	2.946597
19308	-3411.977	-3580.569	168.5923	0.3339401	1.309575	2.917167
19314	-3420.03	-3588.458	168.4275	0.3289181	1.273627	3.044384
19320	-3420.524	-3588.893	168.3696	0.4208898	1.310102	2.945845
19326	-3411.056	-3579.863	168.8066	0.5364635	1.399784	2.50211
19332	-3409.595	-3578.885	169.2906	0.3796843	1.414937	2.36223
19338	-3409.059	-3578.12	169.061	0.3566549	1.416988	2.534674
19344	-3417.43	-3586.617	169.1872	0.3461618	1.552673	2.384145
19350	-3416.145	-3586.003	169.8583	0.3016922	1.482228	2.060152
19356	-3419.9	-3589.361	169.4618	0.3016922	1.533699	2.28432
19362	-3415.873	-3584.709	168.8358	0.4504495	1.37142	2.590996
19368	-3422.95	-3590.306	167.3559	0.351652	1.301465	3.629805
19374	-3421.59	-3591.381	169.7911	0.2831633	1.559644	2.082335
19380	-3425.914	-3595.46	169.5464	0.3946278	1.563023	2.082543
19386	-3435.903	-3604.426	168.5229	0.3946278	1.474886	2.783424
19392	-3415.439	-3584.032	168.5932	0.4163438	1.456441	2.726376
19398	-3425.118	-3593.582	168.4638	0.3607907	1.4519	2.874451
19404	-3427.229	-3595.477	168.2481	0.411854	1.18501	3.103674
19410	-3414.364	-3582.491	168.1271	0.411854	1.304469	3.104628
19416	-3414.752	-3583.61	168.8575	0.4315361	1.477436	2.532871
19422	-3410.038	-3579.255	169.2168	0.4315361	1.459775	2.317625
19428	-3419.047	-3586.976	167.9288	0.4695317	1.309105	3.157857
19434	-3414.159	-3582.006	167.8473	0.3652324	1.238997	3.363112
19440	-3407.131	-3576.365	169.2348	0.4652562	1.49819	2.24301
19446	-3409.204	-3578.404	169.2003	0.3601439	1.507316	2.386036
19452	-3424.291	-3593.497	169.2066	0.3593848	1.531622	2.367672
19458	-3410.091	-3579.798	169.7067	0.3593848	1.684912	1.941837
19464	-3412.232	-3581.615	169.3827	0.3596511	1.584643	2.220804
19470	-3413.386	-3579.739	166.353	0.472213	1.108797	4.184357
19476	-3415.729	-3584.341	168.6126	0.3595663	1.385832	2.825806
19482	-3399.032	-3566.183	167.1513	0.4675911	1.252801	3.648727
19488	-3407.309	-3575.927	168.6183	0.3565644	1.395855	2.820031
19494	-3407.112	-3574.803	167.6919	0.4301753	1.364195	3.306856
19500	-3409.487	-3577.935	168.4477	0.4301753	1.493238	2.77716
19506	-3410.758	-3580.037	169.2798	0.3837294	1.447759	2.343157
19512	-3413.066	-3580.895	167.8292	0.4526442	1.351658	3.20924
19518	-3410.424	-3578.861	168.4369	0.4374038	1.262595	2.915598
19524	-3419.56	-3588.311	168.7504	0.4000848	1.296801	2.746786
19530	-3432.029	-3601.868	169.8394	0.5074126	1.701988	1.649633
19536	-3420.772	-3590.701	169.9287	0.4239428	1.781647	1.632528
19542	-3419.819	-3590.086	170.2677	0.4246818	1.86594	1.310249
19548	-3414.844	-3585.414	170.5701	0.3519203	1.878882	1.16581
19554	-3410.99	-3581.204	170.2145	0.4103105	1.949523	1.307458
19560	-3426.544	-3596.471	169.9267	0.4103105	1.73673	1.684401
19566	-3410.603	-3580.609	170.0066	0.4103105	1.656836	1.684401
19572	-3413.505	-3583.363	169.8587	0.4103105	1.67068	1.778637
19578	-3414.862	-3584.652	169.79	0.5144897	1.67068	1.698968
19584	-3427.31	-3597.498	170.1875	0.3699191	1.825329	1.486988
19590	-3411.664	-3581.599	169.9356	0.3309278	1.697776	1.818354
19596	-3408.16	-3577.867	169.7071	0.4070871	1.448227	2.036433
19602	-3417.217	-3586.958	169.7414	0.5295542	1.513697	1.825634
19608	-3410.892	-3579.694	168.8018	0.5295542	1.499173	2.449724
19614	-3409.236	-3577.853	168.6166	0.4893637	1.499173	2.606012
19620	-3408.154	-3577.915	169.7615	0.3550084	1.698958	1.901428
19626	-3411.548	-3581.236	169.6883	0.3983219	1.554839	1.989188
19632	-3412.325	-3582.257	169.9328	0.3481066	1.64479	1.831357
19638	-3406.635	-3575.599	168.9632	0.3832504	1.423057	2.558142
19644	-3407.621	-3576.612	168.991	0.3976353	1.367084	2.558142
19650	-3410.787	-3579.713	168.926	0.4054744	1.392653	2.573305
19656	-3420.175	-3588.915	168.7398	0.4107633	1.406928	2.673264
19662	-3417.198	-3585.953	168.7554	0.4200077	1.335072	2.697169
19668	-3408.853	-3577.149	168.2953	0.4315087	1.329612	2.966981
19674	-3403.923	-3572.248	168.325	0.4154443	1.329724	2.966981
19680	-3403.218	-3571.552	168.3337	0.4170549	1.299435	2.978142
19686	-3405.316	-3574.054	168.7374	0.4070115	1.428068	2.666159
19692	-3414.946	-3583.805	168.8587	0.4070115	1.445816	2.580249
19698	-3413.16	-3580.999	167.8391	0.504657	1.343301	3.155708
19704	-3421.159	-3589.48	168.3206	0.3525287	1.480764	2.953819
19710	-3419.113	-3587.94	168.8264	0.3942002	1.475364	2.597207
19716	-3411.781	-3580.872	169.0917	0.4234286	1.340484	2.481454
19722	-3419.657	-3588.542	168.8848	0.424113	1.335932	2.612215
19728	-3417.042	-3586.294	169.2521	0.3613252	1.435358	2.397264
19734	-3412.01	-3581.313	169.3029	0.3982277	1.501293	2.276134
19740	-3412.994	-3582.803	169.8082	0.4413387	1.650092	1.788226
19746	-3421.543	-3591.251	169.7076	0.4413387	1.650092	1.857561
19752	-3412.274	-3581.983	169.7091	0.4322162	1.650092	1.867824
19758	-3417.839	-3587.088	169.2493	0.3699156	1.628514	2.264855
19764	-3415.405	-3584.781	169.3764	0.4451341	1.559765	2.134313
19770	-3425.792	-3596.128	170.336	0.3959704	1.99059	1.194868
19776	-3426.64	-3596.9	170.2603	0.3959704	2.000669	1.250441
19782	-3416.551	-3585.786	169.235	0.3843475	1.515377	2.327833
19788	-3421.444	-3589.973	168.5294	0.3995782	1.370238	2.83726
19794	-3427.488	-3596.296	168.8072	0.3995782	1.282983	2.721126
19800	-3414.485	-3582.484	167.9992	0.3470403	1.360676	3.224146
19806	-3417.937	-3586.933	168.9964	0.398153	1.518587	2.459536
19812	-3414.322	-3584.003	169.6814	0.3475378	1.585796	2.041452
19818	-3427.825	-3596.705	168.8801	0.4187753	1.449003	2.551165
19824	-3415.916	-3585.117	169.2003	0.4428902	1.471958	2.30725
19830	-3420.886	-3590.144	169.2583	0.4054174	1.489017	2.303695
19836	-3409.698	-3578.361	168.6632	0.4054174	1.41961	2.718785
19842	-3420.929	-3590.701	169.7718	0.3735619	1.625337	1.918556
19848	-3418.81	-3588.601	169.7912	0.3679095	1.577223	1.945651
19854	-3420.376	-3589.686	169.31	0.4050261	1.430647	2.308424
19860	-3415.998	-3585.365	169.3665	0.3959614	1.492315	2.243873
19866	-3413.997	-3583.597	169.6004	0.4767069	1.534463	1.96641
19872	-3413.053	-3582.837	169.7835	0.3654552	1.543588	1.976757
19878	-3410.149	-3579.654	169.5057	0.3755522	1.444674	2.210853
19884	-3406.962	-3576.132	169.1696	0.3587658	1.518502	2.400163
19890	-3407.936	-3575.71	167.7742	0.4320186	1.334541	3.273847
19896	-3413.298	-3582.509	169.2114	0.4127259	1.478835	2.331234
19902	-3422.408	-3591.727	169.319	0.3401657	1.454519	2.370968
19908	-3418.195	-3587.189	168.9937	0.2898311	1.41606	2.668921
19914	-3424.44	-3591.816	167.3756	0.4576847	1.115488	3.60825
19920	-3411.13	-3580.898	169.7681	0.4435684	1.704352	1.775605
19926	-3416.312	-3586.201	169.889	0.4249581	1.651234	1.751951
19932	-3418.212	-3587.792	169.5799	0.524585	1.637749	1.856715
19938	-3412.187	-3582.123	169.9362	0.3445648	1.681737	1.808691
19944	-3411.134	-3581.467	170.333	0.3445648	1.661008	1.540389
19950	-3423.287	-3593.13	169.843	0.3927018	1.638319	1.835269
19956	-3414.287	-3584.033	169.7456	0.372584	1.659996	1.914155
19962	-3419.9	-3589.564	169.6638	0.4772168	1.587276	1.887298
19968	-3415.869	-3585.172	169.3024	0.4181139	1.56519	2.211013
19974	-3417.062	-3586.466	169.4046	0.5136478	1.565287	2.035371
19980	-3408.428	-3577.345	168.9164	0.3547754	1.485679	2.584308
19986	-3420.253	-3589.678	169.4254	0.3547754	1.715053	2.11491
19992	-3421.38	-3590.524	169.144	0.3238034	1.606023	2.40841
19998	-3421.998	-3591.655	169.6571	0.3880237	1.575186	2.009818
20004	-3418.007	-3587.518	169.5112	0.4321084	1.54611	2.07034
20010	-3409.938	-3578.924	168.9861	0.411441	1.506909	2.457405
20016	-3414.255	-3582.809	168.5545	0.3393458	1.531453	2.79856
20022	-3424.164	-3591.266	167.1017	0.4132243	1.254197	3.733381
20028	-3431.293	-3599.672	168.3781	0.3476297	1.368534	2.992916
20034	-3427.65	-3595.433	167.7831	0.4004214	1.336165	3.302558
20040	-3415.134	-3584.452	169.3176	0.4180253	1.505267	2.239939
20046	-3427.963	-3597.621	169.6582	0.3852094	1.675678	1.945536
20052	-3431.321	-3601.141	169.8197	0.4363544	1.566654	1.844067
20058	-3416.821	-3586.666	169.8441	0.4745709	1.712961	1.677709
20064	-3419.897	-3589.632	169.7345	0.3750366	1.712961	1.882411
20070	-3424.172	-3594.23	170.058	0.3721419	1.673362	1.689227
20076	-3423.696	-3593.539	169.8436	0.329241	1.570196	1.970076
20082	-3419.65	-3588.782	169.1325	0.4267729	1.483041	2.361997
20088	-3425.691	-3594.418	168.7271	0.5301308	1.419696	2.545505
20094	-3432.075	-3600.995	168.9199	0.3675859	1.505282	2.553563
20100	-3419.372	-3587.957	168.5849	0.3265441	1.288174	2.944306
20106	-3416.434	-3584.973	168.5394	0.4554491	1.341561	2.785996
20112	-3411.895	-3580.237	168.3413	0.4098075	1.390028	2.927247
20118	-3411.184	-3580.343	169.159	0.4339807	1.455459	2.35434
20124	-3413.835	-3583.614	169.7793	0.3451483	1.784101	1.845431
20130	-3423.577	-3593.481	169.9036	0.3451483	1.794749	1.751948
20136	-3418.134	-3588.185	170.0508	0.3991642	1.707502	1.631785
20142	-3420.539	-3591.027	170.4884	0.3128508	1.946068	1.2509
20148	-3422.842	-3593.269	170.4271	0.2933274	1.905198	1.370109
20154	-3418.931	-3589.102	170.1707	0.4354086	1.86822	1.370109
20160	-3415.521	-3585.58	170.0584	0.4354086	1.687271	1.591709
20166	-3418.284	-3588.367	170.0835	0.4300623	1.714361	1.560626
20172	-3414.637	-3584.206	169.5692	0.3844733	1.644244	2.027011
20178	-3420.168	-3590.387	170.2192	0.33803	1.652048	1.640122
20184	-3424.594	-3591.07	166.4753	0.4477	1.098876	4.144892
20190	-3428.001	-3598.382	170.3816	0.4924622	1.818404	1.154028
20196	-3415.123	-3585.376	170.2533	0.3918761	1.714223	1.488153
20202	-3411.228	-3581.455	170.2266	0.4016614	1.877839	1.368187
20208	-3406.444	-3576.721	170.2766	0.4383991	1.906645	1.248923
20214	-3412.84	-3583.347	170.5066	0.3444452	1.756278	1.334238
20220	-3413.201	-3583.278	170.0775	0.437883	1.756278	1.523513
20226	-3406.253	-3576.493	170.2399	0.4265967	1.75884	1.414061
20232	-3422.922	-3593.126	170.2037	0.4122487	1.821861	1.414061
20238	-3418.576	-3588.375	169.7986	0.5020759	1.681496	1.699537
20244	-3408.939	-3578.764	169.8255	0.496462	1.645648	1.712494
20250	-3423.897	-3593.713	169.816	0.4779859	1.686235	1.712494
20256	-3419.273	-3588.992	169.7195	0.394383	1.589529	1.950146
20262	-3430.143	-3599.839	169.6965	0.5356358	1.51415	1.84951
20268	-3413.499	-3583.406	169.9079	0.4345675	1.674038	1.710215
20274	-3405.309	-3574.663	169.3546	0.4677544	1.506125	2.157542
20280	-3403.69	-3573.799	170.1092	0.3485503	1.641993	1.709715
20286	-3414.369	-3584.211	169.8427	0.4743167	1.503883	1.825335
20292	-3412.245	-3581.539	169.2943	0.4576972	1.430669	2.256665
20298	-3417.374	-3586.506	169.1318	0.4792832	1.423545	2.34115
20304	-3404.51	-3573.35	168.8398	0.3938227	1.497018	2.575967
20310	-3406.121	-3575.152	169.031	0.3306532	1.43611	2.575967
20316	-3407.834	-3575.719	167.8847	0.3840324	1.353611	3.251206
20322	-3422.358	-3590.023	167.6644	0.4267188	1.204171	3.420747
20328	-3419.787	-3587.832	168.0453	0.4201462	1.245476	3.179064
20334	-3419.273	-3587.623	168.3502	0.4020779	1.250409	3.014719
20340	-3406.233	-3573.312	167.0797	0.4272313	1.240268	3.739019
20346	-3407.512	-3574.438	166.926	0.4556501	1.172891	3.836903
20352	-3418.032	-3585.822	167.79	0.4234159	1.197795	3.354394
20358	-3415.485	-3582.978	167.4929	0.4067455	1.205781	3.54176
20364	-3409.975	-3578.385	168.4095	0.3697655	1.349827	2.95774
20370	-3412.297	-3580.794	168.4969	0.3697655	1.395753	2.877276
20376	-3417.029	-3585.622	168.593	0.4443809	1.545671	2.640065
20382	-3409.075	-3577.802	168.7271	0.3348336	1.51384	2.709811
20388	-3402.695	-3572.28	169.5847	0.441525	1.58188	1.986471
20394	-3397.887	-3567.687	169.8001	0.4675928	1.625999	1.778382
20400	-3402.192	-3572.302	170.1098	0.5056279	1.793329	1.381528
20406	-3413.243	-3583.194	169.9507	0.4364557	1.833091	1.562361
20412	-3413.717	-3583.631	169.9137	0.4316225	1.655547	1.723005
20418	-3408.999	-3578.862	169.8625	0.3357893	1.656116	1.889721
20424	-3409.093	-3578.115	169.0212	0.3173759	1.515751	2.55083
20430	-3411.188	-3579.639	168.4512	0.4178447	1.49336	2.788885
20436	-3417.587	-3586.767	169.18	0.3250159	1.433592	2.492415
20442	-3423.688	-3591.776	168.088	0.3780511	1.374014	3.125609
20448	-3419.072	-3587.75	168.6783	0.3780511	1.356544	2.780759
20454	-3412.061	-3581.245	169.1837	0.3889541	1.444307	2.399674
20460	-3414.316	-3583.048	168.7318	0.497294	1.444307	2.560409
20466	-3416.624	-3585.259	168.6345	0.3282627	1.423936	2.829942
20472	-3422.219	-3590.338	168.1188	0.419384	1.40327	3.042114
20478	-3429.047	-3597.132	168.0859	0.3714018	1.329322	3.161431
20484	-3434.005	-3602.029	168.024	0.3751998	1.383554	3.161431
20490	-3415.569	-3583.463	167.8935	0.3808151	1.247369	3.312465
20496	-3417.481	-3585.392	167.9107	0.3419282	1.299808	3.318752
20502	-3421.032	-3588.382	167.3502	0.3231743	1.247945	3.699716
20508	-3410.568	-3578.138	167.5698	0.4736545	1.319364	3.359683
20514	-3416.82	-3584.345	167.5255	0.4623444	1.217164	3.457016
20520	-3411.746	-3579.442	167.6955	0.4342931	1.3089	3.332855
20526	-3413.018	-3581.033	168.0146	0.4342931	1.189271	3.215111
20532	-3397.093	-3565.258	168.1643	0.401214	1.205419	3.153479
20538	-3405.235	-3572.528	167.2935	0.4830726	1.159703	3.604848
20544	-3410.72	-3577.355	166.6346	0.5220268	1.151762	3.952139
20550	-3415.96	-3583.447	167.4868	0.3850946	1.288572	3.521563
20556	-3419.678	-3588.353	168.6745	0.3097097	1.385059	2.854438
20562	-3427.81	-3596.308	168.4984	0.3568085	1.421588	2.876872
20568	-3424.747	-3593.132	168.3853	0.495258	1.401658	2.801704
20574	-3412.829	-3580.409	167.5807	0.3777654	1.305565	3.465363
20580	-3421.849	-3589.572	167.7229	0.4191479	1.278477	3.351087
20586	-3422.586	-3590.148	167.5618	0.4145789	1.226621	3.480824
20592	-3425.396	-3592.885	167.4896	0.4245761	1.280146	3.480824
20598	-3431.53	-3599.511	167.9813	0.3612021	1.273845	3.268529
20604	-3424.522	-3591.933	167.411	0.4915655	1.171136	3.521552
20610	-3421.347	-3590.545	169.1978	0.3684915	1.499372	2.381814
20616	-3419.514	-3589.269	169.7552	0.3410091	1.609395	1.985946
20622	-3414.795	-3584.521	169.7267	0.3543687	1.609576	1.985946
20628	-3412.214	-3582.201	169.9867	0.3845243	1.609576	1.766849
20634	-3408.116	-3577.634	169.518	0.4785105	1.616003	1.964903
20640	-3406.781	-3575.987	169.2068	0.443399	1.414324	2.339229
20646	-3426.499	-3595.08	168.5812	0.4213644	1.39358	2.766445
20652	-3426.753	-3594.958	168.2054	0.4214698	1.338825	3.02656
20658	-3417.484	-3585.923	168.4395	0.4081542	1.35659	2.890088
20664	-3426.437	-3595.247	168.8099	0.4178623	1.35017	2.656863
20670	-3434.752	-3604.083	169.3316	0.4153618	1.618869	2.160609
20676	-3417.852	-3587.503	169.6511	0.4566749	1.690975	1.849508
20682	-3420.093	-3589.951	169.8578	0.3914176	1.775787	1.731239
20688	-3418.425	-3588.328	169.9029	0.4464271	1.634729	1.726408
20694	-3421.206	-3591.04	169.8341	0.3941203	1.70513	1.793418
20700	-3430.116	-3600.334	170.2182	0.4732696	1.871185	1.275697
20706	-3447.659	-3618.372	170.7129	0.3206623	1.975596	1.006374
20712	-3431.064	-3600.102	169.0383	0.3876764	1.533998	2.436407
20718	-3434.588	-3603.571	168.9834	0.3876764	1.513102	2.483942
20724	-3432.215	-3601.156	168.9413	0.4466362	1.41103	2.504947
20730	-3434.772	-3603.733	168.9606	0.401377	1.4479	2.522269
20736	-3418.408	-3586.891	168.4832	0.3708249	1.492243	2.825762
20742	-3408.109	-3577.313	169.2043	0.3946849	1.570404	2.299362
20748	-3410.269	-3579.916	169.647	0.3946849	1.577876	2.006077
20754	-3421.057	-3591.014	169.9571	0.3569614	1.549548	1.867248
20760	-3419.051	-3587.776	168.7247	0.4368561	1.449186	2.626729
20766	-3411.006	-3578.802	167.7959	0.362128	1.393688	3.306082
20772	-3408.063	-3575.875	167.8129	0.4432525	1.250081	3.288807
20778	-3408.184	-3576.019	167.8348	0.5047195	1.311904	3.176826
20784	-3415.81	-3583.856	168.046	0.3709111	1.328174	3.186395
20790	-3421.526	-3589.985	168.4596	0.3574239	1.390175	2.918532
20796	-3409.511	-3578.17	168.6599	0.3627671	1.449992	2.753886
20802	-3411.83	-3580.635	168.8052	0.3979282	1.428707	2.634671
20808	-3417.329	-3586.154	168.8243	0.3824802	1.410413	2.65285
20814	-3419.634	-3588.313	168.6794	0.4265424	1.471025	2.65285
20820	-3430.159	-3599.9	169.7416	0.4016832	1.505068	1.982475
20826	-3432.43	-3602.435	170.0053	0.4740553	1.910992	1.412538
20832	-3414.665	-3584.567	169.9018	0.3548707	1.592892	1.878376
20838	-3415.002	-3584.703	169.7011	0.4898055	1.632908	1.815926
20844	-3416.909	-3586.811	169.9023	0.3896804	1.613011	1.815926
20850	-3408.42	-3578.14	169.72	0.4822656	1.737133	1.739104
20856	-3414.714	-3584.859	170.1448	0.4198226	1.699284	1.540505
20862	-3417.549	-3587.731	170.182	0.4274805	1.800679	1.42522
20868	-3425.641	-3595.591	169.9498	0.3840453	1.689055	1.737712
20874	-3424.189	-3592.953	168.7638	0.4818025	1.417385	2.573398
20880	-3414.317	-3582.621	168.3038	0.3495172	1.35452	3.043447
20886	-3408.045	-3576.389	168.3434	0.3403364	1.334517	3.043447
20892	-3413.752	-3581.819	168.0674	0.3403364	1.292359	3.232707
20898	-3424.441	-3592.285	167.8445	0.4272471	1.307946	3.253191
20904	-3423.703	-3589.662	165.959	0.3330865	1.35628	4.419078
20910	-3402.669	-3568.906	166.2377	0.3330865	1.226987	4.33472
20916	-3411.18	-3580.058	168.8784	0.3545973	1.479742	2.61175
20922	-3416.039	-3584.758	168.7192	0.3607709	1.43061	2.731982
20928	-3415.848	-3583.807	167.9596	0.3655038	1.330057	3.242907
20934	-3423.202	-3591.371	168.1689	0.3445892	1.319659	3.150935
20940	-3417.696	-3584.745	167.0493	0.3097179	1.257658	3.884867
20946	-3424.9	-3592.486	167.5866	0.3520911	1.326686	3.480376
20952	-3425.928	-3594.807	168.8789	0.3279541	1.482107	2.645201
20958	-3416.974	-3586.425	169.451	0.4761268	1.482107	2.100811
20964	-3413.334	-3582.555	169.2208	0.4068875	1.482762	2.329757
20970	-3406.673	-3575.913	169.2404	0.3768862	1.436892	2.383655
20976	-3417.588	-3586.865	169.2774	0.398338	1.554161	2.258455
20982	-3420.673	-3590.17	169.4968	0.3745147	1.503107	2.180136
20988	-3416.574	-3585.823	169.2482	0.3829398	1.539849	2.305581
20994	-3411.262	-3580.722	169.4591	0.3074258	1.490695	2.305032
21000	-3425.137	-3594.305	169.1676	0.2944162	1.503605	2.500078
21006	-3416.25	-3585.703	169.4526	0.4007262	1.636106	2.088446
21012	-3413.453	-3582.869	169.4161	0.4119028	1.581248	2.134313
21018	-3414.565	-3584.103	169.5371	0.4819354	1.541397	1.998093
21024	-3425.893	-3595.305	169.4122	0.3896117	1.44892	2.250382
21030	-3418.448	-3587.108	168.6599	0.2803279	1.390344	2.901986
21036	-3414.446	-3582.974	168.5285	0.4958653	1.411667	2.707507
21042	-3404.931	-3573.909	168.978	0.3991042	1.53196	2.461559
21048	-3411.029	-3580.913	169.884	0.2903574	1.662761	1.94041
21054	-3397.345	-3566.498	169.1529	0.3350625	1.514765	2.444697
21060	-3406.598	-3574.929	168.331	0.3809787	1.538131	2.877887
21066	-3415.719	-3583.678	167.959	0.3603398	1.279912	3.279174
21072	-3413.507	-3582.187	168.6798	0.354508	1.329466	2.82561
21078	-3416.976	-3585.663	168.6869	0.354508	1.418094	2.767362
21084	-3412.29	-3581.094	168.8042	0.354508	1.420347	2.694166
21090	-3415.985	-3584.814	168.8289	0.3261475	1.456547	2.694166
21096	-3409.846	-3578.209	168.3634	0.3846636	1.342666	2.971775
21102	-3407.211	-3575.25	168.0393	0.3846636	1.303193	3.18884
21108	-3419.019	-3588.33	169.3112	0.3495098	1.437824	2.373922
21114	-3415.513	-3584.491	168.9789	0.4508551	1.452218	2.450918
21120	-3431.658	-3600.554	168.8955	0.3852022	1.416877	2.601589
21126	-3419.185	-3588.336	169.1515	0.2972536	1.401802	2.569403
21132	-3417.704	-3587.051	169.3471	0.2972536	1.481495	2.397001
21138	-3425.575	-3593.208	167.6333	0.4424337	1.353847	3.334343
21144	-3423.817	-3591.007	167.1894	0.4424337	1.193916	3.686463
21150	-3430.947	-3599.411	168.4647	0.4353622	1.350979	2.847538
21156	-3420.693	-3589.08	168.3875	0.4084848	1.321928	2.941954
21162	-3425.71	-3594.127	168.4166	0.4095707	1.318436	2.925312
21168	-3413.692	-3582.684	168.9925	0.3124748	1.451926	2.615078
21174	-3420.381	-3588.151	167.7706	0.5379272	1.323545	3.176383
21180	-3415.158	-3583.547	168.3889	0.4207393	1.328405	2.923335
21186	-3417.076	-3584.829	167.7524	0.3561975	1.287409	3.401309
21192	-3416.358	-3583.879	167.5211	0.3377127	1.230433	3.592369
21198	-3416.317	-3584.374	168.0569	0.4001231	1.250276	3.191882
21204	-3411.189	-3580.636	169.4464	0.413252	1.478973	2.179504
21210	-3409.712	-3579.598	169.8858	0.3465901	1.580944	1.909191
21216	-3421.801	-3591.37	169.5687	0.4224022	1.547707	2.043091
21222	-3420.052	-3589.677	169.6254	0.3666999	1.599482	2.043091
21228	-3423.4	-3592.809	169.4097	0.4192318	1.546634	2.152079
21234	-3423.618	-3592.759	169.1413	0.3754518	1.451376	2.438853
21240	-3421.767	-3590.693	168.9266	0.4595474	1.369821	2.525581
21246	-3416.82	-3585.382	168.5621	0.3564162	1.301824	2.911227
21252	-3417.786	-3586.571	168.7856	0.4036926	1.507969	2.590969
21258	-3416.142	-3585.16	169.0182	0.3152183	1.459	2.590969
21264	-3402.793	-3571.616	168.8232	0.4285399	1.4283	2.588124
21270	-3404.283	-3572.747	168.464	0.4318431	1.451181	2.790972
21276	-3408.727	-3577.052	168.3252	0.4063227	1.425651	2.919499
21282	-3405.398	-3572.65	167.2519	0.4063227	1.207536	3.681125
21288	-3409.675	-3576.692	167.0168	0.4187899	1.230324	3.790089
21294	-3410.517	-3578.121	167.6044	0.3664208	1.357279	3.434707
21300	-3416.607	-3583.685	167.0774	0.3479705	1.216564	3.844032
21306	-3412.808	-3581.278	168.4695	0.3551759	1.240525	3.005387
21312	-3408.005	-3575.686	167.6812	0.3640012	1.291708	3.431062
21318	-3415.983	-3584.496	168.5129	0.3395507	1.261432	2.986638
21324	-3414.74	-3582.818	168.0773	0.3889745	1.325829	3.147778
21330	-3419.855	-3588.129	168.2741	0.4303462	1.325829	2.983307
21336	-3417.412	-3585.601	168.1889	0.4898583	1.306648	2.983307
21342	-3422.556	-3590.752	168.1967	0.5972189	1.330904	2.862837
21348	-3422.346	-3590.707	168.361	0.3855254	1.303322	2.995851
21354	-3433.052	-3601.576	168.5235	0.4352428	1.409355	2.776456
21360	-3416.348	-3585.613	169.265	0.3279871	1.454097	2.422088
21366	-3419.803	-3588.911	169.1077	0.3724445	1.461511	2.45743
21372	-3428.899	-3595.111	166.2123	0.3985006	1.141767	4.321492
21378	-3431.087	-3597.883	166.7966	0.3985006	1.185212	3.964511
21384	-3430.437	-3600.217	169.7795	0.3345404	1.652014	1.950453
21390	-3431.164	-3599.316	168.1519	0.3686387	1.367887	3.102541
21396	-3428.152	-3597.265	169.1131	0.353887	1.420665	2.503526
21402	-3435.281	-3604.722	169.4401	0.3825265	1.588222	2.151206
21408	-3422.289	-3591.655	169.3664	0.3551156	1.598543	2.228413
21414	-3425.521	-3595.241	169.7207	0.3551156	1.535034	2.03853
21420	-3426.833	-3596.561	169.7279	0.374296	1.775184	1.845389
21426	-3415.991	-3586.047	170.0553	0.3656555	1.766492	1.633979
21432	-3421.009	-3590.785	169.7755	0.4036102	1.766492	1.778788
21438	-3407.06	-3576.442	169.3821	0.4036102	1.652241	2.120437
21444	-3404.069	-3573.292	169.2233	0.4036102	1.557651	2.284377
21450	-3407.797	-3577.856	170.0586	0.4136009	1.758806	1.568752
21456	-3412.668	-3582.933	170.2648	0.3464655	1.795585	1.487827
21462	-3420.552	-3590.741	170.1887	0.4241502	1.81329	1.415027
21468	-3418.963	-3588.647	169.6843	0.3567644	1.678766	1.964674
21474	-3415.563	-3584.959	169.3967	0.4451064	1.448039	2.193804
21480	-3410.856	-3579.931	169.0752	0.4297198	1.422513	2.433053
21486	-3415.885	-3585.178	169.2927	0.4023125	1.482204	2.289828
21492	-3412.953	-3581.901	168.948	0.3818642	1.411776	2.576281
21498	-3431.521	-3600.762	169.2412	0.3106911	1.54766	2.402468
21504	-3429.261	-3598.26	168.9992	0.39231	1.408619	2.53364
21510	-3417.926	-3586.649	168.723	0.5520333	1.408619	2.53364
21516	-3415.763	-3584.738	168.9756	0.4485974	1.517089	2.414663
21522	-3412.204	-3581.161	168.9573	0.4283096	1.430815	2.503375
21528	-3423.047	-3592.607	169.5597	0.4283096	1.531516	2.052521
21534	-3437.671	-3605.741	168.0701	0.4058293	1.195124	3.210233
21540	-3417.528	-3584.751	167.2225	0.4203011	1.278176	3.641947
21546	-3421.371	-3589.402	168.0307	0.3781831	1.211046	3.256079
21552	-3422.569	-3592.767	170.198	0.5263289	1.744446	1.323817
21558	-3412.329	-3582.517	170.1888	0.4698896	1.836784	1.33223
21564	-3417.978	-3588.094	170.1154	0.4118926	1.891568	1.428913
21570	-3413.701	-3583.507	169.8051	0.391664	1.697311	1.822176
21576	-3405.455	-3575.657	170.202	0.391664	1.781462	1.476477
21582	-3416.747	-3586.822	170.0753	0.4424762	1.701048	1.559851
21588	-3419.723	-3589.89	170.1665	0.4267685	1.844127	1.404577
21594	-3418.599	-3588.774	170.1756	0.4974621	1.711467	1.404577
21600	-3420.294	-3590.354	170.0592	0.4974621	1.82787	1.404577
21606	-3423.007	-3593.062	170.0544	0.4706382	1.890234	1.395097
21612	-3430.092	-3598.655	168.5632	0.3454211	1.382712	2.875631
21618	-3426.067	-3594.108	168.0404	0.3952669	1.327238	3.161577
21624	-3421.687	-3592.053	170.366	0.426275	1.957802	1.147318
21630	-3419.055	-3589.448	170.3929	0.3549993	2.079369	1.139618
21636	-3423.185	-3593.53	170.3456	0.3515368	1.855547	1.37132
21642	-3420.317	-3590.57	170.2528	0.4368523	1.788533	1.366138
21648	-3418.891	-3588.43	169.5387	0.4353511	1.542018	2.051005
21654	-3422.205	-3590.211	168.0055	0.4037631	1.288169	3.195706
21660	-3418.064	-3586.249	168.1852	0.4155575	1.275124	3.083326
21666	-3429.326	-3597.655	168.3293	0.3880985	1.466342	2.913762
21672	-3426.496	-3595.977	169.4809	0.4725608	1.43817	2.114025
21678	-3414.333	-3583.68	169.3465	0.4509065	1.459526	2.21219
21684	-3417.145	-3585.447	168.3018	0.4440309	1.283764	2.976987
21690	-3417.094	-3585.375	168.2807	0.4589517	1.277691	2.977408
21696	-3419.842	-3588.016	168.174	0.4794518	1.349033	2.977408
21702	-3410.272	-3578.135	167.8628	0.4206797	1.433226	3.175388
21708	-3410.341	-3578.498	168.157	0.4157751	1.39641	3.027409
21714	-3411.308	-3579.621	168.3137	0.3968832	1.243252	3.046855
21720	-3420.505	-3589.088	168.5832	0.3236121	1.38174	2.892793
21726	-3424.965	-3593.7	168.7349	0.419142	1.476393	2.623788
21732	-3418.098	-3586.652	168.5543	0.4018928	1.408499	2.796167
21738	-3412.19	-3580.706	168.5155	0.3384186	1.318636	2.952146
21744	-3414.133	-3582.974	168.8403	0.3533678	1.442163	2.660003
21750	-3399.802	-3568.45	168.6479	0.389153	1.431431	2.740137
21756	-3410.886	-3579.009	168.123	0.4766437	1.265643	3.060769
21762	-3412.464	-3580.079	167.6155	0.4098241	1.320035	3.400021
21768	-3420.363	-3586.953	166.5902	0.4587041	1.176521	4.024113
21774	-3416.775	-3586.456	169.6806	0.331454	1.63372	2.033179
21780	-3418.377	-3587.97	169.5929	0.3998155	1.523278	2.071486
21786	-3422.113	-3591.413	169.3005	0.4664234	1.510288	2.191439
21792	-3425.22	-3594.135	168.9143	0.459055	1.51066	2.445709
21798	-3417.436	-3585.96	168.5236	0.4286713	1.570041	2.685391
21804	-3420.238	-3589.139	168.901	0.3928161	1.465747	2.558611
21810	-3426.595	-3595.538	168.9429	0.3715443	1.482557	2.548349
21816	-3423.38	-3592.493	169.1128	0.4523909	1.411411	2.390532
21822	-3428.159	-3595.959	167.7998	0.3016884	1.366558	3.397342
21828	-3431.509	-3600.235	168.7257	0.3102933	1.395469	2.816246
21834	-3433.275	-3602.353	169.0779	0.3421545	1.501346	2.490588
21840	-3419.194	-3588.451	169.2567	0.3753471	1.53512	2.312848
21846	-3410.198	-3579.144	168.9461	0.2883183	1.424235	2.695368
21852	-3405.845	-3574.982	169.1369	0.4592889	1.467767	2.331773
21858	-3409.185	-3578.373	169.188	0.3591821	1.434345	2.441084
21864	-3414.546	-3583.319	168.7738	0.3581561	1.3824	2.731411
21870	-3436.648	-3604.632	167.9836	0.4002258	1.404735	3.143536
21876	-3418.685	-3586.584	167.8984	0.4109992	1.345536	3.21704
21882	-3428.463	-3598.754	170.2911	0.3225795	1.788185	1.512519
21888	-3417.177	-3587.219	170.0419	0.3225795	1.825327	1.667257
21894	-3436.033	-3603.298	167.2648	0.4093645	1.183927	3.68396
21900	-3413.601	-3583.714	170.113	0.3744652	1.819181	1.540343
21906	-3414.527	-3584.016	169.4886	0.399508	1.703834	2.021402
21912	-3418.54	-3586.43	167.89	0.4025549	1.276678	3.272228
21918	-3421.436	-3589.15	167.7138	0.323729	1.195551	3.518356
21924	-3421.696	-3590.193	168.4973	0.3838772	1.326476	2.901792
21930	-3420.569	-3589.012	168.443	0.4653785	1.40826	2.7935
21936	-3409.858	-3578.243	168.3852	0.4507995	1.392469	2.853784
21942	-3409.464	-3578.453	168.9887	0.4395108	1.517194	2.416642
21948	-3417.573	-3586.276	168.7033	0.4652219	1.36974	2.65786
21954	-3427.994	-3595.038	167.0444	0.3526809	1.186745	3.87446
21960	-3434.777	-3604.487	169.7103	0.3980843	1.520622	1.997611
21966	-3426.11	-3595.965	169.8555	0.4737795	1.551584	1.784127
21972	-3421.558	-3590.921	169.3634	0.3935493	1.568056	2.200017
21978	-3427.147	-3597.059	169.9114	0.3706131	1.552801	1.87706
21984	-3422.767	-3592.305	169.5376	0.3553905	1.528099	2.162837
21990	-3424.494	-3593.722	169.2279	0.34719	1.506169	2.386459
21996	-3423.268	-3592.056	168.7878	0.3907966	1.591922	2.552956
22002	-3417.035	-3584.488	167.4532	0.3379823	1.171024	3.665841
22008	-3430.473	-3597.719	167.2456	0.3359529	1.069739	3.846564
22014	-3427.402	-3593.222	165.8191	0.3427403	1.084272	4.638862
22020	-3417.262	-3582.808	165.5463	0.3712557	1.126406	4.734794
22026	-3420.718	-3587.304	166.5861	0.2799297	1.126406	4.263684
22032	-3422.453	-3588.914	166.461	0.324197	1.185052	4.243139
22038	-3427.731	-3594.298	166.5666	0.3252071	1.11178	4.223551
22044	-3418.443	-3585.479	167.0363	0.3850757	1.304831	3.773263
22050	-3420.944	-3585.999	165.0554	0.3243721	1.0851	5.086314
22056	-3412.103	-3578.736	166.6332	0.3582703	1.137	4.131143
22062	-3409.776	-3576.992	167.2161	0.3452404	1.1801	3.788583
22068	-3417.978	-3586.335	168.3564	0.3452404	1.298985	3.050622
22074	-3419.003	-3587.544	168.5411	0.3437803	1.363009	2.903064
22080	-3431.715	-3600.738	169.0231	0.3417281	1.528207	2.508645
22086	-3427.699	-3596.578	168.8792	0.4049754	1.443388	2.571449
22092	-3426.407	-3595.954	169.5471	0.3909006	1.460936	2.153656
22098	-3422.039	-3591.496	169.4573	0.3666592	1.577012	2.168134
22104	-3410.882	-3580.189	169.3071	0.2950097	1.455069	2.442225
22110	-3413.336	-3582.617	169.2817	0.4418396	1.480563	2.250851
22116	-3418.016	-3586.848	168.8317	0.4256184	1.356097	2.630843
22122	-3417.339	-3586.293	168.9538	0.4504058	1.517904	2.425875
22128	-3431.635	-3601.228	169.5936	0.4132397	1.479753	2.082852
22134	-3427.696	-3595.979	168.2825	0.4024971	1.244732	3.058187
22140	-3425.698	-3595.05	169.3514	0.3405174	1.54099	2.29482
22146	-3437.211	-3606.576	169.3652	0.320169	1.526921	2.323428
22152	-3430.824	-3599.645	168.821	0.4348767	1.421589	2.586446
22158	-3423.698	-3592.756	169.0571	0.4009564	1.385432	2.501518
22164	-3430.403	-3599.461	169.0587	0.4009564	1.383896	2.501518
22170	-3418.815	-3587.726	168.9107	0.4949746	1.36382	2.501518
22176	-3419.376	-3587.718	168.342	0.4179407	1.414327	2.902938
22182	-3416.236	-3585.168	168.9317	0.3751336	1.338586	2.640027
22188	-3421.555	-3590.903	169.348	0.3092488	1.491791	2.372367
22194	-3437.867	-3605.372	167.505	0.3320281	1.373807	3.525477
22200	-3426.06	-3595.091	169.0314	0.3660402	1.472238	2.506629
22206	-3415.494	-3584.516	169.0226	0.4061737	1.434742	2.486016
22212	-3412.978	-3581.915	168.9365	0.4833472	1.382313	2.486016
22218	-3412.268	-3580.656	168.3877	0.4162488	1.382313	2.896579
22224	-3426.522	-3595.363	168.8408	0.3539703	1.380842	2.696616
22230	-3416.081	-3584.882	168.8004	0.3477759	1.434362	2.696616
22236	-3428.257	-3596.579	168.3215	0.3388018	1.50136	2.958464
22242	-3423.713	-3592.314	168.6009	0.3588499	1.366264	2.845673
22248	-3437.264	-3606.403	169.1384	0.3331496	1.366264	2.549222
22254	-3417.242	-3584.996	167.7537	0.3668984	1.392704	3.325726
22260	-3407.316	-3575.855	168.5384	0.3054884	1.333145	2.973779
22266	-3416.46	-3585.218	168.758	0.4371886	1.355167	2.66382
22272	-3416.349	-3585.5	169.1507	0.3100581	1.433323	2.53185
22278	-3409.903	-3578.232	168.3292	0.4226975	1.37556	2.928722
22284	-3420.043	-3588.835	168.792	0.5601266	1.418151	2.476817
22290	-3419.514	-3587.404	167.89	0.4828738	1.286615	3.180738
22296	-3415.271	-3583.398	168.1272	0.4514144	1.312714	3.056411
22302	-3407.871	-3577.094	169.2231	0.3636593	1.390804	2.440563
22308	-3403.306	-3572.475	169.1686	0.3902861	1.391914	2.440563
22314	-3405.282	-3573.755	168.4732	0.4453708	1.341491	2.837189
22320	-3407.742	-3575.571	167.8286	0.4453708	1.293326	3.251751
22326	-3423.505	-3591.23	167.7253	0.4497708	1.335703	3.283094
22332	-3419.783	-3589.324	169.541	0.3404404	1.544196	2.170715
22338	-3425.596	-3595.204	169.6085	0.3910479	1.615174	2.011582
22344	-3433.089	-3603.013	169.9238	0.4180497	1.648719	1.738365
22350	-3417.747	-3587.201	169.4544	0.3918652	1.653969	2.08678
22356	-3425.465	-3594.672	169.2073	0.422304	1.439617	2.347348
22362	-3420.836	-3589.89	169.0542	0.3703476	1.449495	2.501125
22368	-3417.412	-3586.439	169.0272	0.4074884	1.431669	2.483473
22374	-3409.222	-3578.625	169.4031	0.3782081	1.452192	2.268619
22380	-3428.95	-3597.458	168.5074	0.4462167	1.361139	2.803567
22386	-3428.423	-3596.805	168.3823	0.3431772	1.355299	3.004057
22392	-3420.769	-3589.873	169.1045	0.4036728	1.595372	2.336024
22398	-3405.211	-3574.761	169.5506	0.4036728	1.602558	2.042196
22404	-3419.108	-3588.817	169.7091	0.4203469	1.579043	1.930927
22410	-3413.192	-3582.961	169.7691	0.363485	1.630206	1.930927
22416	-3402.268	-3572.229	169.9609	0.493681	1.670625	1.600933
22422	-3406.492	-3576.287	169.7952	0.4002349	1.626301	1.866263
22428	-3410.579	-3580.331	169.752	0.4230667	1.626301	1.866263
22434	-3418.43	-3587.273	168.8438	0.5151505	1.431048	2.480567
22440	-3416.612	-3585.799	169.1872	0.4475769	1.496129	2.294848
22446	-3413.638	-3582.421	168.7834	0.5261416	1.434769	2.504953
22452	-3420.661	-3590.271	169.6106	0.4340036	1.53945	2.00661
22458	-3415.216	-3584.145	168.9288	0.3776502	1.464253	2.560879
22464	-3407.859	-3575.777	167.918	0.3816665	1.327601	3.24969
22470	-3411.003	-3579.307	168.3036	0.3816665	1.227452	3.080178
22476	-3416.196	-3582.312	166.1156	0.4678384	1.141887	4.304412
22482	-3402.046	-3569.919	167.8731	0.4611768	1.276683	3.218763
22488	-3408.155	-3576.092	167.9378	0.4114477	1.313345	3.212252
22494	-3404.257	-3572.756	168.4995	0.3924007	1.271844	2.92333
22500	-3414.242	-3582.74	168.4975	0.3947234	1.30536	2.901593
22506	-3407.389	-3575.162	167.7732	0.4997076	1.165601	3.304658
22512	-3408.897	-3578.219	169.3216	0.4038353	1.476168	2.273313
22518	-3407.26	-3576.461	169.2009	0.4040136	1.40542	2.394953
22524	-3418.178	-3587.657	169.4794	0.3866752	1.373793	2.259141
22530	-3411.076	-3579.932	168.8553	0.3732105	1.443986	2.624473
22536	-3420.796	-3590.184	169.3881	0.3166757	1.483055	2.341774
22542	-3417.406	-3586.476	169.0698	0.3500177	1.411472	2.541338
22548	-3425.633	-3594.497	168.8644	0.5053178	1.467051	2.455159
22554	-3426.287	-3595.991	169.7035	0.5915853	1.63968	1.697999
22560	-3411.606	-3580.876	169.2705	0.3930951	1.63968	2.214374
22566	-3421.627	-3590.671	169.0439	0.3439364	1.451229	2.540738
22572	-3417.218	-3585.801	168.5837	0.3824448	1.407228	2.80216
22578	-3418.945	-3587.706	168.7613	0.5009832	1.483036	2.514136
22584	-3411.991	-3580.017	168.026	0.3071361	1.413665	3.229018
22590	-3408.517	-3575.941	167.4233	0.3405177	1.149476	3.692493
22596	-3405.769	-3572.346	166.577	0.4996462	1.155363	4.003877
22602	-3416.841	-3583.488	166.6469	0.3768915	1.04529	4.153918
22608	-3436.191	-3604.178	167.987	0.4397411	1.344862	3.133283
22614	-3419.176	-3587.356	168.18	0.3231445	1.338869	3.160613
22620	-3410.173	-3578.661	168.4875	0.4830197	1.313232	2.805865
22626	-3411.111	-3579.372	168.261	0.4031769	1.334346	3.016636
22632	-3399.396	-3566.717	167.321	0.3469946	1.303845	3.654341
22638	-3410.424	-3577.893	167.469	0.3762673	1.269547	3.553279
22644	-3416.11	-3584.124	168.0141	0.4328246	1.311631	3.144432
22650	-3414.769	-3581.908	167.1384	0.4145042	1.235003	3.721857
22656	-3414.724	-3582.221	167.4969	0.397078	1.305577	3.492089
22662	-3422.122	-3590.275	168.1527	0.4114696	1.370934	3.050075
22668	-3426.267	-3594.363	168.096	0.4114696	1.389683	3.072752
22674	-3436.338	-3602.742	166.4043	0.3620516	1.229793	4.204063
22680	-3431.843	-3600.918	169.0755	0.3377174	1.584926	2.445694
22686	-3419.573	-3588.872	169.2995	0.3708654	1.54239	2.286697
22692	-3411.836	-3581	169.1644	0.3708654	1.509873	2.39326
22698	-3416.582	-3585.677	169.0946	0.4104733	1.522772	2.380139
22704	-3417.739	-3586.736	168.9972	0.4155634	1.51645	2.439572
22710	-3428.679	-3597.981	169.3018	0.4114961	1.560674	2.222357
22716	-3413.581	-3583.145	169.5642	0.4114961	1.491084	2.0969
22722	-3414.394	-3583.444	169.0495	0.5708336	1.443936	2.287248
22728	-3402.809	-3571.727	168.918	0.5091843	1.443936	2.431985
22734	-3411.408	-3580.197	168.7894	0.4005669	1.409389	2.653237
22740	-3414.928	-3583.375	168.4466	0.4005669	1.405615	2.864897
22746	-3411.732	-3580.196	168.464	0.5031614	1.395148	2.749696
22752	-3410.428	-3579.279	168.851	0.3125732	1.374189	2.749696
22758	-3409.066	-3577.637	168.5706	0.4193024	1.407153	2.766987
22764	-3401.555	-3571.157	169.6019	0.3586214	1.613946	2.060081
22770	-3408.994	-3578.684	169.6891	0.4969844	1.611411	1.830779
22776	-3404.67	-3574.93	170.2596	0.3998688	1.72066	1.466796
22782	-3399.724	-3569.557	169.8329	0.347336	1.728363	1.843664
22788	-3396.956	-3567.003	170.047	0.4343306	1.725642	1.573371
22794	-3403.889	-3574.232	170.343	0.4490407	1.798653	1.267611
22800	-3407.812	-3578.071	170.2587	0.4894465	1.87071	1.219446
22806	-3425.84	-3596.091	170.2512	0.4415068	1.882402	1.285326
22812	-3427.704	-3595.89	168.1859	0.4203186	1.35948	3.027107
22818	-3423.524	-3591.236	167.7119	0.448893	1.272646	3.329078
22824	-3427.392	-3593.877	166.4846	0.4031477	1.123471	4.172441
22830	-3421.254	-3587.123	165.869	0.4048716	1.011003	4.581631
22836	-3420.263	-3586.571	166.3089	0.4114784	1.094318	4.279648
22842	-3426.583	-3593.506	166.9229	0.3479555	1.188489	3.948799
22848	-3419.757	-3586.85	167.0925	0.4302308	1.147868	3.781766
22854	-3429.588	-3595.787	166.1995	0.4147694	1.118239	4.324475
22860	-3429.954	-3598.502	168.5472	0.3511647	1.311622	2.920956
22866	-3431.866	-3599.609	167.7433	0.5019962	1.352197	3.209832
22872	-3428.054	-3595.98	167.9262	0.3815272	1.387029	3.209832
22878	-3423.631	-3591.819	168.1884	0.3246327	1.405224	3.114184
22884	-3421.001	-3589.168	168.1669	0.3817089	1.307365	3.114004
22890	-3431.805	-3600.898	169.0933	0.3772355	1.447984	2.468876
22896	-3437.079	-3606.677	169.5979	0.4083045	1.485306	2.082525
22902	-3418.803	-3588.207	169.4043	0.4444567	1.524501	2.139936
22908	-3412.72	-3582.281	169.5615	0.4389905	1.539129	2.033424
22914	-3404.456	-3572.646	168.1902	0.4435797	1.348707	3.005484
22920	-3408.929	-3577.537	168.6088	0.4608829	1.346664	2.734665
22926	-3415.198	-3584.294	169.0962	0.3703741	1.408641	2.500331
22932	-3408.61	-3577.529	168.9182	0.4695145	1.421124	2.487982
22938	-3424.202	-3592.4	168.1985	0.4851864	1.44878	2.896655
22944	-3422.14	-3591.252	169.1121	0.4851864	1.475411	2.31432
22950	-3423.819	-3593.469	169.6497	0.4408159	1.489008	2.005919
22956	-3422.166	-3591.391	169.225	0.3944695	1.475262	2.347105
22962	-3429.142	-3596.759	167.6175	0.3490932	1.207513	3.535511
22968	-3413.268	-3581.873	168.6047	0.3803396	1.462379	2.758312
22974	-3420.447	-3589.052	168.6049	0.3879787	1.447043	2.758312
22980	-3419.535	-3589.156	169.6212	0.3792184	1.57369	2.046216
22986	-3413.152	-3582.588	169.436	0.4295988	1.464422	2.17595
22992	-3419.785	-3589.157	169.3722	0.3998083	1.646557	2.135427
22998	-3410.759	-3580.265	169.5065	0.4185851	1.609094	2.048376
23004	-3417.112	-3586.926	169.8139	0.2909914	1.670306	1.98136
23010	-3420.963	-3590.973	170.0098	0.2909914	1.55188	1.929354
23016	-3422.682	-3591.646	168.9645	0.3459258	1.49645	2.559324
23022	-3432.68	-3601.428	168.7482	0.4292888	1.548313	2.559324
23028	-3425.441	-3595.108	169.6674	0.4075386	1.561157	1.987109
23034	-3418.393	-3587.683	169.2902	0.3616272	1.531872	2.311419
23040	-3420.506	-3590.115	169.6082	0.4883055	1.562552	1.929055
23046	-3417.419	-3586.521	169.1017	0.3733565	1.46332	2.458905
23052	-3418.379	-3587.432	169.0531	0.4822906	1.3095	2.459701
23058	-3419.254	-3586.926	167.6717	0.3170768	1.230837	3.530944
23064	-3419.588	-3587.466	167.8785	0.347592	1.159524	3.41296
23070	-3417.48	-3585.512	168.0317	0.4891469	1.359643	3.046488
23076	-3410.924	-3579.512	168.5884	0.4575789	1.388534	2.725093
23082	-3412.853	-3581.618	168.7646	0.3925302	1.42548	2.668142
23088	-3414.188	-3582.357	168.1693	0.4449404	1.361262	3.009069
23094	-3418.399	-3587.327	168.9286	0.4157904	1.377826	2.568726
23100	-3399.307	-3567.982	168.6746	0.2935463	1.414354	2.85938
23106	-3404.32	-3572.911	168.5914	0.4289209	1.430438	2.729149
23112	-3413.5	-3582.154	168.6539	0.3958222	1.430438	2.729149
23118	-3417.147	-3585.815	168.6675	0.3958222	1.416854	2.729149
23124	-3421.64	-3590.303	168.6625	0.3958222	1.421775	2.729149
23130	-3418.519	-3586.736	168.2175	0.4974751	1.266847	2.982417
23136	-3419.219	-3587.715	168.4965	0.4134039	1.34625	2.855783
23142	-3411.781	-3580.748	168.9674	0.3480251	1.496408	2.554777
23148	-3420.168	-3589.463	169.2955	0.3480251	1.448313	2.379175
23154	-3423.426	-3591.799	168.3729	0.3700855	1.468184	2.908042
23160	-3418.304	-3585.72	167.4158	0.4179758	1.309606	3.513875
23166	-3432.406	-3600.54	168.1349	0.3945386	1.553764	2.970626
23172	-3417.41	-3586.296	168.8853	0.3945386	1.509253	2.539214
23178	-3420.866	-3589.669	168.8029	0.4599961	1.388698	2.590279
23184	-3425.02	-3591.563	166.5436	0.3723094	1.155185	4.15541
23190	-3418.324	-3586.496	168.1728	0.4159282	1.362954	3.037787
23196	-3416.876	-3583.803	166.9266	0.3973912	1.198998	3.883318
23202	-3406.299	-3573.947	167.6478	0.3564792	1.203408	3.511209
23208	-3402.324	-3569.079	166.755	0.3971635	1.128599	4.02209
23214	-3408.972	-3576.471	167.4991	0.3496067	1.203803	3.605882
23220	-3412.777	-3580.6	167.8234	0.4106114	1.223115	3.333945
23226	-3415.636	-3583.558	167.922	0.378096	1.250349	3.297138
23232	-3430.709	-3600.409	169.7005	0.3758401	1.541646	2.019353
23238	-3423.03	-3592.37	169.3397	0.4122291	1.563107	2.195401
23244	-3415.928	-3585.28	169.3519	0.3742393	1.446426	2.31014
23250	-3418.728	-3587.08	168.3517	0.4700031	1.295245	2.912486
23256	-3416.911	-3584.934	168.0232	0.4815348	1.214087	3.146053
23262	-3425.159	-3593.326	168.1664	0.4524738	1.220932	3.086708
23268	-3411.444	-3580.08	168.636	0.4320131	1.356425	2.743658
23274	-3408.235	-3577.012	168.7769	0.3612246	1.342582	2.749998
23280	-3419.143	-3588.61	169.4675	0.3456592	1.56404	2.198272
23286	-3420.282	-3590.106	169.8241	0.3623067	1.612448	1.907384
23292	-3422.57	-3591.442	168.872	0.3121901	1.347312	2.753773
23298	-3419.566	-3587.189	167.6228	0.3613488	1.264788	3.484104
23304	-3416.531	-3585.937	169.4061	0.5826812	1.650057	1.905791
23310	-3411.786	-3581.894	170.1075	0.3896182	1.687627	1.618561
23316	-3407.431	-3577.419	169.9878	0.3903874	1.657296	1.724528
23322	-3401.753	-3571.372	169.6186	0.4401047	1.63131	1.932237
23328	-3418.976	-3588.454	169.4781	0.4053584	1.610328	2.082759
23334	-3419.116	-3588.831	169.7144	0.4361515	1.626544	1.875371
23340	-3418.5	-3587.331	168.8309	0.3747555	1.381158	2.676336
23346	-3413.673	-3582.654	168.9814	0.3556313	1.474406	2.549816
23352	-3417.553	-3586.968	169.4142	0.3676048	1.647582	2.149016
23358	-3415.812	-3585.434	169.6224	0.5213642	1.715554	1.777299
23364	-3426.596	-3596.458	169.8623	0.3322858	1.634567	1.909626
23370	-3427.762	-3597.508	169.746	0.385561	1.582809	1.948446
23376	-3422.78	-3591.577	168.7967	0.3352403	1.428114	2.719147
23382	-3408.85	-3577.943	169.0928	0.3680962	1.557226	2.41214
23388	-3413.105	-3582.171	169.0658	0.3680962	1.378144	2.541235
23394	-3427.527	-3595.994	168.4675	0.249168	1.298013	3.119846
23400	-3412.571	-3581.279	168.7072	0.3883008	1.402601	2.722538
23406	-3420.168	-3588.6	168.432	0.4150024	1.5251	2.784491
23412	-3412.037	-3580.712	168.6747	0.4150024	1.382842	2.723081
23418	-3431.068	-3599.564	168.4959	0.3621113	1.356783	2.910895
23424	-3420.175	-3588.568	168.3932	0.4053159	1.373806	2.910895
23430	-3418.404	-3586.732	168.3279	0.3376218	1.460856	2.980509
23436	-3416.668	-3585.077	168.4088	0.2870271	1.319012	3.085788
23442	-3425.898	-3595.26	169.3617	0.3943978	1.439712	2.282661
23448	-3428.835	-3596.925	168.0894	0.3666087	1.313025	3.174819
23454	-3420.051	-3587.589	167.5384	0.4473567	1.226526	3.459477
23460	-3424.04	-3592.565	168.525	0.3333539	1.381424	2.915206
23466	-3419.786	-3588.048	168.2624	0.3277461	1.456197	3.035454
23472	-3413.844	-3582.54	168.6966	0.4851774	1.462476	2.583606
23478	-3421.944	-3591.401	169.4568	0.3431668	1.498706	2.250753
23484	-3418.636	-3588.104	169.4683	0.4412644	1.564881	2.075284
23490	-3410.496	-3580.142	169.6457	0.4786407	1.619278	1.876206
23496	-3423.037	-3593.025	169.9872	0.4337186	1.615453	1.69666
23502	-3417.836	-3586.072	168.237	0.2902362	1.306461	3.190933
23508	-3426.124	-3593.996	167.8723	0.4032707	1.322088	3.255041
23514	-3415.051	-3583.689	168.6376	0.3454455	1.423866	2.805521
23520	-3414.828	-3583.548	168.7209	0.3078308	1.423511	2.805521
23526	-3408.953	-3577.523	168.5705	0.4332078	1.295485	2.819402
23532	-3418.93	-3587.357	168.427	0.3716699	1.55718	2.819402
23538	-3419.654	-3589.219	169.5646	0.4220785	1.634622	1.988463
23544	-3415.001	-3584.408	169.4067	0.3459184	1.511631	2.270881
23550	-3412.573	-3582.086	169.5133	0.3928344	1.537981	2.122995
23556	-3416.943	-3586.443	169.5007	0.4506076	1.43576	2.127776
23562	-3413.028	-3582.94	169.9114	0.3835574	1.60592	1.822881
23568	-3416.407	-3585.88	169.4729	0.402863	1.557434	2.123996
23574	-3417.275	-3586.348	169.073	0.402863	1.51788	2.406082
23580	-3414.244	-3583.259	169.015	0.3900604	1.448462	2.501662
23586	-3421.188	-3590.596	169.4081	0.3685676	1.513715	2.238371
23592	-3415.313	-3584.64	169.3265	0.3979769	1.389685	2.332615
23598	-3425.323	-3592.411	167.0876	0.4207358	1.349942	3.678076
23604	-3417.159	-3585.887	168.7283	0.4057772	1.398828	2.691162
23610	-3425.868	-3593.972	168.1034	0.5515144	1.323542	2.964984
23616	-3415.975	-3585.217	169.2414	0.3695276	1.47408	2.368921
23622	-3411.672	-3580.417	168.7452	0.4025651	1.380144	2.696025
23628	-3410.536	-3580.155	169.6196	0.4025651	1.485116	2.075536
23634	-3411.809	-3581.304	169.4945	0.2769923	1.484738	2.332289
23640	-3408.23	-3577.44	169.21	0.4115896	1.547386	2.289746
23646	-3419.144	-3588.619	169.4749	0.3196096	1.600041	2.206924
23652	-3410.692	-3580.336	169.6442	0.3992784	1.678419	1.93459
23658	-3422.037	-3591.558	169.5211	0.3427367	1.579901	2.157266
23664	-3420.962	-3590.413	169.4516	0.3781612	1.587745	2.149737
23670	-3418.933	-3585.989	167.0561	0.3955058	1.370523	3.712107
23676	-3427.635	-3594.339	166.7039	0.4322737	1.044592	4.0615
23682	-3414.464	-3581.466	167.002	0.3869605	1.18725	3.858462
23688	-3409.624	-3576.998	167.3739	0.3641927	1.232131	3.644459
23694	-3415.84	-3583.733	167.8927	0.3643603	1.210222	3.354378
23700	-3413.912	-3581.112	167.1999	0.3462445	1.210222	3.779279
23706	-3405.801	-3574.147	168.3456	0.3618151	1.33814	3.012873
23712	-3422.285	-3590.823	168.5379	0.3270135	1.310933	2.958267
23718	-3432.087	-3601.097	169.0104	0.3257738	1.376452	2.632279
23724	-3417.73	-3586.626	168.8958	0.4221933	1.386933	2.57603
23730	-3429.436	-3599.006	169.5696	0.392116	1.463651	2.135675
23736	-3426.765	-3596.258	169.4924	0.3328626	1.644308	2.147882
23742	-3419.724	-3589.023	169.2998	0.3847314	1.653016	2.197426
23748	-3429.644	-3599.596	169.9517	0.3426939	1.701619	1.78695
23754	-3410.573	-3579.667	169.0942	0.4204196	1.537704	2.359145
23760	-3416.726	-3586.025	169.2982	0.3750966	1.421352	2.359145
23766	-3408.331	-3577.06	168.7285	0.4739261	1.369686	2.633079
23772	-3409.995	-3579.407	169.4118	0.3981519	1.492822	2.211607
23778	-3410.285	-3580.052	169.767	0.3981519	1.634988	1.882327
23784	-3414.244	-3583.56	169.3159	0.3795506	1.506298	2.288066
23790	-3413.119	-3582.476	169.3568	0.3594617	1.506298	2.288066
23796	-3410.535	-3580.488	169.9536	0.3594617	1.607319	1.826466
23802	-3413.912	-3583.245	169.3331	0.3347768	1.484411	2.350453
23808	-3413.568	-3582.495	168.9276	0.5634981	1.507145	2.331753
23814	-3401.391	-3570.948	169.5564	0.4188683	1.544485	2.057758
23820	-3405.972	-3575.747	169.775	0.4014271	1.599261	1.896896
23826	-3403.878	-3573.54	169.6615	0.4867257	1.490085	1.943757
23832	-3416.535	-3585.985	169.4499	0.4132703	1.539619	2.137724
23838	-3407.953	-3574.706	166.7529	0.5359151	1.181568	3.854586
23844	-3399.968	-3567.81	167.8417	0.4098573	1.146079	3.36931
23850	-3412.272	-3581.428	169.1555	0.3485035	1.582068	2.38247
23856	-3402.417	-3571.831	169.4146	0.3949465	1.479607	2.222346
23862	-3409.002	-3578.078	169.0764	0.4789565	1.541554	2.301661
23868	-3415.677	-3584.761	169.0845	0.5134968	1.476021	2.301661
23874	-3433.713	-3601.454	167.7415	0.4585284	1.252944	3.313211
23880	-3415.869	-3583.753	167.8848	0.3763832	1.413195	3.224975
23886	-3412.829	-3581.098	168.269	0.3834436	1.433892	2.975181
23892	-3418.523	-3586.579	168.0561	0.4589312	1.293924	3.102122
23898	-3411.62	-3580.47	168.8495	0.4589312	1.478792	2.506376
23904	-3412.521	-3582.436	169.9147	0.3996685	1.634811	1.7788
23910	-3407.378	-3577.28	169.9019	0.3141781	1.634811	1.909913
23916	-3421.494	-3590.828	169.3335	0.4430084	1.6053	2.135103
23922	-3425.622	-3594.697	169.0742	0.3767229	1.494571	2.452264
23928	-3422.281	-3591.233	168.9522	0.4041183	1.358462	2.579839
23934	-3412.673	-3581.054	168.3815	0.5148121	1.328442	2.829011
23940	-3420.04	-3588.575	168.5358	0.4848507	1.503274	2.658067
23946	-3427.25	-3595.966	168.7166	0.3036192	1.431135	2.80943
23952	-3413.069	-3581.128	168.0588	0.4592435	1.377731	3.050148
23958	-3399.947	-3568.66	168.7132	0.3462992	1.40033	2.772674
23964	-3415.906	-3583.868	167.9619	0.2823615	1.185797	3.435125
23970	-3415.155	-3582.576	167.421	0.4355075	1.213781	3.547809
23976	-3413.755	-3582.264	168.5081	0.367683	1.358207	2.89575
23982	-3402.067	-3571.396	169.3289	0.4332227	1.455457	2.246681
23988	-3409.558	-3578.83	169.2715	0.4332227	1.499648	2.255136
23994	-3395.968	-3565.316	169.3473	0.3768	1.537914	2.25122
24000	-3427.711	-3596.92	169.2083	0.3933326	1.449863	2.375179
24006	-3416.761	-3586.215	169.4542	0.3972967	1.524036	2.164956
24012	-3419.639	-3589.117	169.4781	0.4769103	1.55775	2.032148
24018	-3412.321	-3582.233	169.9112	0.3720096	1.729052	1.753637
24024	-3414.202	-3583.722	169.5198	0.3913655	1.617848	2.068149
24030	-3409.727	-3578.301	168.5743	0.3836986	1.368431	2.829945
24036	-3415.045	-3583.383	168.3384	0.3853887	1.391417	2.95667
24042	-3427.354	-3594.718	167.3644	0.3853887	1.396933	3.529433
24048	-3431.008	-3599.058	168.0498	0.3853887	1.252388	3.211884
24054	-3404.56	-3573.176	168.6158	0.4091702	1.362498	2.778276
24060	-3410.147	-3579.088	168.9412	0.360699	1.402159	2.613057
24066	-3416.137	-3584.282	168.145	0.4131409	1.453988	3.003066
24072	-3420.083	-3588.523	168.44	0.4875309	1.337562	2.815282
24078	-3417.487	-3586.496	169.0083	0.4263649	1.303789	2.55297
24084	-3410.332	-3579.204	168.8723	0.2906342	1.423092	2.737916
24090	-3417.17	-3585.892	168.7223	0.3082871	1.380653	2.830069
24096	-3404.416	-3573.455	169.0381	0.4581005	1.395517	2.441277
24102	-3401.775	-3570.175	168.3994	0.4786125	1.441639	2.785834
24108	-3423.807	-3591.932	168.1242	0.3940987	1.316227	3.119634
24114	-3418.619	-3586.886	168.2666	0.380335	1.287512	3.068004
24120	-3419.502	-3587.689	168.1869	0.4977343	1.37817	2.933581
24126	-3409.935	-3577.76	167.8257	0.383884	1.300096	3.317745
24132	-3410.172	-3577.923	167.7515	0.3901365	1.194146	3.416329
24138	-3419.325	-3587.239	167.9137	0.3727837	1.305322	3.275899
24144	-3410.808	-3578.719	167.9102	0.4287894	1.2524	3.24549
24150	-3420.726	-3589.241	168.5145	0.3409578	1.307819	2.955971
24156	-3421.696	-3589.765	168.069	0.341388	1.267794	3.244949
24162	-3423.17	-3591.02	167.8506	0.341388	1.248034	3.385138
24168	-3433.378	-3601.399	168.0216	0.4080882	1.279462	3.186452
24174	-3416.72	-3585.249	168.5284	0.4080882	1.211051	2.924354
24180	-3422.774	-3590.006	167.2319	0.4080882	1.203271	3.693164
24186	-3437.017	-3603.178	166.1613	0.4069732	1.097647	4.366022
24192	-3426.228	-3595.245	169.0173	0.3216339	1.505881	2.553495
24198	-3443.783	-3613.214	169.4307	0.5013043	1.537614	2.04976
24204	-3439.695	-3606.038	166.3424	0.3540995	1.198976	4.265973
24210	-3445.059	-3614.52	169.4608	0.6128171	1.5426	1.911797
24216	-3420.084	-3589.735	169.6505	0.4748144	1.598856	1.891305
24222	-3426.08	-3595.553	169.4731	0.4218578	1.499546	2.13826
24228	-3430.281	-3599.816	169.5345	0.5049746	1.471016	2.021116
24234	-3432.992	-3602.457	169.4643	0.5403344	1.484493	2.021116
24240	-3425.428	-3594.648	169.2204	0.5403344	1.470774	2.190084
24246	-3418.378	-3587.556	169.1773	0.4278584	1.478573	2.335157
24252	-3423.231	-3592.88	169.6487	0.3900589	1.501104	2.061817
24258	-3418.499	-3587.844	169.3452	0.3763888	1.508747	2.271803
24264	-3422.108	-3590.846	168.7379	0.3571167	1.384636	2.753305
24270	-3417.649	-3586.092	168.4431	0.3125658	1.430792	2.962608
24276	-3419.758	-3588.213	168.4548	0.3411646	1.356133	2.962608
24282	-3435.321	-3603.595	168.2741	0.3559043	1.429924	3.008071
24288	-3431.662	-3600.278	168.6154	0.3559043	1.494643	2.762494
24294	-3429.847	-3597.242	167.3946	0.393395	1.311753	3.552305
24300	-3428.789	-3597.178	168.3889	0.4043053	1.398128	2.899959
24306	-3429.22	-3598.14	168.9194	0.3621985	1.499444	2.564375
24312	-3425.732	-3593.818	168.0865	0.4433198	1.301583	3.095978
24318	-3422.639	-3590.808	168.1684	0.4955179	1.305973	2.990386
24324	-3432.646	-3600.935	168.2898	0.4726267	1.342519	2.918611
24330	-3430.024	-3598.4	168.3759	0.3555177	1.37264	2.981858
24336	-3431.912	-3601.431	169.5185	0.3931833	1.423517	2.193644
24342	-3423.359	-3592.047	168.6871	0.437268	1.423517	2.665268
24348	-3419.719	-3588.869	169.1501	0.3945188	1.497832	2.380217
24354	-3417.235	-3586.329	169.0948	0.4608334	1.480113	2.348999
24360	-3408.76	-3578.01	169.25	0.4037066	1.604028	2.237368
24366	-3422.811	-3592.126	169.3156	0.4052301	1.579523	2.208934
24372	-3428.229	-3597.933	169.7037	0.524297	1.714495	1.71779
24378	-3420.477	-3590.249	169.7713	0.3119083	1.647062	1.992924
24384	-3421.599	-3590.73	169.1309	0.3241664	1.511043	2.475869
24390	-3425.811	-3594.825	169.0142	0.3565319	1.511043	2.505376
24396	-3416.582	-3585.934	169.3514	0.3463432	1.558563	2.275615
24402	-3411.39	-3581.099	169.709	0.3424824	1.737073	1.929123
24408	-3408.106	-3578.13	170.0241	0.3584873	1.694603	1.717999
24414	-3417.185	-3587.18	169.9949	0.3648731	1.710635	1.717999
24420	-3407.86	-3577.909	170.0491	0.3730463	1.696188	1.678007
24426	-3402.61	-3572.568	169.9578	0.4293837	1.696188	1.665807
24432	-3413.665	-3583.156	169.4913	0.500206	1.59806	1.970396
24438	-3424.109	-3593.492	169.3827	0.3622344	1.478791	2.285426
24444	-3414.199	-3583.562	169.3628	0.5116334	1.55452	2.072263
24450	-3414.129	-3583.526	169.3968	0.343468	1.571757	2.241942
24456	-3420.198	-3588.868	168.6692	0.3793391	1.423449	2.743888
24462	-3409.054	-3577.585	168.5313	0.2648751	1.391341	3.001813
24468	-3407.063	-3575.227	168.164	0.3548145	1.374924	3.108109
24474	-3404.632	-3573.871	169.239	0.3592227	1.426258	2.413986
24480	-3405.499	-3574.413	168.9137	0.3694527	1.470076	2.576918
24486	-3401.747	-3570.734	168.9868	0.4427655	1.470076	2.443789
24492	-3398.619	-3566.831	168.212	0.4427655	1.211564	3.075408
24498	-3399.498	-3568.454	168.9558	0.4376848	1.430706	2.493696
24504	-3402.801	-3571.801	168.9998	0.5143689	1.297669	2.467158
24510	-3408.576	-3577.569	168.9939	0.5057498	1.399099	2.415935
24516	-3408.979	-3577.726	168.7468	0.3418521	1.306855	2.814891
24522	-3410.994	-3579.676	168.682	0.4696411	1.407296	2.64312
24528	-3412.022	-3580.248	168.2266	0.4045404	1.307202	3.051919
24534	-3416.697	-3584.85	168.1531	0.4631523	1.289153	3.042689
24540	-3415.243	-3584.342	169.0986	0.3702949	1.386027	2.513062
24546	-3411.088	-3579.85	168.7624	0.4385696	1.414847	2.62274
24552	-3407.953	-3575.74	167.7863	0.3762954	1.250973	3.378672
24558	-3409.193	-3576.493	167.2997	0.3762954	1.274419	3.64874
24564	-3404.318	-3572.818	168.5004	0.4190588	1.310733	2.868506
24570	-3408.138	-3576.771	168.6331	0.4642615	1.287207	2.75258
24576	-3416.085	-3585.145	169.0597	0.3792061	1.439923	2.492472
24582	-3413.543	-3580.3	166.7567	0.374916	1.153731	4.03186
24588	-3412.046	-3579.152	167.1065	0.2943794	1.18618	3.913443
24594	-3403.392	-3570.644	167.2527	0.332439	1.2779	3.726954
24600	-3420.45	-3587.019	166.569	0.2773997	1.231147	4.217525
24606	-3429.892	-3596.314	166.4215	0.3969261	1.278424	4.12705
24612	-3423.222	-3591.193	167.9713	0.289374	1.282965	3.362747
24618	-3426.025	-3594.037	168.012	0.327097	1.361533	3.241537
24624	-3427.293	-3595.531	168.238	0.3069545	1.258086	3.195813
24630	-3426.058	-3594.099	168.041	0.3294561	1.298374	3.258654
24636	-3417.045	-3585.542	168.4966	0.3795051	1.383463	2.873042
24642	-3413.856	-3580.891	167.0348	0.3795051	1.187609	3.847952
24648	-3420.965	-3587.709	166.744	0.3431138	1.340898	3.969862
24654	-3414.881	-3583.206	168.3251	0.3606864	1.288654	3.056171
24660	-3409.156	-3576.925	167.7692	0.3545114	1.218417	3.433952
24666	-3402.969	-3571.841	168.8724	0.3255105	1.374206	2.718871
24672	-3418.628	-3587.267	168.6384	0.4708193	1.36931	2.69205
24678	-3420.715	-3588.637	167.9225	0.4738601	1.342666	3.137223
24684	-3415.592	-3583.574	167.9817	0.4738601	1.368555	3.086568
24690	-3418.282	-3585.751	167.4693	0.530986	1.180651	3.444465
24696	-3429.099	-3596.692	167.5928	0.4134032	1.152162	3.507448
24702	-3415.722	-3584.366	168.6441	0.3641751	1.296176	2.855348
24708	-3409.532	-3576.808	167.2767	0.3702786	1.227336	3.696296
24714	-3419.721	-3585.995	166.2739	0.4814656	1.069342	4.242643
24720	-3413.979	-3580.499	166.5192	0.3941717	1.198883	4.11977
24726	-3411.186	-3578.477	167.291	0.5143946	1.206834	3.548736
24732	-3413.402	-3580.392	166.9905	0.3776284	1.188766	3.874855
24738	-3420.446	-3588.243	167.7961	0.4392499	1.326141	3.25807
24744	-3415.927	-3584.635	168.7088	0.338913	1.303845	2.843628
24750	-3414.218	-3583.114	168.8962	0.3264297	1.380777	2.699
24756	-3423.303	-3592.109	168.8056	0.4230855	1.360299	2.647282
24762	-3413.143	-3582.076	168.9333	0.3974663	1.417581	2.562855
24768	-3411.62	-3580.416	168.7955	0.3832681	1.483654	2.62451
24774	-3415.201	-3584.451	169.2492	0.2925284	1.42318	2.502121
24780	-3422.729	-3591.642	168.913	0.3969282	1.290947	2.654373
24786	-3424.124	-3592.624	168.5002	0.4807691	1.362088	2.770629
24792	-3430.081	-3597.253	167.1721	0.5294868	1.110485	3.659664
24798	-3435.242	-3601.041	165.7993	0.4757642	1.176639	4.455625
24804	-3423.739	-3591.337	167.5986	0.3233921	1.265134	3.545337
24810	-3418.338	-3586.431	168.093	0.4030121	1.340237	3.113627
24816	-3410.787	-3577.936	167.149	0.3600551	1.233267	3.778694
24822	-3419.427	-3585.28	165.853	0.3686753	1.36941	4.429202
24828	-3413.89	-3581.692	167.8025	0.438124	1.295956	3.273338
24834	-3416.688	-3584.069	167.3811	0.3788967	1.263522	3.604804
24840	-3411.411	-3579.38	167.9694	0.3170817	1.371098	3.274215
24846	-3407.567	-3575.092	167.5257	0.3470734	1.322874	3.524249
24852	-3413.786	-3580.356	166.5701	0.4298191	1.315268	3.985935
24858	-3419.853	-3586.453	166.5995	0.4452466	1.242193	3.994927
24864	-3412.227	-3579.66	167.433	0.3730579	1.219588	3.606988
24870	-3420.319	-3587.853	167.5339	0.3730579	1.380155	3.454667
24876	-3419.535	-3587.074	167.539	0.355438	1.342884	3.494602
24882	-3421.724	-3590.674	168.9493	0.3770635	1.33193	2.630824
24888	-3421.149	-3590.764	169.6146	0.3213846	1.548078	2.147432
24894	-3420.043	-3590.038	169.9947	0.2965694	1.623788	1.881899
24900	-3412.196	-3582.424	170.2274	0.3537336	1.767705	1.525235
24906	-3417.431	-3587.709	170.2784	0.2965685	1.727361	1.610314
24912	-3418.72	-3588.911	170.1914	0.3395842	1.693702	1.627797
24918	-3423.527	-3593.476	169.9493	0.4480928	1.671086	1.665608
24924	-3427.095	-3597.348	170.2525	0.4014578	1.893351	1.335617
24930	-3420.324	-3589.916	169.5916	0.3880613	1.543383	2.074187
24936	-3403.563	-3572.266	168.7027	0.3702316	1.397409	2.750525
24942	-3422.787	-3593.175	170.388	0.3293692	1.89957	1.340537
24948	-3430.05	-3600.185	170.1345	0.4669265	1.946136	1.291835
24954	-3420.133	-3590.323	170.1906	0.3659012	1.956734	1.390137
24960	-3415.031	-3585.503	170.4728	0.3887895	1.988023	1.087872
24966	-3418.741	-3589.089	170.3475	0.3962775	2.043212	1.138285
24972	-3417.329	-3587.653	170.3235	0.4381635	2.043212	1.088774
24978	-3422.002	-3592.448	170.4458	0.4056192	2.063559	1.010347
24984	-3406.235	-3575.376	169.141	0.3672512	1.600747	2.35515
24990	-3413.16	-3582.185	169.0252	0.4215238	1.634435	2.340202
24996	-3423.098	-3592.111	169.0131	0.4014968	1.559165	2.4195
25002	-3417.643	-3587.821	170.1777	0.4079039	1.795973	1.4601
25008	-3415.049	-3585.143	170.0942	0.4545629	1.822123	1.438623
25014	-3415.303	-3584.437	169.1341	0.3499672	1.532348	2.425472
25020	-3413.638	-3583.181	169.5427	0.4171482	1.664971	1.988953
25026	-3419.835	-3588.759	168.9247	0.5230731	1.460136	2.403388
25032	-3423.463	-3592.99	169.5279	0.5101353	1.613347	1.924518
25038	-3414.947	-3584.38	169.4328	0.4716941	1.584038	2.050719
25044	-3414.94	-3584.656	169.7157	0.3577929	1.640664	1.967745
25050	-3419.96	-3589.416	169.4551	0.3702166	1.54926	2.182849
25056	-3425.843	-3594.406	168.5631	0.3555311	1.514725	2.782611
25062	-3422.342	-3590.803	168.461	0.3542682	1.4718	2.872313
25068	-3419.95	-3589.037	169.087	0.4708554	1.437602	2.369861
25074	-3417.22	-3586.347	169.1271	0.3663742	1.568987	2.385266
25080	-3424.886	-3593.918	169.0318	0.4791498	1.478244	2.370076
25086	-3412.753	-3581.922	169.169	0.5413343	1.538096	2.178715
25092	-3418.971	-3587.607	168.6358	0.5134554	1.338903	2.668519
25098	-3426.854	-3595.503	168.6487	0.4446223	1.443402	2.668519
25104	-3413.92	-3584.005	170.0848	0.3333271	1.596916	1.781264
25110	-3404.41	-3574.687	170.2772	0.2965876	1.751348	1.593758
25116	-3416.103	-3586.268	170.1648	0.3327358	1.74093	1.623574
25122	-3407.945	-3577.485	169.5401	0.389646	1.696709	2.004671
25128	-3406.723	-3576.2	169.477	0.3532513	1.646315	2.128157
25134	-3421.693	-3591.639	169.9459	0.3255377	1.727213	1.799105
25140	-3418.28	-3587.64	169.3597	0.3906807	1.600173	2.18522
25146	-3410.969	-3580.823	169.8546	0.3906807	1.693794	1.791743
25152	-3411.193	-3580.864	169.6714	0.3095055	1.597332	2.09554
25158	-3411.291	-3580.278	168.9877	0.4545778	1.57032	2.366655
25164	-3422.033	-3591.08	169.0468	0.4138796	1.582936	2.368258
25170	-3418.075	-3588.247	170.1716	0.4160882	1.690542	1.5323
25176	-3419.834	-3590.038	170.2043	0.3246435	1.674623	1.655672
25182	-3410.857	-3580.72	169.8625	0.4322448	1.696978	1.729069
25188	-3417.691	-3587.978	170.2866	0.3937966	1.793057	1.399493
25194	-3413.913	-3584.017	170.1037	0.3937966	1.634394	1.653744
25200	-3413.57	-3583.547	169.9776	0.4012011	1.746195	1.653744
25206	-3419.28	-3589.256	169.9762	0.3318947	1.743824	1.756769
25212	-3410.696	-3580.957	170.2612	0.4552139	1.857502	1.277497
25218	-3419.396	-3589.561	170.1651	0.4552139	1.857502	1.354969
25224	-3418.784	-3589.052	170.2678	0.3901123	1.87188	1.358055
25230	-3431.937	-3600.658	168.7209	0.378812	1.386582	2.735475
25236	-3419.111	-3588.023	168.9117	0.3734497	1.538756	2.530389
25242	-3415.835	-3585.732	169.8969	0.3840675	1.77009	1.717878
25248	-3426.574	-3595.85	169.2754	0.4337663	1.648817	2.155515
25254	-3415.387	-3584.965	169.5783	0.2998835	1.687908	2.111771
25260	-3408.885	-3578.655	169.7697	0.3119404	1.58477	2.03536
25266	-3421.666	-3591.072	169.4061	0.3254563	1.55682	2.2707
25272	-3420.609	-3590.553	169.9445	0.4154165	1.645628	1.729457
25278	-3424.581	-3594.179	169.5979	0.4163556	1.604728	1.993308
25284	-3429.523	-3599.134	169.6115	0.4134879	1.59654	1.993308
25290	-3417.361	-3586.699	169.3378	0.3898712	1.467063	2.286128
25296	-3411.85	-3581.495	169.6454	0.3225219	1.442354	2.19448
25302	-3416.172	-3585.069	168.8973	0.4239269	1.450687	2.533442
25308	-3420.026	-3589.151	169.1255	0.3674899	1.45454	2.45691
25314	-3414.14	-3583.097	168.9566	0.4461925	1.44268	2.476101
25320	-3418.725	-3587.434	168.7087	0.3995367	1.455881	2.675468
25326	-3416.396	-3585.486	169.0904	0.3681277	1.404673	2.509292
25332	-3421.135	-3589.873	168.7377	0.4797513	1.376565	2.616989
25338	-3421.975	-3590.642	168.6671	0.4580918	1.368285	2.688657
25344	-3418.117	-3586.461	168.3436	0.4522483	1.526265	2.796192
25350	-3419.883	-3588.165	168.2821	0.4357434	1.290688	2.993656
25356	-3412.029	-3581.235	169.2057	0.3785378	1.398351	2.427811
25362	-3405.734	-3574.704	168.9698	0.4174988	1.459194	2.490374
25368	-3398.916	-3567.904	168.9878	0.4174988	1.430599	2.496968
25374	-3407.507	-3575.921	168.4141	0.463489	1.502652	2.755577
25380	-3409.58	-3578.835	169.2549	0.439521	1.580724	2.206198
25386	-3410.878	-3580.092	169.2141	0.4954085	1.568698	2.177655
25392	-3425.225	-3594.493	169.2684	0.4049157	1.561567	2.251326
25398	-3420.661	-3589.454	168.7929	0.4591253	1.490008	2.534472
25404	-3432.651	-3601.732	169.0807	0.3575947	1.534873	2.447409
25410	-3424.734	-3593.883	169.149	0.3664562	1.460117	2.439985
25416	-3422.408	-3590.268	167.8598	0.4412785	1.305821	3.230308
25422	-3423.908	-3592.605	168.6975	0.4380025	1.358144	2.698255
25428	-3425.254	-3594.721	169.4675	0.367058	1.523737	2.195543
25434	-3419.631	-3589.354	169.7222	0.4083964	1.509764	1.983718
25440	-3422.317	-3591.374	169.0565	0.4060596	1.438875	2.462348
25446	-3423.488	-3592.135	168.6467	0.424589	1.478328	2.670737
25452	-3422.997	-3589.759	166.7616	0.5005037	1.148846	3.901122
25458	-3416.553	-3583.021	166.4675	0.3905697	1.148846	4.181605
25464	-3423.048	-3590.171	167.1233	0.4301275	1.284996	3.684924
25470	-3421.358	-3588.175	166.8171	0.4301275	1.201671	3.909223
25476	-3425.949	-3592.2	166.2515	0.4301275	1.186836	4.240062
25482	-3441.541	-3608.67	167.1284	0.4784327	1.244456	3.656003
25488	-3439.853	-3606.397	166.5439	0.3184457	1.218174	4.184592
25494	-3434.105	-3600.717	166.6116	0.4603017	1.195535	3.999436
25500	-3417.942	-3587.324	169.3813	0.5151526	1.581557	2.038382
25506	-3414.592	-3584.178	169.5858	0.4933184	1.581557	1.925628
25512	-3417.741	-3586.963	169.2223	0.3318548	1.344561	2.512228
25518	-3417.562	-3586.811	169.2493	0.4827941	1.423903	2.262108
25524	-3414.883	-3584.205	169.3219	0.4480371	1.550299	2.172627
25530	-3425.227	-3594.039	168.8118	0.4507049	1.520034	2.513266
25536	-3426.954	-3595.98	169.0255	0.3377852	1.409741	2.586074
25542	-3426.224	-3593.504	167.2803	0.3841199	1.191747	3.698774
25548	-3424.613	-3592.453	167.8406	0.4095122	1.213863	3.33052
25554	-3409.827	-3578.393	168.5657	0.3513039	1.297968	2.917831
25560	-3419.88	-3587.398	167.5174	0.2478337	1.257954	3.702258
25566	-3414.037	-3581.638	167.6016	0.3500967	1.143745	3.580593
25572	-3421.06	-3587.889	166.8294	0.3538223	1.123915	4.032125
25578	-3417.264	-3585.086	167.8218	0.4776602	1.150192	3.306898
25584	-3415.809	-3584.166	168.3571	0.3885806	1.372768	2.952839
25590	-3428.573	-3596.827	168.2539	0.332492	1.379454	3.080199
25596	-3415.285	-3582.691	167.4067	0.3546271	1.134241	3.693592
25602	-3425.006	-3592.578	167.5724	0.4511939	1.222687	3.437839
25608	-3415.392	-3583.791	168.3988	0.3243452	1.263608	3.073571
25614	-3420.33	-3588.271	167.9415	0.3885752	1.233246	3.283487
25620	-3422.027	-3589.394	167.367	0.4320422	1.130223	3.631398
25626	-3422.01	-3590.084	168.074	0.5069745	1.270886	3.056619
25632	-3427.974	-3595.758	167.7849	0.5789278	1.278466	3.157409
25638	-3428.176	-3596.72	168.5445	0.3498344	1.380365	2.882765
25644	-3433.313	-3600.662	167.3493	0.3483676	1.136734	3.732924
25650	-3417.676	-3586.017	168.3411	0.3192873	1.196219	3.15475
25656	-3421.447	-3590.342	168.8955	0.3592178	1.235692	2.745361
25662	-3423.028	-3591.698	168.6696	0.4427697	1.302381	2.744254
25668	-3423.92	-3592.082	168.1614	0.4786902	1.299209	3.015646
25674	-3426.534	-3594.57	168.0362	0.3858131	1.354261	3.159006
25680	-3428.919	-3597.35	168.4316	0.4515282	1.393361	2.82432
25686	-3417.947	-3586.094	168.1473	0.4440402	1.389331	3.006356
25692	-3432.318	-3600.759	168.4415	0.3755085	1.146193	3.053726
25698	-3422.609	-3591.65	169.0417	0.3580165	1.358503	2.581315
25704	-3425.089	-3594.005	168.9161	0.3745048	1.35861	2.638036
25710	-3413.375	-3582.789	169.4144	0.3839046	1.486502	2.23198
25716	-3426.732	-3596.128	169.3961	0.3946414	1.483702	2.23198
25722	-3427.918	-3595.423	167.5052	0.3727994	1.249357	3.548006
25728	-3418.727	-3586.701	167.9734	0.3226322	1.250252	3.335761
25734	-3415.796	-3584.029	168.2328	0.229346	1.305352	3.286106
25740	-3395.103	-3564.63	169.5277	0.3609599	1.483844	2.190505
25746	-3411.278	-3579.699	168.4207	0.4454878	1.391989	2.838281
25752	-3407.334	-3575.972	168.6372	0.4392226	1.336231	2.747272
25758	-3406.587	-3575.043	168.4557	0.3965252	1.401904	2.86634
25764	-3408.197	-3577.502	169.3053	0.3873652	1.517411	2.277825
25770	-3406.808	-3576.47	169.6622	0.4184596	1.602255	1.949235
25776	-3406.18	-3575.996	169.8164	0.5459013	1.527065	1.746415
25782	-3414.465	-3583.681	169.216	0.4470737	1.565379	2.232451
25788	-3410.12	-3579.264	169.1445	0.4444146	1.419234	2.374533
25794	-3416.418	-3585.578	169.1601	0.4136921	1.460036	2.374533
25800	-3421.179	-3589.477	168.2981	0.4796125	1.228015	2.975345
25806	-3417.76	-3584.886	167.126	0.4796125	1.248806	3.653722
25812	-3408.789	-3577.71	168.9215	0.402921	1.278109	2.649952
25818	-3412.768	-3580.745	167.9769	0.3877648	1.300184	3.223918
25824	-3424.54	-3591.921	167.3806	0.4035312	1.110877	3.665649
25830	-3417.767	-3585.028	167.2613	0.4116646	1.262058	3.63821
25836	-3410.934	-3578.487	167.5529	0.4110459	1.179286	3.517511
25842	-3413.321	-3580.649	167.3281	0.3434139	1.247571	3.687215
25848	-3418.36	-3584.622	166.2618	0.379654	1.13284	4.319452
25854	-3408.931	-3576.105	167.1746	0.4129209	1.295874	3.667467
25860	-3399.987	-3568.177	168.1906	0.4129209	1.238511	3.104873
25866	-3418.599	-3586.519	167.9196	0.2879194	1.24199	3.419141
25872	-3413.573	-3580.298	166.7247	0.4670599	1.153877	3.951809
25878	-3425.236	-3593.433	168.1973	0.427626	1.220829	3.095073
25884	-3423.515	-3591.118	167.6027	0.427626	1.205864	3.45483
25890	-3414.196	-3583.199	169.0037	0.477848	1.407548	2.433891
25896	-3413.502	-3581.841	168.3388	0.3579721	1.418276	2.973616
25902	-3424.308	-3592.708	168.3997	0.4187524	1.382419	2.886417
25908	-3408.132	-3576.945	168.8129	0.3664741	1.374684	2.70165
25914	-3409.275	-3577.95	168.6757	0.4471836	1.357881	2.70165
25920	-3421.265	-3589.91	168.6453	0.5057985	1.364528	2.654584
25926	-3401.358	-3570.152	168.7933	0.4054451	1.39074	2.656549
25932	-3417.553	-3586.322	168.7689	0.3139256	1.386214	2.790577
25938	-3429.486	-3598.433	168.947	0.3905611	1.523065	2.496945
25944	-3411.268	-3580.205	168.9368	0.3650721	1.340888	2.64802
25950	-3422.95	-3592.762	169.8121	0.4265381	1.59849	1.839794
25956	-3424.355	-3593.578	169.2239	0.460734	1.530236	2.234479
25962	-3424.873	-3594.119	169.2458	0.3051474	1.623438	2.359648
25968	-3424.345	-3593.77	169.4254	0.4127837	1.602591	2.11317
25974	-3427.227	-3596.838	169.6106	0.3370018	1.609568	2.087371
25980	-3414.702	-3583.367	168.6648	0.4687988	1.466547	2.618037
25986	-3409.761	-3578.191	168.4305	0.4351279	1.442918	2.812775
25992	-3410.524	-3579.983	169.459	0.4045757	1.512687	2.160145
25998	-3418.448	-3587.971	169.523	0.4062086	1.502314	2.123107
26004	-3414.882	-3584.443	169.5611	0.3981614	1.479658	2.123107
26010	-3409.098	-3578.341	169.2431	0.4094655	1.544822	2.272767
26016	-3410.81	-3580.374	169.5636	0.3781929	1.550235	2.100949
26022	-3418.145	-3587.798	169.6526	0.4012333	1.565931	2.001841
26028	-3422.69	-3591.43	168.7404	0.438759	1.520374	2.570787
26034	-3421.886	-3589.925	168.0392	0.4662168	1.359559	3.065468
26040	-3430.489	-3599.493	169.0043	0.3864673	1.524806	2.464979
26046	-3421.39	-3590.469	169.0791	0.3762922	1.470261	2.464979
26052	-3420.081	-3589.281	169.1998	0.3699047	1.444528	2.413382
26058	-3411.386	-3580.458	169.0717	0.3985726	1.514816	2.414051
26064	-3427.766	-3598.003	170.237	0.3599356	1.782682	1.497234
26070	-3423.146	-3593.544	170.3989	0.3658515	1.728057	1.406117
26076	-3417.923	-3587.918	169.9953	0.4040803	1.665486	1.694734
26082	-3415.849	-3585.861	170.0122	0.3953216	1.665486	1.694734
26088	-3414.942	-3584.872	169.9302	0.3953216	1.570201	1.818611
26094	-3417.288	-3586.74	169.4522	0.3953216	1.432095	2.228258
26100	-3414.194	-3584.271	170.0762	0.4145858	1.663913	1.623689
26106	-3417.894	-3587.128	169.234	0.3817737	1.554731	2.306642
26112	-3430.057	-3599.036	168.979	0.380852	1.445492	2.537363
26118	-3419.075	-3587.574	168.4994	0.3992248	1.440698	2.8131
26124	-3419.337	-3587.887	168.5498	0.4775149	1.442122	2.694703
26130	-3418.737	-3587.898	169.1609	0.4228334	1.329694	2.445538
26136	-3414.383	-3583.584	169.2003	0.4476074	1.404655	2.344774
26142	-3410.026	-3578.819	168.7931	0.595514	1.469825	2.41039
26148	-3415.758	-3584.632	168.8738	0.4056971	1.323807	2.647853
26154	-3412.176	-3579.194	167.0181	0.4056971	1.091678	3.883242
26160	-3422.373	-3591.612	169.2393	0.4004008	1.554641	2.279988
26166	-3433.841	-3603.573	169.7327	0.3188181	1.546759	2.074641
26172	-3423.968	-3591.675	167.7069	0.3216021	1.306205	3.460552
26178	-3409.348	-3577.025	167.6776	0.4195354	1.299921	3.364649
26184	-3411.781	-3579.594	167.8132	0.4601301	1.299921	3.241531
26190	-3422.777	-3590.485	167.7081	0.3933047	1.277522	3.389262
26196	-3419.696	-3588.721	169.0241	0.5175667	1.361781	2.408338
26202	-3417.262	-3585.961	168.699	0.5433083	1.428719	2.54449
26208	-3406.789	-3575.462	168.6734	0.3485381	1.415548	2.784779
26214	-3412.292	-3579.685	167.3924	0.3485381	1.227998	3.655033
26220	-3426.264	-3595.594	169.3295	0.4322579	1.530874	2.198781
26226	-3417.963	-3587.222	169.2598	0.4322579	1.538667	2.238704
26232	-3411.881	-3581.358	169.4773	0.3002174	1.52628	2.281319
26238	-3411.544	-3581.124	169.5795	0.4573736	1.541623	1.997996
26244	-3420.772	-3590.33	169.5573	0.4046102	1.520315	2.09083
26250	-3405.744	-3575.249	169.5053	0.3784925	1.596062	2.108722
26256	-3420.205	-3589.935	169.7302	0.4632123	1.754501	1.742747
26262	-3420.604	-3590.78	170.1765	0.3623917	1.67653	1.616229
26268	-3418.031	-3588.072	170.0409	0.4211841	1.697112	1.616229
26274	-3422.786	-3592.795	170.0092	0.3511016	1.616133	1.794003
26280	-3421.249	-3590.749	169.5001	0.4437787	1.490223	2.100472
26286	-3427.832	-3597.144	169.3117	0.58371	1.409661	2.127422
26292	-3422.536	-3592.139	169.603	0.5040483	1.543241	1.927928
26298	-3421.496	-3591.521	170.0252	0.4251194	1.64578	1.659224
26304	-3415.481	-3584.586	169.1045	0.3884643	1.522316	2.401013
26310	-3413.527	-3582.693	169.1655	0.4402687	1.459144	2.340579
26316	-3419.569	-3588.722	169.1538	0.4510509	1.43856	2.348882
26322	-3423.25	-3592.066	168.8157	0.416954	1.438706	2.599634
26328	-3426.448	-3595.2	168.7514	0.382312	1.38645	2.712632
26334	-3412.1	-3581.571	169.4713	0.4118812	1.544605	2.122236
26340	-3417.518	-3586.54	169.0223	0.4590409	1.566894	2.341911
26346	-3422.055	-3590.677	168.6216	0.359453	1.34304	2.846446
26352	-3423.022	-3591.624	168.6026	0.3505341	1.34909	2.865632
26358	-3413.526	-3582.623	169.0973	0.3213901	1.52141	2.494262
26364	-3410.435	-3580.245	169.8095	0.3245627	1.56043	2.006249
26370	-3410.159	-3580.112	169.9529	0.3501089	1.718538	1.763421
26376	-3420.22	-3590.043	169.8228	0.3709485	1.524193	1.95594
26382	-3419.132	-3588.465	169.3331	0.3677896	1.610826	2.225141
26388	-3427.693	-3597.868	170.1757	0.4848766	1.638201	1.476726
26394	-3428.758	-3598.679	169.9209	0.468919	1.595554	1.713467
26400	-3427.792	-3597.638	169.8459	0.3738069	1.595554	1.888132
26406	-3416.954	-3587.1	170.146	0.3545558	1.69298	1.638109
26412	-3411.716	-3581.671	169.9552	0.4221218	1.614956	1.734703
26418	-3418.026	-3587.876	169.8498	0.450933	1.639395	1.754713
26424	-3408.335	-3577.894	169.5598	0.3257947	1.561458	2.168009
26430	-3430.086	-3599.314	169.2283	0.3594511	1.54926	2.342612
26436	-3428.286	-3596.847	168.5608	0.3788383	1.336133	2.863583
26442	-3425.538	-3594.851	169.3129	0.3788383	1.57713	2.245472
26448	-3418.926	-3588.478	169.5521	0.3408668	1.634722	2.103777
26454	-3421.915	-3591.315	169.4005	0.4546862	1.521022	2.132809
26460	-3410.274	-3579.726	169.4519	0.3832789	1.60316	2.132809
26466	-3427.059	-3596.755	169.6957	0.3507317	1.593112	2.022653
26472	-3409.871	-3579.849	169.978	0.3843691	1.599468	1.780135
26478	-3408.164	-3578.018	169.8544	0.4093636	1.709613	1.755791
26484	-3411.853	-3581.354	169.5007	0.3659221	1.449401	2.223606
26490	-3427.009	-3595.966	168.9575	0.3659221	1.534962	2.513767
26496	-3422.825	-3592.132	169.3073	0.3380231	1.506574	2.348269
26502	-3414.451	-3582.036	167.5847	0.4790062	1.202626	3.414056
26508	-3422.272	-3590.11	167.8374	0.3113705	1.312823	3.393744
26514	-3422.644	-3590.848	168.204	0.3639003	1.446215	3.030382
26520	-3422.16	-3590.183	168.0225	0.4459561	1.335316	3.111178
26526	-3412.308	-3580.256	167.9481	0.451456	1.367609	3.13041
26532	-3420.138	-3588.313	168.1745	0.4491471	1.413597	2.970009
26538	-3422.504	-3591.251	168.7472	0.429703	1.279147	2.725471
26544	-3422.532	-3591.481	168.9495	0.4197557	1.417652	2.526359
26550	-3424.114	-3592.345	168.2306	0.4197557	1.50563	2.913041
26556	-3425.025	-3592.976	167.9507	0.4707886	1.399182	3.089925
26562	-3417.672	-3585.863	168.1907	0.3594503	1.468452	3.03055
26568	-3407.486	-3577.3	169.8136	0.3594503	1.640646	1.899371
26574	-3403.337	-3573.236	169.8997	0.4077814	1.675705	1.7499
26580	-3413.943	-3583.925	169.9817	0.4211209	1.752286	1.619278
26586	-3412.413	-3582.013	169.5999	0.4917455	1.645968	1.874122
26592	-3416.063	-3585.632	169.5685	0.4470568	1.607474	1.973538
26598	-3421.09	-3590.835	169.7447	0.3221985	1.560286	2.052852
26604	-3430.98	-3600.336	169.3552	0.4386784	1.627639	2.111387
26610	-3428.013	-3597.77	169.7568	0.3958146	1.723232	1.831979
26616	-3413.369	-3582.992	169.6231	0.4168672	1.722473	1.896448
26622	-3420.321	-3590.424	170.103	0.4105144	1.712734	1.57423
26628	-3421.576	-3591.478	169.902	0.3489786	1.712734	1.8045
26634	-3412.427	-3582.49	170.0637	0.3041164	1.745511	1.737982
26640	-3425.707	-3595.18	169.4726	0.2999321	1.490544	2.307567
26646	-3413.288	-3581.736	168.4477	0.4309211	1.411254	2.826242
26652	-3416.673	-3585.167	168.4939	0.3765648	1.444824	2.841025
26658	-3412.766	-3581.805	169.0391	0.3271961	1.522246	2.522057
26664	-3423.204	-3591.334	168.1304	0.433632	1.522246	2.94798
26670	-3420.91	-3590.572	169.6618	0.3314057	1.5749	2.084451
26676	-3424.021	-3593.949	169.9288	0.4321378	1.737623	1.653295
26682	-3423.661	-3593.57	169.9088	0.4232243	1.774037	1.653295
26688	-3422.332	-3592.239	169.9073	0.3656627	1.600369	1.854308
26694	-3414.236	-3584.245	170.0095	0.3622744	1.78058	1.661738
26700	-3412.563	-3582.669	170.1059	0.265064	1.624215	1.858027
26706	-3408.959	-3578.393	169.4341	0.3591042	1.560097	2.204177
26712	-3415.507	-3585.029	169.5223	0.3591042	1.48242	2.197367
26718	-3401.036	-3570.196	169.1594	0.3672858	1.388045	2.477659
26724	-3412.814	-3581.637	168.8229	0.5193062	1.430467	2.489815
26730	-3420.522	-3589.897	169.3756	0.3568038	1.452892	2.313672
26736	-3432.096	-3601.756	169.6603	0.2764951	1.602261	2.150712
26742	-3423.41	-3592.661	169.2511	0.3509606	1.509118	2.364886
26748	-3414.86	-3584.706	169.8459	0.345997	1.532363	1.96968
26754	-3408.503	-3577.973	169.4696	0.4870932	1.640288	1.971312
26760	-3409.896	-3579.123	169.2268	0.4195756	1.517301	2.288644
26766	-3417.388	-3587.024	169.6355	0.4231779	1.592101	1.9681
26772	-3420.97	-3590.788	169.8178	0.4317002	1.676369	1.775472
26778	-3417.185	-3586.999	169.8143	0.3646025	1.706036	1.84709
26784	-3414.329	-3584.305	169.976	0.3605711	1.758419	1.70383
26790	-3416.38	-3586.287	169.9064	0.3838047	1.782145	1.703051
26796	-3420.296	-3590.387	170.0902	0.4554923	1.7257	1.513376
26802	-3422.456	-3592.448	169.9927	0.5274455	1.809878	1.432195
26808	-3417.069	-3587.039	169.97	0.412243	1.742948	1.646389
26814	-3418.08	-3587.293	169.2134	0.4106309	1.55803	2.28192
26820	-3424.428	-3593.714	169.2857	0.3527983	1.55803	2.309268
26826	-3419.348	-3588.347	168.9987	0.3451871	1.418252	2.587643
26832	-3421.297	-3591.406	170.1086	0.5211094	1.982605	1.207722
26838	-3424.307	-3594.718	170.4108	0.4421577	1.946789	1.090606
26844	-3420.38	-3590.135	169.7551	0.3376882	1.536158	2.039486
26850	-3431.406	-3600.488	169.0825	0.2883848	1.603797	2.499583
26856	-3417.49	-3586.712	169.2215	0.3543345	1.485838	2.393894
26862	-3406.017	-3575.346	169.3286	0.3351962	1.614755	2.269594
26868	-3410.027	-3579.755	169.728	0.3480005	1.614755	1.990558
26874	-3410.215	-3579.333	169.1177	0.3362212	1.541686	2.448342
26880	-3407.952	-3577.118	169.1665	0.3546393	1.598654	2.356818
26886	-3422.846	-3591.906	169.0605	0.311265	1.586681	2.490686
26892	-3407.092	-3575.984	168.8918	0.4042478	1.444946	2.563509
26898	-3415.919	-3584.653	168.7338	0.3660351	1.34671	2.767734
26904	-3408.284	-3576.816	168.5318	0.33275	1.512846	2.832309
26910	-3423.714	-3592.678	168.9637	0.33275	1.461839	2.598858
26916	-3438.127	-3606.894	168.7673	0.33275	1.716824	2.562555
26922	-3428.635	-3598.43	169.795	0.392121	1.585132	1.905153
26928	-3422.072	-3591.763	169.6904	0.3179469	1.669491	2.022779
26934	-3422.278	-3591.871	169.5925	0.3179469	1.693978	2.071296
26940	-3418.448	-3586.906	168.4587	0.479265	1.279718	2.847559
26946	-3415.459	-3583.289	167.8302	0.479265	1.212304	3.263694
26952	-3416.807	-3584.927	168.1199	0.4505811	1.314196	3.060753
26958	-3409.038	-3577.437	168.3995	0.3815123	1.38361	2.929203
26964	-3408.917	-3577.462	168.5452	0.4378913	1.344774	2.799603
26970	-3407.005	-3576.156	169.1507	0.3552107	1.327559	2.536433
26976	-3411.17	-3579.926	168.7564	0.3340362	1.388251	2.769752
26982	-3434.575	-3604.64	170.0641	0.5613733	1.85894	1.295273
26988	-3422.347	-3592.461	170.1139	0.3858657	1.788762	1.545322
26994	-3424.66	-3592.992	168.3325	0.3538109	1.358324	3.018618
27000	-3420.599	-3588.488	167.8893	0.3745294	1.327952	3.274855
27006	-3418.732	-3585.743	167.0104	0.3745294	1.291136	3.808161
27012	-3422.701	-3588.745	166.0436	0.321003	1.193692	4.477966
27018	-3430.53	-3596.294	165.7641	0.4288373	1.255412	4.477966
27024	-3433.635	-3599.837	166.202	0.39463	1.33457	4.222394
27030	-3422.085	-3589.484	167.3985	0.3734179	1.234843	3.617705
27036	-3428.186	-3595.996	167.8097	0.3297852	1.231672	3.433411
27042	-3434.008	-3601.313	167.3042	0.4205965	1.294755	3.584614
27048	-3430.729	-3598.295	167.5654	0.3571563	1.158255	3.584614
27054	-3419.908	-3588.766	168.8585	0.4690131	1.484033	2.486532
27060	-3418.706	-3587.721	169.015	0.3871255	1.47848	2.486532
27066	-3414.837	-3583.903	169.0663	0.4190965	1.505587	2.39867
27072	-3425.563	-3594.285	168.7218	0.5997962	1.509247	2.426558
27078	-3417.492	-3586.212	168.72	0.4532134	1.417034	2.631361
27084	-3419.738	-3587.912	168.1739	0.4734978	1.417034	2.942664
27090	-3414.336	-3583.708	169.3718	0.369721	1.468816	2.288992
27096	-3412.874	-3582.258	169.3847	0.3536755	1.546155	2.252316
27102	-3412.178	-3580.593	168.4156	0.5005578	1.326552	2.823612
27108	-3405.752	-3574.705	168.953	0.3363306	1.42602	2.62281
27114	-3408.338	-3576.814	168.4762	0.3174488	1.347182	2.986373
27120	-3421.893	-3591.276	169.3829	0.3704703	1.53565	2.237992
27126	-3430.374	-3600.086	169.712	0.5268943	1.59966	1.789403
27132	-3428.963	-3598.385	169.4227	0.6083679	1.600281	1.90284
27138	-3428.242	-3598.262	170.0201	0.3904203	1.623564	1.72547
27144	-3414.945	-3583.483	168.5378	0.4238907	1.373284	2.802372
27150	-3417.988	-3586.079	168.0904	0.4065208	1.324648	3.120495
27156	-3414.94	-3583.202	168.2616	0.4065208	1.366385	2.993198
27162	-3412.075	-3581.402	169.3272	0.3633006	1.493116	2.310315
27168	-3420.916	-3590.599	169.6835	0.3707544	1.502255	2.063479
27174	-3428.611	-3598.444	169.8331	0.4036843	1.440822	1.961653
27180	-3409.197	-3578.702	169.5049	0.4333536	1.455419	2.132513
27186	-3417.437	-3587.06	169.6235	0.4355193	1.444132	2.059429
27192	-3417.163	-3586.687	169.5243	0.3272603	1.63827	2.138984
27198	-3416.771	-3586.216	169.4454	0.3668573	1.633253	2.138984
27204	-3418.071	-3587.407	169.3364	0.3848648	1.60966	2.201594
27210	-3427.642	-3597.259	169.6172	0.4156857	1.679471	1.931073
27216	-3438.338	-3607.779	169.4409	0.4156857	1.622529	2.086372
27222	-3437.833	-3607.194	169.3605	0.3566179	1.65357	2.194669
27228	-3435.605	-3604.345	168.7404	0.4007715	1.465496	2.648565
27234	-3420.364	-3590.641	170.2762	0.4485449	1.795071	1.325578
27240	-3426.055	-3595.349	169.2939	0.5626339	1.471358	2.119423
27246	-3425.481	-3594.712	169.2309	0.4937544	1.576705	2.163366
27252	-3427.593	-3596.818	169.2242	0.4937544	1.576705	2.167744
27258	-3411.951	-3581.157	169.2066	0.4687	1.524924	2.240129
27264	-3408.8	-3578.26	169.4604	0.4687	1.508498	2.085695
27270	-3424.125	-3592.997	168.8723	0.4589537	1.354816	2.569355
27276	-3422.683	-3590.701	168.0177	0.4127905	1.310872	3.16484
27282	-3417.903	-3585.394	167.4902	0.4688775	1.192336	3.485493
27288	-3433.501	-3601.058	167.5569	0.4189537	1.215282	3.485493
27294	-3422.972	-3591.43	168.4581	0.3187541	1.308368	3.018783
27300	-3427.459	-3596.19	168.7306	0.4639771	1.379948	2.636053
27306	-3419.283	-3588.418	169.1349	0.4684372	1.50485	2.299247
27312	-3422.181	-3591.982	169.8008	0.3868183	1.634344	1.874794
27318	-3421.735	-3591.841	170.1063	0.3538592	1.737934	1.635426
27324	-3414.945	-3584.983	170.0376	0.4044369	1.709073	1.632826
27330	-3425.349	-3595.221	169.8724	0.3414038	1.701993	1.843347
27336	-3415.087	-3584.913	169.8267	0.4137103	1.595072	1.848527
27342	-3416.609	-3586.449	169.8396	0.3610485	1.65361	1.870634
27348	-3421.155	-3591.265	170.1106	0.3610485	1.768279	1.599506
27354	-3419.787	-3587.992	168.2046	0.4955384	1.301289	2.97139
27360	-3414.477	-3581.448	166.9704	0.4187731	1.244515	3.808623
27366	-3417.814	-3584.654	166.8406	0.3885493	1.290641	3.889984
27372	-3412.767	-3579.383	166.6166	0.3885493	1.138735	4.104847
27378	-3407.33	-3575.676	168.3461	0.4213396	1.278466	2.978506
27384	-3398.844	-3566.608	167.7636	0.3825152	1.259948	3.379479
27390	-3401.358	-3569.619	168.2607	0.3641423	1.326683	3.067667
27396	-3408.325	-3575.486	167.1609	0.3690886	1.323561	3.709016
27402	-3403.823	-3571.251	167.4278	0.3690886	1.314593	3.559506
27408	-3401.465	-3568.965	167.4995	0.4021984	1.177457	3.559506
27414	-3412.909	-3581.367	168.4574	0.4001955	1.420578	2.849712
27420	-3410.195	-3579.348	169.1529	0.4404867	1.487221	2.330508
27426	-3409.448	-3578.262	168.8138	0.4381128	1.501131	2.537864
27432	-3425.439	-3594.74	169.3013	0.3483964	1.445407	2.376855
27438	-3418.799	-3587.897	169.098	0.3729507	1.523015	2.424212
27444	-3425.291	-3594.419	169.1282	0.3771803	1.403832	2.474748
27450	-3416.763	-3585.417	168.6542	0.4765425	1.439396	2.633156
27456	-3418.633	-3587.686	169.0529	0.4056914	1.541012	2.400769
27462	-3415.84	-3585.185	169.3446	0.4056914	1.396402	2.307334
27468	-3410.524	-3579.393	168.869	0.4374759	1.310521	2.622552
27474	-3416.951	-3585.078	168.1272	0.4262733	1.318428	3.080197
27480	-3420.391	-3588.791	168.4	0.4057741	1.370534	2.908245
27486	-3427.886	-3595.943	168.0572	0.4057741	1.376794	3.110081
27492	-3419.106	-3587.47	168.3647	0.4247558	1.410914	2.883594
27498	-3414.674	-3583.655	168.9804	0.4118406	1.410914	2.520537
27504	-3408.627	-3577.996	169.3692	0.370177	1.573602	2.222711
27510	-3422.039	-3591.335	169.2957	0.3545821	1.635745	2.250708
27516	-3423.863	-3593.07	169.2063	0.3865356	1.534344	2.331255
27522	-3430.896	-3600.428	169.5324	0.3418823	1.535504	2.179968
27528	-3425.893	-3595.403	169.51	0.3526095	1.541812	2.175635
27534	-3429.439	-3598.836	169.3966	0.3526095	1.482946	2.286671
27540	-3426.336	-3595.75	169.4139	0.4346123	1.521242	2.147404
27546	-3426.846	-3596.593	169.7463	0.3052633	1.550006	2.083836
27552	-3421.453	-3590.326	168.8728	0.5112225	1.377405	2.499968
27558	-3428.228	-3597.239	169.0108	0.4359795	1.416081	2.470318
27564	-3436.111	-3605.371	169.2604	0.4359795	1.539541	2.233393
27570	-3436.717	-3605.152	168.4347	0.3671007	1.33312	2.955851
27576	-3440.401	-3610.435	170.0336	0.3489763	1.651331	1.755678
27582	-3432.493	-3602.305	169.8124	0.35308	1.739295	1.841962
27588	-3437.59	-3607.09	169.5001	0.35308	1.646019	2.113508
27594	-3423.183	-3592.872	169.6892	0.35308	1.723324	1.936567
27600	-3423.506	-3593.276	169.77	0.3551454	1.624727	1.945646
27606	-3423.816	-3593.418	169.6018	0.4265441	1.653021	1.945646
27612	-3410.327	-3579.957	169.6294	0.3567787	1.63389	2.031218
27618	-3433.314	-3602.544	169.2297	0.3567787	1.581027	2.325061
27624	-3419.928	-3588.825	168.8973	0.448455	1.509146	2.469077
27630	-3414.8	-3583.382	168.5812	0.3607571	1.494405	2.777368
27636	-3418.023	-3585.313	167.2891	0.3207709	1.214174	3.757535
27642	-3408.803	-3575.014	166.2115	0.3459083	1.235171	4.329322
27648	-3408.593	-3575.405	166.8117	0.3459083	1.261676	3.973044
27654	-3409.017	-3575.274	166.257	0.3954804	1.211922	4.259799
27660	-3413.935	-3582.333	168.3981	0.3408252	1.23761	3.068053
27666	-3413.299	-3581.105	167.806	0.4077069	1.216299	3.351458
27672	-3416.86	-3584.832	167.9717	0.3271219	1.348609	3.272991
27678	-3416.099	-3584.669	168.5703	0.3007351	1.373759	2.936761
27684	-3411.081	-3579.684	168.6032	0.3007351	1.340898	2.936761
27690	-3423.901	-3592.855	168.9545	0.3622688	1.316556	2.65567
27696	-3416.489	-3584.256	167.7675	0.3920871	1.237817	3.379096
27702	-3426.492	-3593.7	167.2077	0.3920871	1.197365	3.728392
27708	-3419.192	-3587.618	168.4257	0.3975767	1.261226	2.968131
27714	-3437.629	-3605.852	168.2229	0.4377185	1.394959	2.964451
27720	-3421.061	-3589.838	168.7766	0.4285001	1.427224	2.617662
27726	-3408.466	-3577.014	168.5488	0.3886192	1.420692	2.807794
27732	-3410.996	-3579.528	168.5327	0.4130653	1.38972	2.807794
27738	-3419.157	-3587.95	168.7927	0.4422584	1.507937	2.542098
27744	-3404.173	-3573.392	169.219	0.5239932	1.604338	2.120871
27750	-3405.216	-3574.515	169.2986	0.429068	1.534457	2.220179
27756	-3405.998	-3575.516	169.5182	0.4844272	1.6039	1.966128
27762	-3429.685	-3599.922	170.2374	0.4623924	1.866899	1.278936
27768	-3415.355	-3585.613	170.2573	0.3306167	1.908417	1.433673
27774	-3422.8	-3592.716	169.9156	0.5167198	1.902286	1.433673
27780	-3413.986	-3582.919	168.9328	0.4030577	1.472773	2.522112
27786	-3420.193	-3589.716	169.5228	0.3616631	1.520827	2.168739
27792	-3408.636	-3577.793	169.1578	0.384692	1.562464	2.346575
27798	-3416.287	-3585.625	169.3386	0.3365066	1.481287	2.346575
27804	-3412.196	-3581.783	169.5877	0.3704417	1.610261	2.055878
27810	-3419.319	-3589.004	169.6858	0.370562	1.5263	2.046357
27816	-3412.829	-3582.255	169.4256	0.370562	1.451202	2.264718
27822	-3410.099	-3578.684	168.5853	0.3407239	1.428742	2.840444
27828	-3408.16	-3575.322	167.1626	0.3407239	1.230311	3.796011
27834	-3414.456	-3582.356	167.9002	0.3407239	1.276635	3.340057
27840	-3422.429	-3590.104	167.6743	0.4704886	1.253739	3.340057
27846	-3422.028	-3589.302	167.2737	0.5697427	1.223315	3.498797
27852	-3411.544	-3580.584	169.0399	0.4333947	1.404032	2.462623
27858	-3407.869	-3576.805	168.9355	0.4162717	1.547487	2.45795
27864	-3426.422	-3594.986	168.5637	0.3513181	1.317471	2.907263
27870	-3423.231	-3593.011	169.7809	0.3241786	1.516527	2.054906
27876	-3409.223	-3578.419	169.1962	0.4425711	1.525601	2.275973
27882	-3403.472	-3572.909	169.437	0.4394604	1.481398	2.152583
27888	-3419.859	-3588.594	168.7355	0.3317372	1.361056	2.802147
27894	-3421.574	-3590.68	169.1065	0.3217405	1.528102	2.483841
27900	-3404.706	-3573.701	168.9955	0.3999568	1.444589	2.504251
27906	-3419.704	-3587.77	168.0662	0.4052308	1.394623	3.094656
27912	-3406.684	-3575.058	168.3738	0.2810018	1.302661	3.125109
27918	-3408.157	-3575.919	167.7619	0.3841779	1.286374	3.363005
27924	-3424.414	-3592.92	168.5064	0.4352393	1.335344	2.831877
27930	-3410.555	-3579.48	168.9254	0.455321	1.449772	2.481012
27936	-3412.87	-3582.787	169.9166	0.2689371	1.727826	1.909691
27942	-3411.263	-3581.209	169.9454	0.4225452	1.749112	1.645796
27948	-3417.419	-3587.474	170.0558	0.3373553	1.627404	1.774163
27954	-3421.176	-3587.49	166.3138	0.3609735	1.058223	4.353674
27960	-3410.653	-3577.805	167.1521	0.3758231	1.069936	3.852362
27966	-3413.582	-3581.148	167.5667	0.3734419	1.309234	3.476525
27972	-3422.222	-3590.129	167.9066	0.3078913	1.334819	3.344881
27978	-3408.551	-3575.714	167.1631	0.361473	1.318803	3.719529
27984	-3409.062	-3576.471	167.4098	0.3547081	1.235855	3.632901
27990	-3414.637	-3582.807	168.1696	0.3703872	1.345941	3.102927
27996	-3422.403	-3590.262	167.8589	0.3979269	1.343993	3.256079
28002	-3425.41	-3594.995	169.585	0.3540259	1.521369	2.138198
28008	-3417.739	-3587.25	169.5108	0.3563177	1.534659	2.174743
28014	-3420.629	-3590.023	169.3935	0.3606437	1.482911	2.277936
28020	-3416.228	-3585.595	169.3668	0.3606437	1.467118	2.305135
28026	-3426.189	-3595.483	169.2948	0.522172	1.392875	2.210977
28032	-3423.113	-3591.505	168.3912	0.3971335	1.230432	3.007838
28038	-3418.638	-3586.25	167.6117	0.3410435	1.388879	3.443026
28044	-3414.224	-3581.937	167.7135	0.4197423	1.168982	3.420183
28050	-3425.854	-3593.348	167.4938	0.389366	1.25099	3.53448
28056	-3424.279	-3591.539	167.2608	0.497617	1.261028	3.550805
28062	-3414.546	-3582.804	168.2585	0.4871109	1.185397	3.017066
28068	-3423.782	-3591.568	167.7861	0.3197693	1.392221	3.366159
28074	-3417.612	-3585.126	167.5137	0.4900671	1.277944	3.400578
28080	-3419.249	-3588.007	168.7581	0.3714871	1.463995	2.674241
28086	-3416.826	-3585.929	169.1027	0.370917	1.473102	2.455186
28092	-3415.92	-3585.35	169.4296	0.3634711	1.441159	2.27782
28098	-3414.581	-3583.655	169.0744	0.3496864	1.562902	2.444139
28104	-3422.462	-3591.382	168.9191	0.4856913	1.435282	2.461225
28110	-3426.491	-3595.283	168.7921	0.3555886	1.359759	2.737357
28116	-3420.868	-3589.624	168.7553	0.3648534	1.415283	2.714163
28122	-3412.109	-3581.498	169.3892	0.4329112	1.434232	2.22186
28128	-3414.461	-3583.843	169.382	0.4228594	1.427636	2.242647
28134	-3415.765	-3585.43	169.6648	0.4425592	1.587155	1.927925
28140	-3415.21	-3584.744	169.5348	0.4425592	1.590337	2.012876
28146	-3425.596	-3593.923	168.3272	0.4420843	1.549617	2.803028
28152	-3420.566	-3589.826	169.2604	0.4017314	1.519396	2.287441
28158	-3405.79	-3575.838	170.048	0.4017314	1.661733	1.663057
28164	-3405.946	-3576.028	170.0826	0.4017314	1.696218	1.613385
28170	-3407.403	-3577.6	170.1972	0.3787599	1.759648	1.515607
28176	-3415.541	-3585.303	169.7621	0.5276137	1.679504	1.697503
28182	-3416.788	-3586.207	169.4192	0.491607	1.560753	2.052757
28188	-3420.477	-3589.691	169.2146	0.5289093	1.460691	2.21203
28194	-3422.258	-3592.37	170.1116	0.336027	1.72519	1.667954
28200	-3432.058	-3601.755	169.6964	0.4761895	1.651326	1.822345
28206	-3421.647	-3591.526	169.8788	0.4207086	1.671816	1.750239
28212	-3421.32	-3591.442	170.1217	0.3557438	1.676439	1.665624
28218	-3426.316	-3596.257	169.9408	0.3667867	1.656286	1.791097
28224	-3423.425	-3593.655	170.2291	0.4251688	1.816501	1.379592
28230	-3421.274	-3590.967	169.6925	0.3643464	1.594445	2.005065
28236	-3429.553	-3599.3	169.7467	0.4143207	1.590692	1.905232
28242	-3433.525	-3602.897	169.3716	0.4143207	1.613205	2.139553
28248	-3419.592	-3588.591	168.9993	0.4489363	1.457107	2.437168
28254	-3427.639	-3596.459	168.8209	0.4016888	1.359144	2.663456
28260	-3436.279	-3604.263	167.9835	0.4133171	1.293527	3.194804
28266	-3441.165	-3609.007	167.8427	0.4679012	1.240564	3.251154
28272	-3416.513	-3585.588	169.0751	0.4008965	1.539872	2.393246
28278	-3414.066	-3583.426	169.3598	0.3505699	1.508453	2.296643
28284	-3417.697	-3586.246	168.5494	0.2926981	1.517965	2.873665
28290	-3417.096	-3585.906	168.8093	0.4551518	1.555997	2.487389
28296	-3398.87	-3568.294	169.424	0.3919192	1.524362	2.191139
28302	-3406.074	-3575.33	169.2555	0.5005288	1.498052	2.191139
28308	-3408.994	-3579.188	170.1936	0.355535	1.713991	1.586951
28314	-3419.905	-3589.601	169.6961	0.4690772	1.603334	1.86387
28320	-3425.263	-3594.795	169.5324	0.4135006	1.606576	2.039167
28326	-3423.62	-3593.208	169.5883	0.3998418	1.576757	2.039167
28332	-3424.55	-3594.558	170.0088	0.4416242	1.632425	1.658958
28338	-3422.561	-3592.025	169.4643	0.4164752	1.534772	2.127573
28344	-3427.522	-3597.419	169.8978	0.5047671	1.767646	1.562718
28350	-3406.843	-3576.932	170.0887	0.3946733	1.773175	1.562718
28356	-3410.049	-3579.722	169.6731	0.4145392	1.714122	1.871091
28362	-3411.04	-3580.211	169.1711	0.3885467	1.602129	2.308012
28368	-3410.431	-3579.574	169.1433	0.3195638	1.461136	2.505726
28374	-3416.336	-3585.176	168.84	0.4337585	1.508112	2.5221
28380	-3417.946	-3586.983	169.0371	0.3433302	1.489154	2.5221
28386	-3425.803	-3594.99	169.1867	0.297651	1.44162	2.5221
28392	-3427.357	-3596.967	169.6103	0.3104001	1.615633	2.122286
28398	-3416.708	-3586.201	169.4936	0.3679911	1.572274	2.145802
28404	-3424.339	-3594.064	169.7246	0.3013537	1.632915	2.049412
28410	-3415.251	-3585.153	169.9015	0.3392201	1.711667	1.819911
28416	-3413.987	-3583.717	169.7296	0.4760932	1.626717	1.81656
28422	-3402.816	-3572.832	170.0163	0.3283732	1.754901	1.726289
28428	-3402.316	-3572.41	170.0944	0.3658764	1.702151	1.651808
28434	-3408.677	-3578.493	169.8157	0.4014532	1.698882	1.800666
28440	-3407.006	-3576.946	169.9395	0.4511273	1.746311	1.614673
28446	-3408.247	-3577.899	169.6516	0.4511273	1.646543	1.886188
28452	-3410.918	-3580.716	169.7977	0.376476	1.586412	1.92338
28458	-3415.77	-3585.231	169.4614	0.3276244	1.652178	2.170376
28464	-3431.089	-3600.63	169.5415	0.4190293	1.592508	2.03563
28470	-3428.693	-3598.511	169.8179	0.3403764	1.592508	1.956159
28476	-3415.893	-3585.602	169.7095	0.389705	1.535772	1.998962
28482	-3417.534	-3587.156	169.6217	0.4532449	1.50527	1.998962
28488	-3406.244	-3576.043	169.7993	0.3806519	1.628595	1.888075
28494	-3418.88	-3588.976	170.0965	0.3991799	1.740405	1.574635
28500	-3424.962	-3594.912	169.9495	0.3752613	1.609686	1.805459
28506	-3435.996	-3605.695	169.6987	0.306949	1.713001	2.004865
28512	-3424.705	-3593.685	168.9803	0.4600285	1.519233	2.397651
28518	-3419.022	-3587.641	168.6192	0.3324017	1.463213	2.809857
28524	-3414.123	-3582.91	168.7864	0.3117025	1.342102	2.809857
28530	-3409.637	-3577.568	167.9308	0.3108326	1.332852	3.327825
28536	-3414.851	-3582.984	168.133	0.4218191	1.261782	3.115396
28542	-3420.078	-3587.744	167.6658	0.28683	1.348033	3.507001
28548	-3407.541	-3574.549	167.0083	0.3827212	1.149938	3.881101
28554	-3417.687	-3585.495	167.8084	0.4105296	1.158296	3.380951
28560	-3413.839	-3580.483	166.6445	0.4082906	1.195603	4.034755
28566	-3421.553	-3588.587	167.0334	0.3223602	1.251164	3.881321
28572	-3423.32	-3591.264	167.9444	0.3319919	1.35283	3.280255
28578	-3425.463	-3593.557	168.0941	0.3078404	1.343551	3.229222
28584	-3412.393	-3580.333	167.9398	0.4447767	1.221346	3.229222
28590	-3412.01	-3579.526	167.5159	0.2645637	1.18787	3.718736
28596	-3420.381	-3587.587	167.2057	0.4118719	1.17812	3.718736
28602	-3425.499	-3591.687	166.1883	0.3366125	1.110871	4.423858
28608	-3409.305	-3575.078	165.7731	0.3143283	1.180597	4.645642
28614	-3408.841	-3574.51	165.6687	0.360002	1.186366	4.645642
28620	-3415.338	-3582.95	167.6123	0.4044503	1.261261	3.442263
28626	-3413.578	-3581.781	168.2038	0.3051463	1.303661	3.191553
28632	-3429.7	-3598.528	168.8281	0.2929268	1.400201	2.775553
28638	-3425.268	-3593.836	168.5673	0.3463559	1.452236	2.829835
28644	-3418.892	-3585.859	166.9672	0.3745465	1.228042	3.869239
28650	-3416.225	-3582.177	165.9522	0.4062891	1.15802	4.450637
28656	-3407.272	-3574.456	167.184	0.4125703	1.213279	3.710197
28662	-3412.748	-3580.268	167.5206	0.436003	1.248593	3.468924
28668	-3410.914	-3579.423	168.5088	0.3243448	1.324047	2.971446
28674	-3418.859	-3587.051	168.1917	0.4426259	1.2958	3.037308
28680	-3423.853	-3592.927	169.0739	0.3327633	1.502058	2.505293
28686	-3414.227	-3583.48	169.2526	0.4592848	1.520046	2.224192
28692	-3413.35	-3583.217	169.8672	0.4076137	1.593171	1.829917
28698	-3423.187	-3591.817	168.63	0.5293539	1.51627	2.546633
28704	-3442.397	-3610.6	168.2031	0.287086	1.368903	3.178456
28710	-3418.082	-3586.946	168.8639	0.3994596	1.413009	2.606323
28716	-3421.491	-3590.547	169.0564	0.4135706	1.436018	2.455254
28722	-3404.308	-3573.896	169.588	0.398504	1.58383	2.036407
28728	-3409.824	-3579.219	169.3955	0.438921	1.55925	2.129504
28734	-3416.269	-3585.37	169.1006	0.4019689	1.463791	2.423866
28740	-3412.826	-3581.301	168.475	0.34086	1.304508	2.981881
28746	-3425.661	-3593.62	167.9591	0.3820122	1.427314	3.165891
28752	-3414.007	-3582.345	168.3387	0.4080998	1.27345	3.000893
28758	-3413.476	-3580.221	166.7452	0.3546976	1.208267	4.030979
28764	-3420.274	-3587.46	167.1856	0.3114972	1.322077	3.767052
28770	-3412.137	-3579.633	167.4955	0.5089581	1.199226	3.439029
28776	-3412.61	-3580.593	167.9822	0.4140406	1.346463	3.163359
28782	-3408.244	-3575.164	166.9199	0.3369379	1.115509	4.005692
28788	-3413.734	-3580.958	167.2243	0.3837455	1.280141	3.680444
28794	-3427.548	-3595.339	167.7915	0.2647761	1.298011	3.494487
28800	-3412.128	-3580.754	168.6257	0.3697815	1.504825	2.732522
28806	-3429.48	-3598.291	168.8109	0.3455992	1.438468	2.690465
28812	-3414.538	-3582.882	168.3443	0.3464234	1.382421	3.006396
28818	-3406.002	-3573.205	167.2025	0.4078632	1.227714	3.696285
28824	-3431.493	-3599.328	167.8347	0.4040817	1.302237	3.288037
28830	-3424.833	-3593.637	168.8042	0.3914173	1.441396	2.635302
28836	-3424.93	-3593.875	168.9449	0.3161323	1.393781	2.675147
28842	-3418.314	-3587.453	169.1389	0.3161323	1.496453	2.49119
28848	-3417.194	-3587.107	169.9127	0.3781981	1.662758	1.79006
28854	-3417.047	-3586.646	169.599	0.4157485	1.567773	2.017964
28860	-3425.836	-3594.393	168.5563	0.3311426	1.349136	2.918688
28866	-3422.549	-3589.158	166.6095	0.3118462	1.342825	4.084817
28872	-3430.748	-3598.019	167.271	0.3612792	1.276231	3.681996
28878	-3436.604	-3603.548	166.9444	0.3068498	1.280642	3.935586
28884	-3425.218	-3595.556	170.3379	0.3890848	1.901764	1.279117
28890	-3433.515	-3603.925	170.4096	0.3427179	1.901764	1.298139
28896	-3428.942	-3599.285	170.3431	0.4135541	1.867804	1.264081
28902	-3424.867	-3595.054	170.1869	0.4353827	1.871679	1.354626
28908	-3415.904	-3586.149	170.2454	0.4353827	1.852087	1.32354
28914	-3425.641	-3595.7	170.0584	0.4353827	1.685752	1.592839
28920	-3425.926	-3596.013	170.0876	0.4353827	1.782646	1.499637
28926	-3436.272	-3606.397	170.1245	0.5041028	1.811419	1.357688
28932	-3415.044	-3585.058	170.0145	0.3931246	1.690956	1.677996
28938	-3409.41	-3579.273	169.8622	0.4103839	1.665246	1.779873
28944	-3413.946	-3583.293	169.3474	0.3294544	1.431249	2.382434
28950	-3411.697	-3581.353	169.6558	0.3861783	1.633074	1.974482
28956	-3408.926	-3578.706	169.7795	0.3731551	1.535338	1.974482
28962	-3413.571	-3583.262	169.6907	0.3587591	1.610477	2.003289
28968	-3412.227	-3581.857	169.6297	0.3797673	1.61625	2.011576
28974	-3407.106	-3576.402	169.2967	0.4212686	1.608279	2.183015
28980	-3418.511	-3587.754	169.2437	0.4517938	1.608279	2.181407
28986	-3418.8	-3587.758	168.9576	0.4747821	1.523599	2.393082
28992	-3418.045	-3586.876	168.8309	0.359254	1.379398	2.696879
28998	-3404.227	-3572.112	167.8844	0.3510973	1.291715	3.32752
29004	-3424.141	-3592.676	168.5353	0.4112098	1.29145	2.867996
29010	-3429.447	-3598.594	169.1474	0.499672	1.416442	2.314
29016	-3432.961	-3600.491	167.5298	0.3870065	1.216973	3.536072
29022	-3424.157	-3592.32	168.1627	0.4602717	1.311889	3.026324
29028	-3424.179	-3591.965	167.7862	0.4259299	1.321016	3.281323
29034	-3410.33	-3578.384	168.0534	0.3504963	1.205909	3.279239
29040	-3421.892	-3591.051	169.1591	0.4866573	1.487772	2.274788
29046	-3421.483	-3591.141	169.6585	0.371915	1.632651	1.991992
29052	-3421.309	-3588.161	166.8516	0.4227808	1.129845	3.938408
29058	-3416.162	-3583.684	167.5221	0.4158292	1.16201	3.540289
29064	-3421.422	-3588.322	166.9003	0.4173069	1.290064	3.824346
29070	-3418.56	-3586.309	167.7487	0.3399839	1.248223	3.446525
29076	-3424.277	-3592.834	168.5575	0.4220339	1.259891	2.861392
29082	-3416.554	-3585.193	168.6395	0.3312949	1.335257	2.87661
29088	-3417.206	-3585.703	168.4975	0.3312949	1.382315	2.933971
29094	-3412.994	-3582.084	169.089	0.3568697	1.480226	2.477418
29100	-3419.546	-3588.988	169.442	0.2426805	1.472391	2.428777
29106	-3412.078	-3581.41	169.3321	0.367675	1.579825	2.245882
29112	-3412.121	-3581.997	169.8756	0.4035933	1.701085	1.754615
29118	-3406.609	-3576.614	170.0054	0.3103386	1.701085	1.799637
29124	-3418.521	-3587.689	169.1678	0.3877735	1.519354	2.363719
29130	-3416.214	-3585.665	169.4514	0.2773912	1.543291	2.321846
29136	-3419.168	-3588.24	169.0719	0.3593832	1.453407	2.501666
29142	-3415.839	-3586.138	170.2986	0.3283494	1.851547	1.449401
29148	-3416.489	-3586.605	170.1161	0.4104504	1.782009	1.513414
29154	-3424.347	-3594.321	169.9745	0.4104504	1.809675	1.597393
29160	-3405.591	-3575.986	170.3944	0.4606524	1.819857	1.189086
29166	-3407.105	-3577.329	170.224	0.4075435	1.850989	1.382506
29172	-3398.176	-3568.361	170.1848	0.414	1.837532	1.413943
29178	-3409.648	-3579.641	169.993	0.4526023	1.848	1.49838
29184	-3412.596	-3582.736	170.1396	0.4655615	1.967522	1.272111
29190	-3416.41	-3586.241	169.831	0.4655615	1.796177	1.638685
29196	-3411.416	-3581.36	169.9446	0.345769	1.727287	1.769482
29202	-3420.864	-3590.822	169.9581	0.345769	1.736837	1.753432
29208	-3422.43	-3592.315	169.8851	0.348744	1.712049	1.816933
29214	-3414.862	-3584.295	169.4337	0.3486262	1.512534	2.249247
29220	-3415.426	-3584.093	168.6671	0.4229025	1.402918	2.706443
29226	-3414.631	-3583.26	168.6286	0.4076064	1.268981	2.829208
29232	-3404.775	-3573.245	168.47	0.4265297	1.392126	2.829208
29238	-3411.678	-3580.015	168.3363	0.4416794	1.424538	2.873843
29244	-3412.982	-3581.383	168.4016	0.317515	1.476285	2.95352
29250	-3407.187	-3575.691	168.504	0.317515	1.385323	2.946629
29256	-3410.464	-3579.131	168.6669	0.3925952	1.426167	2.727636
29262	-3413.925	-3581.39	167.4656	0.3199234	1.182231	3.675146
29268	-3417.276	-3584.944	167.6683	0.3272396	1.224218	3.523656
29274	-3418.016	-3585.786	167.7706	0.4231654	1.352191	3.275175
29280	-3422.591	-3591.705	169.1137	0.4675172	1.419386	2.368155
29286	-3404.008	-3572.771	168.7623	0.4302644	1.511182	2.572506
29292	-3403.984	-3572.663	168.6789	0.3447101	1.292566	2.861092
29298	-3410.337	-3577.732	167.395	0.4086258	1.223334	3.586408
29304	-3413.426	-3581.671	168.2449	0.4475257	1.270993	3.0151
29310	-3409.699	-3578.383	168.6834	0.3628432	1.456359	2.735534
29316	-3409.851	-3578.042	168.1913	0.440304	1.30333	3.035596
29322	-3408.032	-3576.916	168.884	0.440304	1.402404	2.553147
29328	-3409.795	-3579.869	170.0735	0.3419329	1.56989	1.794974
29334	-3417.373	-3586.921	169.5479	0.4406637	1.651797	1.965335
29340	-3420.489	-3590.587	170.0981	0.3667605	1.657719	1.679639
29346	-3415.214	-3584.991	169.7765	0.3572073	1.617143	1.943523
29352	-3427.269	-3596.563	169.2935	0.3909297	1.44537	2.326901
29358	-3422.086	-3591.755	169.6691	0.4197612	1.514791	2.001531
29364	-3410.226	-3580.554	170.3275	0.3959051	1.840113	1.326818
29370	-3422.229	-3589.975	167.7464	0.3699098	1.262474	3.40293
29376	-3429.16	-3596.804	167.6438	0.4484556	1.295416	3.356196
29382	-3413.755	-3584.08	170.325	0.4336341	1.965163	1.165071
29388	-3414.856	-3585.146	170.2897	0.4126187	1.882649	1.297158
29394	-3418.396	-3588.758	170.3616	0.4034892	1.828138	1.297158
29400	-3416.376	-3586.541	170.1654	0.389778	1.786733	1.50279
29406	-3416.433	-3586.49	170.0573	0.3584951	1.701456	1.689636
29412	-3409.723	-3579.801	170.0781	0.3584951	1.680653	1.689636
29418	-3416.933	-3587.178	170.2443	0.4092159	1.898355	1.326331
29424	-3424.832	-3594.978	170.1461	0.4058227	1.702216	1.556856
29430	-3414.58	-3584.575	169.9954	0.3080459	1.745779	1.779173
29436	-3424.646	-3594.492	169.846	0.329776	1.687349	1.888615
29442	-3411.462	-3581.541	170.0797	0.3787722	1.79352	1.577345
29448	-3411.043	-3581.125	170.0826	0.3787722	1.885172	1.507432
29454	-3431.747	-3599.977	168.2298	0.3767558	1.356755	3.052879
29460	-3435.328	-3605.176	169.8479	0.3979501	1.652405	1.815169
29466	-3424.5	-3594.423	169.923	0.3603778	1.652405	1.815169
29472	-3426.785	-3596.582	169.7967	0.3321164	1.63357	1.954834
29478	-3436.573	-3606.385	169.8114	0.452161	1.695106	1.741108
29484	-3428.171	-3597.53	169.3594	0.5394292	1.623726	1.999194
29490	-3411.714	-3581.275	169.5614	0.3229797	1.58031	2.158764
29496	-3416.366	-3585.513	169.1479	0.4379724	1.457783	2.355272
29502	-3421.896	-3591.056	169.1608	0.3256403	1.669129	2.355272
29508	-3419.135	-3588.819	169.6836	0.3498983	1.595321	2.030364
29514	-3412.666	-3582.624	169.9573	0.3506838	1.847596	1.668422
29520	-3428.089	-3596.126	168.0372	0.3234562	1.272514	3.28397
29526	-3428.843	-3596.769	167.9254	0.3541619	1.274674	3.309659
29532	-3433.954	-3601.795	167.8408	0.3351671	1.29998	3.368295
29538	-3420.154	-3587.895	167.7407	0.3509823	1.233138	3.44634
29544	-3431.669	-3600.357	168.6882	0.3677172	1.28335	2.831979
29550	-3417.775	-3586.893	169.1179	0.3477824	1.440715	2.496031
29556	-3420.955	-3590.033	169.0772	0.3819479	1.578634	2.390827
29562	-3424.077	-3592.897	168.8207	0.3791566	1.48766	2.611473
29568	-3421.603	-3590.926	169.3234	0.393595	1.473171	2.286731
29574	-3418.731	-3587.86	169.1288	0.4162718	1.570414	2.321248
29580	-3414.125	-3583.947	169.8215	0.3940623	1.59088	1.880665
29586	-3423.709	-3593.729	170.0198	0.3925878	1.802618	1.594537
29592	-3415.94	-3585.949	170.0097	0.3431825	1.745203	1.715178
29598	-3418.116	-3588.25	170.1343	0.3384159	1.73178	1.643295
29604	-3413.07	-3583.023	169.953	0.3472754	1.718503	1.767568
29610	-3420.611	-3590.298	169.6869	0.4231655	1.694319	1.864183
29616	-3416.131	-3585.846	169.7151	0.4291698	1.71631	1.822098
29622	-3419.857	-3590.328	170.4717	0.3252224	1.88139	1.295118
29628	-3420.418	-3590.825	170.408	0.3072238	1.841774	1.409327
29634	-3441.685	-3611.577	169.8929	0.3586501	1.714029	1.795839
29640	-3432.986	-3602.944	169.9578	0.3586501	1.673319	1.779039
29646	-3416.707	-3587.118	170.4111	0.3586501	1.88666	1.281854
29652	-3412.055	-3581.856	169.8007	0.3854769	1.646958	1.868045
29658	-3409.531	-3579.022	169.4914	0.434692	1.57007	2.064503
29664	-3425.63	-3594.952	169.3218	0.3791303	1.604378	2.221803
29670	-3414.905	-3584.378	169.4726	0.4557096	1.628289	2.013396
29676	-3423.983	-3593.11	169.1267	0.3446021	1.535416	2.43535
29682	-3418.565	-3587.999	169.4343	0.4117747	1.582543	2.121749
29688	-3409.838	-3579.398	169.5597	0.3464023	1.595059	2.117071
29694	-3420.967	-3590.458	169.4908	0.354925	1.654351	2.111642
29700	-3415.576	-3585.369	169.7933	0.4243673	1.777979	1.730925
29706	-3406.246	-3576.186	169.9405	0.3320917	1.596654	1.882581
29712	-3417.271	-3586.726	169.4544	0.5092599	1.690307	1.923169
29718	-3408.933	-3578.316	169.3828	0.3066244	1.564637	2.307769
29724	-3417.889	-3585.606	167.717	0.3497188	1.373579	3.379523
29730	-3420.103	-3588.368	168.2654	0.3396049	1.347087	3.083491
29736	-3419.889	-3587.731	167.8421	0.358917	1.274438	3.352981
29742	-3419.307	-3586.368	167.0603	0.4786874	1.274438	3.677809
29748	-3422.479	-3591.008	168.5293	0.3491301	1.342229	2.915858
29754	-3428.692	-3596.686	167.9949	0.3559561	1.268755	3.269954
29760	-3416.632	-3585.476	168.8438	0.4133196	1.500533	2.548094
29766	-3413.635	-3583.417	169.7822	0.3453082	1.594473	1.971732
29772	-3404.053	-3573.58	169.5267	0.3585414	1.746722	2.022042
29778	-3416.861	-3586.754	169.893	0.3704939	1.698777	1.789508
29784	-3401.984	-3571.92	169.9357	0.3974831	1.628613	1.771465
29790	-3415.94	-3586.099	170.1583	0.48318	1.905944	1.282507
29796	-3409.716	-3580.051	170.3353	0.4052601	1.914097	1.245141
29802	-3416.747	-3587.077	170.3307	0.4204322	1.820997	1.302017
29808	-3411.708	-3581.966	170.2582	0.3701426	1.792816	1.457713
29814	-3405.062	-3574.788	169.7255	0.3556448	1.685739	1.933833
29820	-3405.107	-3574.834	169.7269	0.3467614	1.703026	1.933833
29826	-3410.109	-3580.073	169.9636	0.4189677	1.949995	1.489831
29832	-3410.857	-3580.771	169.9133	0.3540132	1.856706	1.688292
29838	-3420.283	-3590.402	170.1186	0.3218443	1.862938	1.585963
29844	-3427.283	-3593.531	166.2484	0.4344261	1.047085	4.316487
29850	-3419.466	-3585.757	166.291	0.3296922	1.213388	4.316487
29856	-3420.695	-3587.89	167.1958	0.3296922	1.247584	3.780708
29862	-3419.91	-3588.234	168.3246	0.2808224	1.291993	3.160918
29868	-3424.622	-3592.72	168.0974	0.4646151	1.281565	3.078943
29874	-3417.117	-3585.44	168.3231	0.4679605	1.380205	2.880614
29880	-3416.249	-3583.015	166.7664	0.4456288	1.133494	3.961229
29886	-3413.704	-3581.197	167.4922	0.4456288	1.225063	3.489108
29892	-3411.936	-3580.859	168.9228	0.412941	1.418907	2.550167
29898	-3417.812	-3586.451	168.639	0.4233696	1.345593	2.758166
29904	-3407.617	-3576.348	168.7317	0.4069605	1.31337	2.740054
29910	-3411.733	-3581.358	169.6251	0.4069605	1.465886	2.079052
29916	-3422.022	-3590.699	168.6768	0.3825695	1.43249	2.729773
29922	-3430.262	-3599.068	168.8052	0.3597995	1.45181	2.667431
29928	-3424.337	-3593.132	168.795	0.3597995	1.462007	2.667431
29934	-3414.944	-3584.488	169.5446	0.3597995	1.585452	2.114871
29940	-3411.418	-3581.094	169.6759	0.3772447	1.669098	1.948688
29946	-3420.528	-3590.582	170.0542	0.425813	1.761578	1.553161
29952	-3409.661	-3579.733	170.0725	0.425813	1.793692	1.515805
29958	-3409.767	-3580.023	170.2553	0.319241	1.658472	1.639258
29964	-3410.111	-3580.382	170.2709	0.354537	1.832757	1.442044
29970	-3429.359	-3598.391	169.0319	0.4881943	1.568855	2.302634
29976	-3421.815	-3591.576	169.7604	0.3561905	1.571228	1.986514
29982	-3410.964	-3581.306	170.3415	0.3978877	1.792193	1.350834
29988	-3426.288	-3596.507	170.2185	0.503431	1.853333	1.248287
29994	-3422.01	-3592.29	170.2795	0.3997631	2.002958	1.226255
30000	-3415.454	-3585.904	170.4494	0.3980156	2.00581	1.076366
30006	-3420.594	-3591.271	170.6769	0.363333	2.00581	0.9171891
30012	-3410.37	-3581.097	170.7274	0.3148518	2.054198	0.9232396
30018	-3417.945	-3588.548	170.6033	0.4120403	2.111117	0.7581049
30024	-3437.127	-3607.715	170.5879	0.3773601	2.09322	0.8870063
30030	-3428.549	-3599.077	170.5282	0.3802453	1.841775	1.184196
30036	-3416.98	-3587.38	170.4005	0.418387	1.849866	1.223488
30042	-3405.038	-3575.173	170.1346	0.3952764	1.654027	1.615315
30048	-3411.224	-3581.05	169.8258	0.3542692	1.651449	1.891073
30054	-3409.854	-3579.451	169.5962	0.3818418	1.554144	2.072181
30060	-3413.264	-3581.905	168.6406	0.3127431	1.374192	2.877377
30066	-3405.452	-3574.793	169.3414	0.3127431	1.50673	2.362008
30072	-3414.184	-3584.063	169.8789	0.4080932	1.677131	1.762994
30078	-3416.682	-3586.119	169.4369	0.3201529	1.639627	2.20514
30084	-3421.164	-3590.662	169.4981	0.3015874	1.62074	2.20514
30090	-3415.723	-3585.425	169.7019	0.3912559	1.664453	1.915612
30096	-3406.346	-3576.086	169.7404	0.3719139	1.664453	1.915612
30102	-3420.623	-3590.095	169.4717	0.4507888	1.743308	1.942862
30108	-3411.027	-3580.726	169.6994	0.3105599	1.68079	2.020383
30114	-3416.098	-3586.16	170.0615	0.3371207	1.819168	1.634764
30120	-3413.411	-3583.629	170.2178	0.3748586	1.772996	1.496016
30126	-3410.615	-3580.794	170.1785	0.3748586	1.778355	1.521435
30132	-3404.757	-3574.785	170.0281	0.5049943	1.790274	1.447921
30138	-3409.723	-3579.906	170.1839	0.383914	1.852347	1.447921
30144	-3405.98	-3576.305	170.3255	0.4511316	1.874974	1.215221
30150	-3405.282	-3575.291	170.0093	0.4511316	1.844978	1.490335
30156	-3410.127	-3580.363	170.2361	0.3753458	1.808718	1.454476
30162	-3408.337	-3578.545	170.2085	0.4692399	1.807611	1.340655
30168	-3414.24	-3584.457	170.217	0.4715084	1.931247	1.229286
30174	-3419.279	-3588.39	169.1103	0.3930091	1.511198	2.398795
30180	-3426.064	-3595.487	169.423	0.3287428	1.52988	2.272473
30186	-3421.793	-3590.922	169.1286	0.4755909	1.540667	2.272473
30192	-3422.854	-3591.336	168.4828	0.3368093	1.524375	2.849736
30198	-3408.628	-3577.315	168.6867	0.3862996	1.48842	2.684893
30204	-3401.144	-3569.998	168.8536	0.4054147	1.498175	2.552805
30210	-3414.783	-3583.589	168.8057	0.3384512	1.389878	2.732796
30216	-3426.921	-3594.766	167.845	0.3181702	1.33299	3.36844
30222	-3423.468	-3590.724	167.2563	0.3487675	1.267658	3.710554
30228	-3421.493	-3589.384	167.8917	0.3548892	1.387364	3.262181
30234	-3427.959	-3595.231	167.2723	0.4066442	1.338933	3.592765
30240	-3416.885	-3584.666	167.7805	0.4593037	1.209655	3.314926
30246	-3413.356	-3580.354	166.9981	0.435409	1.139303	3.83556
30252	-3414.626	-3582.407	167.7812	0.3437157	1.205449	3.447861
30258	-3428.251	-3594.471	166.2208	0.4681957	1.136597	4.247505
30264	-3410.353	-3578.21	167.8576	0.4426448	1.338135	3.211029
30270	-3398.672	-3567.464	168.7924	0.3073705	1.374076	2.792737
30276	-3411.639	-3580.812	169.1726	0.4662766	1.439608	2.319182
30282	-3425.906	-3594.816	168.9099	0.3709588	1.359551	2.645728
30288	-3431.024	-3599.883	168.8598	0.3644925	1.351818	2.689391
30294	-3416.843	-3585.287	168.4445	0.4055163	1.310959	2.917622
30300	-3411.338	-3580.099	168.7614	0.3534353	1.41925	2.722456
30306	-3422.875	-3591.582	168.7069	0.4195068	1.343223	2.722456
30312	-3431.233	-3600.652	169.419	0.3840484	1.341538	2.321727
30318	-3414.572	-3582.178	167.6063	0.3487474	1.496877	3.373309
30324	-3412.159	-3581.369	169.2101	0.423129	1.570773	2.260824
30330	-3416.471	-3585.699	169.2271	0.3533822	1.361216	2.470013
30336	-3410.118	-3578.121	168.0031	0.3605639	1.191675	3.304933
30342	-3412.124	-3580.428	168.3034	0.3173099	1.405772	3.055004
30348	-3409.654	-3577.911	168.257	0.3885596	1.269414	3.074826
30354	-3408.3	-3576.545	168.2454	0.4736939	1.350762	2.93931
30360	-3403.493	-3572.399	168.9064	0.4011095	1.416756	2.575661
30366	-3403.509	-3572.241	168.7324	0.4330075	1.394166	2.660217
30372	-3409.639	-3577.8	168.161	0.3860823	1.375304	3.071855
30378	-3420.454	-3589.284	168.8296	0.3860823	1.356143	2.678597
30384	-3433.936	-3602.271	168.3351	0.3344511	1.347886	3.047984
30390	-3421.325	-3590.765	169.4408	0.3344511	1.565732	2.230005
30396	-3411.809	-3581.505	169.6959	0.3838823	1.65208	1.937818
30402	-3422.374	-3590.793	168.4193	0.3572631	1.35131	2.966366
30408	-3423.556	-3591.966	168.4095	0.3974835	1.278242	2.967752
30414	-3410.883	-3579.604	168.7211	0.3655429	1.397036	2.745346
30420	-3430.487	-3599.809	169.322	0.3655429	1.490398	2.312468
30426	-3443.883	-3612.989	169.1064	0.3219783	1.447453	2.533893
30432	-3427.241	-3596.497	169.2562	0.4398401	1.503208	2.254958
30438	-3425.615	-3594.58	168.9648	0.4358075	1.448174	2.479259
30444	-3417.979	-3586.845	168.8653	0.3473066	1.468252	2.636428
30450	-3409.058	-3577.135	168.0777	0.3587927	1.353586	3.167196
30456	-3423.725	-3592.381	168.6568	0.359003	1.37214	2.807974
30462	-3424.517	-3593.229	168.7115	0.4240112	1.421579	2.666432
30468	-3423.628	-3591.898	168.2696	0.3668887	1.325656	3.059633
30474	-3416.751	-3585.828	169.0766	0.3668887	1.525647	2.443776
30480	-3398.877	-3567.958	169.0806	0.3668887	1.452396	2.487196
30486	-3418.386	-3588.156	169.77	0.3200768	1.547029	2.048015
30492	-3423.777	-3591.722	167.9453	0.4126039	1.273253	3.230271
30498	-3413.504	-3581.657	168.1536	0.4126039	1.260156	3.114408
30504	-3426.229	-3595.226	168.9971	0.3798417	1.544792	2.465209
30510	-3428.499	-3598.313	169.8143	0.3220683	1.528559	2.02796
30516	-3424.857	-3594.809	169.9513	0.3560436	1.568512	1.859542
30522	-3418.772	-3586.42	167.648	0.3984873	1.178749	3.476349
30528	-3411.346	-3579.018	167.6715	0.3695838	1.202166	3.482418
30534	-3411.386	-3579.63	168.2436	0.3860747	1.22182	3.114093
30540	-3422.99	-3591.757	168.767	0.4202068	1.478736	2.601278
30546	-3416.396	-3585.462	169.0655	0.4013124	1.455956	2.451671
30552	-3416.004	-3583.969	167.9647	0.4149986	1.306078	3.196668
30558	-3417.989	-3585.857	167.8676	0.4149986	1.403196	3.196668
30564	-3411.704	-3578.329	166.6252	0.508319	1.22015	3.931067
30570	-3405.597	-3572.477	166.8802	0.4830136	1.250319	3.791453
30576	-3412.093	-3579.27	167.177	0.400983	1.239406	3.711879
30582	-3412.296	-3578.892	166.5964	0.4685578	1.304859	3.937365
30588	-3426.649	-3595.548	168.8992	0.3242612	1.359394	2.71322
30594	-3434.571	-3603.795	169.2235	0.3242612	1.463656	2.447354
30600	-3417.005	-3585.928	168.9233	0.4198779	1.53366	2.470085
30606	-3412.045	-3581.56	169.5143	0.3983695	1.616215	2.063894
30612	-3406.453	-3576.093	169.6405	0.3840023	1.544947	2.046186
30618	-3404.634	-3573.504	168.8704	0.4144553	1.510478	2.523964
30624	-3428.28	-3597.078	168.7987	0.3945591	1.414514	2.651498
30630	-3414.79	-3584.146	169.3561	0.3202016	1.569192	2.302219
30636	-3414.56	-3583.614	169.0542	0.3527975	1.393496	2.558582
30642	-3408.855	-3578.53	169.675	0.4037026	1.610974	1.953557
30648	-3406.761	-3575.88	169.1193	0.4725189	1.464352	2.330508
30654	-3409.538	-3578.912	169.3744	0.3505432	1.567073	2.249725
30660	-3401.404	-3570.305	168.9011	0.350295	1.500215	2.590573
30666	-3408.63	-3576.288	167.6586	0.4650026	1.421539	3.25597
30672	-3413.274	-3581.159	167.8847	0.410314	1.289837	3.258843
30678	-3408.114	-3576.405	168.2918	0.4546515	1.390311	2.907477
30684	-3419.017	-3587.702	168.6854	0.3494833	1.373569	2.801796
30690	-3431.004	-3599.489	168.4845	0.379136	1.503931	2.807726
30696	-3419.197	-3587.018	167.8215	0.4481887	1.34583	3.221958
30702	-3411.631	-3578.991	167.3599	0.4481887	1.251717	3.548
30708	-3427.366	-3593.225	165.8589	0.4478917	1.221397	4.424297
30714	-3431.871	-3599.5	167.6289	0.4039104	1.280685	3.421821
30720	-3436.286	-3604.019	167.7332	0.3198555	1.294824	3.454087
30726	-3427.538	-3595.438	167.8998	0.3007879	1.240728	3.413718
30732	-3414.009	-3583.25	169.2413	0.342212	1.454039	2.417642
30738	-3413.193	-3582.475	169.2814	0.3955264	1.497412	2.295718
30744	-3416.376	-3584.463	168.0867	0.3936643	1.322508	3.138739
30750	-3422.193	-3590.759	168.566	0.3936643	1.425102	2.788652
30756	-3418.134	-3587.5	169.3667	0.4782263	1.536568	2.118055
30762	-3414.046	-3581.871	167.8249	0.3436615	1.362599	3.330124
30768	-3417.969	-3586.008	168.0392	0.4102205	1.331458	3.14271
30774	-3423.234	-3591.34	168.1059	0.3974742	1.276978	3.149983
30780	-3426.115	-3595.353	169.2375	0.4733041	1.535315	2.208362
30786	-3423.216	-3592.433	169.2176	0.3560408	1.502162	2.383771
30792	-3423.87	-3593.049	169.1792	0.4146284	1.496347	2.338286
30798	-3413.059	-3582.398	169.3398	0.3981504	1.496347	2.255716
30804	-3423.486	-3591.948	168.4618	0.3644946	1.349066	2.933178
30810	-3433.631	-3602.035	168.4043	0.3271429	1.268087	3.063898
30816	-3432.15	-3601.688	169.538	0.3481629	1.526975	2.17317
30822	-3426.955	-3595.632	168.6775	0.3964485	1.483246	2.681507
30828	-3415.354	-3583.553	168.1988	0.3951005	1.42598	3.008296
30834	-3413.852	-3581.961	168.1093	0.4179408	1.325763	3.095695
30840	-3415.929	-3583.247	167.3187	0.4054675	1.353618	3.558559
30846	-3419.546	-3587.269	167.7227	0.4097695	1.210768	3.401265
30852	-3422.131	-3590.447	168.3166	0.3581929	1.350156	3.027547
30858	-3420.498	-3587.071	166.5735	0.3581929	1.19529	4.132064
30864	-3417.75	-3585.128	167.3773	0.490643	1.297207	3.468542
30870	-3411.036	-3578.138	167.1019	0.3949229	1.317858	3.716752
30876	-3403.608	-3570.701	167.0939	0.4323972	1.25518	3.716752
30882	-3398.677	-3566.743	168.0661	0.4205968	1.305346	3.130631
30888	-3404.73	-3572.583	167.8533	0.379913	1.315102	3.297296
30894	-3400.349	-3567.892	167.543	0.3171298	1.254404	3.592022
30900	-3408.433	-3576.129	167.6957	0.3835318	1.211911	3.446222
30906	-3412.515	-3578.914	166.3987	0.4100808	1.125573	4.212543
30912	-3416.232	-3583.487	167.2546	0.4100808	1.257054	3.646723
30918	-3430.077	-3596.722	166.6456	0.4783413	1.185735	3.967787
30924	-3422.465	-3590.446	167.9808	0.3523231	1.216019	3.313853
30930	-3423.254	-3591.318	168.0642	0.3995611	1.338895	3.135556
30936	-3424.484	-3592.781	168.2964	0.3580972	1.402111	3.008654
30942	-3421.931	-3591.12	169.189	0.4063167	1.591318	2.281446
30948	-3422.953	-3591.927	168.9745	0.4075162	1.353675	2.564945
30954	-3420.24	-3589.334	169.0932	0.3149728	1.383112	2.591818
30960	-3426.066	-3595.235	169.169	0.4475839	1.380969	2.379658
30966	-3418.999	-3586.819	167.8201	0.3789948	1.333419	3.307193
30972	-3420.121	-3589.91	169.7893	0.4335864	1.746688	1.743866
30978	-3414.498	-3584.514	170.016	0.384919	1.800066	1.610128
30984	-3423.496	-3593.916	170.4198	0.3669279	1.862131	1.280845
30990	-3415.233	-3585.247	170.0142	0.4267712	1.758417	1.583538
30996	-3415.982	-3586.101	170.1188	0.4134895	1.751928	1.529513
31002	-3412.858	-3582.805	169.947	0.3881452	1.675658	1.743415
31008	-3421.791	-3591.345	169.5547	0.3285024	1.537026	2.183341
31014	-3408.758	-3577.816	169.0576	0.3784506	1.468024	2.477193
31020	-3422.748	-3592.554	169.806	0.400269	1.518327	1.932189
31026	-3417.534	-3587.362	169.8282	0.4179996	1.584281	1.849331
31032	-3429.646	-3599.479	169.8334	0.3358669	1.597686	1.948811
31038	-3430.365	-3599.965	169.5993	0.5111728	1.710879	1.80803
31044	-3401.584	-3570.296	168.7116	0.4377497	1.42318	2.649845
31050	-3418.839	-3587.152	168.3127	0.4377497	1.432177	2.887811
31056	-3412.737	-3581.453	168.7156	0.4001497	1.45107	2.673468
31062	-3419.65	-3588.583	168.9327	0.2848149	1.374814	2.73903
31068	-3426.623	-3596.165	169.542	0.2108357	1.46698	2.424884
31074	-3413.043	-3582.061	169.0179	0.3249376	1.515456	2.542568
31080	-3416.096	-3584.968	168.8729	0.4247148	1.459026	2.542568
31086	-3420.913	-3589.144	168.2309	0.3409717	1.300542	3.130024
31092	-3415.211	-3581.771	166.5604	0.4001284	1.265296	4.051875
31098	-3414.728	-3581.902	167.1733	0.3985787	1.214044	3.731357
31104	-3403.791	-3569.763	165.9716	0.3458904	1.138208	4.519246
31110	-3412.624	-3579.164	166.5406	0.3509878	1.308367	4.094997
31116	-3411.573	-3580.543	168.9696	0.3429054	1.470017	2.576553
31122	-3414.508	-3583.877	169.3685	0.394806	1.470017	2.258347
31128	-3410.523	-3579.966	169.4425	0.3641907	1.636539	2.142282
31134	-3427.777	-3597.486	169.7096	0.3988587	1.686805	1.885157
31140	-3430.716	-3600.673	169.9566	0.4351397	1.686998	1.665724
31146	-3421.007	-3590.266	169.2598	0.4488219	1.607521	2.17486
31152	-3421.269	-3589.526	168.257	0.4324081	1.35361	2.974624
31158	-3413.163	-3581.861	168.698	0.4262838	1.345351	2.7189
31164	-3423.031	-3590.588	167.5576	0.5026138	1.177922	3.421206
31170	-3417.123	-3585.551	168.4284	0.5026138	1.379827	2.781356
31176	-3412.626	-3581.319	168.6936	0.2994828	1.366324	2.868513
31182	-3412.714	-3581.597	168.8829	0.4281583	1.446455	2.540216
31188	-3408.082	-3576.323	168.2414	0.3179303	1.274744	3.169119
31194	-3414.125	-3583.303	169.1789	0.3514544	1.43655	2.455569
31200	-3437.072	-3605.915	168.8428	0.4432057	1.45733	2.541345
31206	-3443.008	-3611.301	168.2928	0.4526801	1.395997	2.905522
31212	-3437.431	-3604.767	167.336	0.4185056	1.189333	3.629606
31218	-3430.71	-3598.744	168.0347	0.3241087	1.323714	3.254423
31224	-3436.455	-3604.06	167.6048	0.4576803	1.246056	3.398431
31230	-3432.435	-3600.706	168.2717	0.425115	1.291049	3.011416
31236	-3416.992	-3586.179	169.1866	0.3496818	1.508978	2.407482
31242	-3425.552	-3594.546	168.9942	0.281845	1.388443	2.697381
31248	-3424.198	-3593.082	168.8836	0.4012874	1.462064	2.561496
31254	-3428.268	-3597.216	168.9481	0.3096374	1.486273	2.625254
31260	-3421.267	-3589.706	168.4384	0.4589943	1.475928	2.761852
31266	-3423.751	-3593.073	169.3224	0.3863808	1.412807	2.334965
31272	-3424.674	-3593.565	168.8905	0.360461	1.627427	2.504893
31278	-3415.545	-3585.039	169.4937	0.3409923	1.477007	2.243991
31284	-3420.678	-3588.781	168.1033	0.427933	1.275468	3.118238
31290	-3417.606	-3586.999	169.3928	0.4160246	1.606632	2.127863
31296	-3403.242	-3572.726	169.4847	0.3690028	1.606632	2.127863
31302	-3401.639	-3571.259	169.6197	0.3822726	1.72965	1.939026
31308	-3405.542	-3574.981	169.4391	0.4231426	1.492929	2.163185
31314	-3408.792	-3578.096	169.3046	0.4291754	1.543221	2.210553
31320	-3404.09	-3572.63	168.5405	0.4118875	1.495011	2.740185
31326	-3405.028	-3573.416	168.3877	0.4122733	1.397413	2.891967
31332	-3420.69	-3589.437	168.7478	0.3933436	1.440148	2.668512
31338	-3421.012	-3589.392	168.3808	0.4372285	1.303771	2.924817
31344	-3412.67	-3581.8	169.1302	0.3126038	1.385028	2.57104
31350	-3411.676	-3580.82	169.1445	0.5098151	1.461048	2.276698
31356	-3421.94	-3591.771	169.8304	0.4884849	1.644722	1.719105
31362	-3427.626	-3595.917	168.2915	0.3883504	1.301106	3.035495
31368	-3417.895	-3585.594	167.6989	0.3883504	1.259405	3.41094
31374	-3410.303	-3577.982	167.679	0.3010673	1.245361	3.539567
31380	-3406.804	-3575.085	168.2807	0.3673659	1.400812	3.007394
31386	-3413.725	-3581.571	167.846	0.3645856	1.300922	3.3282
31392	-3416.649	-3584.623	167.9743	0.2849437	1.34933	3.3282
31398	-3422.902	-3590.923	168.0216	0.3440026	1.423466	3.177516
31404	-3410.336	-3578.868	168.5319	0.4267925	1.407129	2.782103
31410	-3419.407	-3587.95	168.5427	0.4009158	1.486738	2.756656
31416	-3422.483	-3591.111	168.6275	0.3133581	1.391704	2.873853
31422	-3435.22	-3603.93	168.7096	0.3432942	1.31124	2.832998
31428	-3417.372	-3585.555	168.1832	0.3432942	1.338259	3.133019
31434	-3423.237	-3591.513	168.2761	0.3186121	1.299345	3.133019
31440	-3419.746	-3587.289	167.5429	0.4691074	1.314546	3.382876
31446	-3425.602	-3593.779	168.1772	0.4369217	1.320832	3.037195
31452	-3427.656	-3596.407	168.7513	0.3193047	1.402289	2.784121
31458	-3413.081	-3581.536	168.4552	0.3066054	1.306015	3.03839
31464	-3416.415	-3584.003	167.5879	0.2976613	1.215765	3.61436
31470	-3416.875	-3584.044	167.1698	0.3894386	1.225997	3.736753
31476	-3425.517	-3592.505	166.9882	0.3322415	1.238316	3.90219
31482	-3415.44	-3582.308	166.8685	0.3060822	1.224226	4.012241
31488	-3422.593	-3590.019	167.4255	0.3223611	1.187731	3.69201
31494	-3418.14	-3585.712	167.5718	0.2619561	1.184863	3.69201
31500	-3416.143	-3584.255	168.1114	0.3139403	1.313882	3.228324
31506	-3414.693	-3582.67	167.9773	0.3507461	1.355881	3.235305
31512	-3420.997	-3589.647	168.6504	0.3491203	1.351056	2.837269
31518	-3410.918	-3578.238	167.3197	0.3643993	1.201582	3.693276
31524	-3413.318	-3581.16	167.8422	0.4139892	1.277456	3.287149
31530	-3418.559	-3586.704	168.1455	0.4651339	1.299011	3.039217
31536	-3416.61	-3585.522	168.9126	0.3830985	1.36456	2.625945
31542	-3417.413	-3586.264	168.8505	0.4638565	1.533025	2.466412
31548	-3417.553	-3587.189	169.6356	0.3669272	1.520063	2.08844
31554	-3418.696	-3587.546	168.8501	0.4412747	1.453415	2.541445
31560	-3407.462	-3577.154	169.6918	0.3493846	1.560121	2.048961
31566	-3414.524	-3583.886	169.3627	0.3493846	1.518659	2.289835
31572	-3421.014	-3590.468	169.4537	0.3543118	1.676332	2.122329
31578	-3405.465	-3575.375	169.9093	0.3943647	1.788597	1.681641
31584	-3403.295	-3572.531	169.2359	0.4588289	1.542202	2.221177
31590	-3425.924	-3595.806	169.8821	0.3671879	1.551213	1.902792
31596	-3422.353	-3591.641	169.2879	0.4073067	1.533004	2.254237
31602	-3401.274	-3570.822	169.5475	0.3458127	1.505482	2.184185
31608	-3410.173	-3579.198	169.025	0.3858118	1.381678	2.542336
31614	-3413.886	-3582.709	168.8225	0.3858118	1.584175	2.542336
31620	-3420.318	-3590.107	169.7885	0.4189305	1.531795	1.910981
31626	-3407.872	-3577.485	169.6128	0.4529077	1.552687	1.973586
31632	-3416.25	-3585.736	169.486	0.4389038	1.484069	2.119502
31638	-3407.251	-3576.83	169.5794	0.4590806	1.631758	1.93563
31644	-3421.945	-3591.221	169.2761	0.402224	1.619263	2.212499
31650	-3432.013	-3601.966	169.9526	0.4031305	1.955637	1.516237
31656	-3448.133	-3618.203	170.0708	0.3676344	1.907678	1.516237
31662	-3430.12	-3600.271	170.1517	0.4085789	1.907678	1.393124
31668	-3423.547	-3593.32	169.7727	0.3900077	1.76665	1.798874
31674	-3416.997	-3587.216	170.2193	0.3154766	1.849132	1.532458
31680	-3413.174	-3582.949	169.7753	0.3154766	1.676804	1.964928
31686	-3414.624	-3583.908	169.2841	0.3775238	1.527042	2.297776
31692	-3424.113	-3593.635	169.5219	0.336006	1.469175	2.237765
31698	-3426.935	-3596.492	169.5573	0.3408041	1.646649	2.09266
31704	-3437.722	-3607.561	169.8385	0.2273508	1.768994	2.00792
31710	-3424.161	-3594.654	170.493	0.332479	1.831769	1.305171
31716	-3421.234	-3591.349	170.1148	0.401897	1.884822	1.449071
31722	-3418.424	-3588.636	170.2123	0.4546544	1.776272	1.382598
31728	-3411.354	-3581.03	169.6757	0.4095306	1.601309	1.952092
31734	-3414.435	-3583.875	169.44	0.3500481	1.591383	2.192353
31740	-3419.142	-3589.084	169.9417	0.3509315	1.688353	1.790998
31746	-3433.512	-3603.275	169.7634	0.365042	1.606238	1.948789
31752	-3421.48	-3591.142	169.6621	0.372213	1.686561	1.953046
31758	-3426.623	-3596.423	169.8002	0.376325	1.685567	1.854496
31764	-3418.251	-3587.894	169.6429	0.376325	1.697505	1.953078
31770	-3413.223	-3583.471	170.2484	0.32695	1.881037	1.467524
31776	-3430.291	-3600.439	170.1477	0.446918	1.887183	1.356948
31782	-3431.779	-3601.725	169.9459	0.4674875	1.758455	1.580244
31788	-3437.668	-3607.871	170.2037	0.4229923	1.758455	1.447276
31794	-3427.631	-3597.638	170.0079	0.4229923	1.762986	1.589927
31800	-3424.273	-3592.582	168.3087	0.5168203	1.326439	2.872387
31806	-3406.065	-3574.606	168.5414	0.4329358	1.483894	2.722514
31812	-3433.744	-3604.357	170.6126	0.3655016	1.711808	1.248133
31818	-3425.548	-3596.097	170.5494	0.3316814	2.011146	1.104841
31824	-3419.253	-3586.134	166.8815	0.3714593	1.215683	3.929091
31830	-3414.592	-3582.93	168.3384	0.3341419	1.433876	2.994929
31836	-3414.282	-3583.556	169.2739	0.4850973	1.587827	2.137576
31842	-3405.555	-3575.775	170.2201	0.3905687	1.662843	1.553075
31848	-3403.97	-3574.18	170.2102	0.3465275	1.838757	1.496343
31854	-3416.384	-3586.38	169.9951	0.4219822	1.693584	1.650763
31860	-3417.033	-3586.877	169.8433	0.423086	1.690008	1.759251
31866	-3404.791	-3574.507	169.7169	0.4331412	1.696538	1.829519
31872	-3433.864	-3603.141	169.2768	0.3158044	1.47708	2.417243
31878	-3433.386	-3602.467	169.0818	0.4730502	1.426372	2.377872
31884	-3415.475	-3583.564	168.0889	0.3838728	1.300621	3.161869
31890	-3417.756	-3585.745	167.9888	0.4372778	1.299488	3.161869
31896	-3422.755	-3591.632	168.8767	0.3510116	1.510376	2.59848
31902	-3410.266	-3579.844	169.578	0.3455676	1.580462	2.11578
31908	-3422.789	-3592.292	169.5034	0.3865702	1.571186	2.11578
31914	-3426.053	-3595.52	169.4669	0.345298	1.539143	2.215253
31920	-3415.471	-3582.827	167.356	0.4475512	1.22503	3.566445
31926	-3429.337	-3597.263	167.9259	0.4475512	1.282403	3.198342
31932	-3422.029	-3590.843	168.8144	0.4475512	1.411378	2.582696
31938	-3419.386	-3587.658	168.2722	0.4475512	1.33099	2.962612
31944	-3425.225	-3594.313	169.0873	0.3866081	1.491422	2.433684
31950	-3421.362	-3590.172	168.8102	0.3851533	1.454666	2.631014
31956	-3421.383	-3590.738	169.3546	0.3827386	1.529623	2.244227
31962	-3429.071	-3598.225	169.1535	0.4564312	1.539597	2.278528
31968	-3429.385	-3597.36	167.9751	0.4205963	1.204431	3.244461
31974	-3429.278	-3596.629	167.3512	0.4702132	1.276885	3.515929
31980	-3433.554	-3603.687	170.1332	0.3871803	1.721425	1.578803
31986	-3430.222	-3600.102	169.8795	0.3582892	1.763654	1.771235
31992	-3430.17	-3599.727	169.5569	0.5307787	1.774739	1.771235
31998	-3426.108	-3595.979	169.8715	0.3817403	1.724012	1.771235
32004	-3426.468	-3595.735	169.2672	0.3054789	1.529293	2.405205
32010	-3424.2	-3592.318	168.1177	0.4289151	1.270045	3.111803
32016	-3418.236	-3586.936	168.7003	0.4522103	1.411872	2.647837
32022	-3415.354	-3582.975	167.6213	0.3918345	1.33552	3.407812
32028	-3424.382	-3591.492	167.1099	0.3918345	1.281871	3.736386
32034	-3413.335	-3581.666	168.331	0.3880058	1.306755	3.008861
32040	-3407.774	-3576.792	169.0182	0.3525268	1.462267	2.538513
32046	-3415.051	-3583.962	168.9113	0.3950577	1.483321	2.538513
32052	-3417.722	-3587.246	169.5243	0.424851	1.704708	1.965063
32058	-3417.896	-3587.856	169.9604	0.3019372	1.66587	1.868027
32064	-3410.492	-3580.215	169.7227	0.3853685	1.644483	1.922884
32070	-3416.974	-3586.732	169.7576	0.3616962	1.657377	1.922884
32076	-3410.433	-3580.039	169.606	0.3684765	1.67077	2.006215
32082	-3409.498	-3578.656	169.1583	0.3424463	1.560865	2.402251
32088	-3411.543	-3580.575	169.0316	0.3094893	1.489443	2.571859
32094	-3407.958	-3576.762	168.8035	0.4816139	1.530748	2.478212
32100	-3407.695	-3576.599	168.9043	0.4854789	1.423362	2.478212
32106	-3411.486	-3579.687	168.201	0.3589181	1.317731	3.115083
32112	-3416.939	-3584.501	167.562	0.3459902	1.31508	3.509003
32118	-3414.718	-3583.346	168.6279	0.4497077	1.320542	2.751007
32124	-3422.191	-3590.434	168.2427	0.3814801	1.378809	3.026337
32130	-3426.682	-3594.252	167.5706	0.3074656	1.342929	3.537296
32136	-3411.768	-3578.441	166.6731	0.5124909	1.153021	3.938219
32142	-3425.822	-3593.42	167.5976	0.448768	1.17267	3.454842
32148	-3426.154	-3593.508	167.3543	0.4171632	1.240248	3.590898
32154	-3431.104	-3600.506	169.4021	0.4648311	1.605963	2.064362
32160	-3414.069	-3583.668	169.5996	0.3739346	1.507076	2.111283
32166	-3420.344	-3590.096	169.7527	0.4320902	1.64603	1.840899
32172	-3413.992	-3583.375	169.3826	0.4603854	1.51325	2.143029
32178	-3420.378	-3589.139	168.7616	0.3921013	1.34036	2.7228
32184	-3413.401	-3581.685	168.2842	0.4325321	1.423262	2.916132
32190	-3423.373	-3590.116	166.7437	0.4097335	1.104187	4.028765
32196	-3419.296	-3585.844	166.5484	0.4806822	1.020384	4.115275
32202	-3412.985	-3579.23	166.2453	0.4800538	1.14377	4.218014
32208	-3425.665	-3592.86	167.1948	0.6067336	1.139056	3.562093
32214	-3427.924	-3594.693	166.7697	0.6067336	1.137235	3.809045
32220	-3423.829	-3591.538	167.7091	0.6005493	1.319726	3.158994
32226	-3420.764	-3588.876	168.1123	0.4747945	1.269553	3.066722
32232	-3423.88	-3592.719	168.8385	0.4401768	1.318329	2.633571
32238	-3424.548	-3594.041	169.4924	0.5558713	1.439538	2.016303
32244	-3441.092	-3610.654	169.5619	0.5155902	1.462486	1.997002
32250	-3421.341	-3589.885	168.5443	0.3824174	1.389922	2.836679
32256	-3435.986	-3604.78	168.7935	0.3824174	1.515166	2.607286
32262	-3433.556	-3601.835	168.2793	0.4643915	1.374185	2.914428
32268	-3433.357	-3601.931	168.5742	0.334765	1.309667	2.926994
32274	-3424.296	-3592.291	167.9943	0.3860056	1.331199	3.197334
32280	-3415.341	-3583.886	168.5441	0.5372841	1.510531	2.59569
32286	-3418.432	-3586.436	168.0038	0.4158472	1.345661	3.149031
32292	-3422.57	-3590.221	167.6512	0.4344246	1.345661	3.337171
32298	-3418.039	-3585.53	167.491	0.4480773	1.328034	3.427045
32304	-3424.945	-3592.928	167.9826	0.3445796	1.285216	3.281647
32310	-3431.483	-3601.937	170.4547	0.3648957	1.99313	1.143145
32316	-3421.352	-3591.658	170.3065	0.4628212	2.032892	1.073474
32322	-3415.871	-3586.279	170.4077	0.4724443	2.060445	0.9278339
32328	-3425.284	-3595.76	170.4763	0.3811733	2.060445	1.030185
32334	-3413.265	-3581.646	168.3806	0.3527952	1.341736	3.001017
32340	-3410.908	-3579.379	168.4714	0.485074	1.336292	2.799465
32346	-3412.187	-3581.081	168.8944	0.4593348	1.356247	2.554353
32352	-3422.802	-3592.162	169.3599	0.3922186	1.441049	2.285703
32358	-3410.318	-3579.361	169.0424	0.3922186	1.35978	2.537253
32364	-3425.843	-3594.515	168.6714	0.4927655	1.25711	2.717801
32370	-3423.017	-3591.94	168.9232	0.4067918	1.351723	2.598817
32376	-3427.578	-3595.007	167.429	0.3949289	1.378741	3.491482
32382	-3408.403	-3575.601	167.1981	0.3947096	1.156522	3.754585
32388	-3415.215	-3582.712	167.4967	0.379534	1.23502	3.553418
32394	-3426.55	-3596.199	169.6487	0.386962	1.50636	2.062386
32400	-3417.045	-3585.79	168.7447	0.3486856	1.536689	2.666755
32406	-3410.058	-3579.487	169.4287	0.3551561	1.570132	2.206528
32412	-3404.073	-3573.192	169.1195	0.4104618	1.519308	2.366594
32418	-3425.867	-3595.047	169.1806	0.3530782	1.583416	2.35964
32424	-3418.533	-3587.183	168.6502	0.3677553	1.450307	2.753407
32430	-3431.426	-3600.443	169.0172	0.4395597	1.628939	2.327736
32436	-3429.584	-3599.142	169.5578	0.4682177	1.533689	2.005112
32442	-3417.263	-3586.745	169.4818	0.3908186	1.599601	2.105825
32448	-3417.22	-3586.98	169.7597	0.4403889	1.665266	1.812466
32454	-3408.956	-3578.941	169.9849	0.469849	1.680312	1.605804
32460	-3399.73	-3569.334	169.6033	0.4182309	1.5819	2.002592
32466	-3428.718	-3598.228	169.5097	0.4566398	1.574546	2.023362
32472	-3404.86	-3574.068	169.2081	0.3490858	1.516449	2.389974
32478	-3417.259	-3586.327	169.0681	0.398454	1.556716	2.389974
32484	-3405.458	-3573.82	168.3625	0.4404388	1.338029	2.911685
32490	-3419.266	-3587.628	168.3617	0.273509	1.260827	3.168085
32496	-3411.924	-3580.087	168.1636	0.3274152	1.314287	3.179326
32502	-3423.143	-3590.51	167.3674	0.3274152	1.333873	3.634576
32508	-3411.092	-3577.731	166.639	0.420101	1.203071	4.020969
32514	-3428.327	-3595.391	167.0644	0.4083357	1.268668	3.751891
32520	-3417.116	-3583.356	166.2396	0.4083357	1.256686	4.230312
32526	-3424.703	-3591.022	166.3187	0.3693571	1.254144	4.230312
32532	-3412.405	-3578.929	166.5234	0.3865041	1.09741	4.183602
32538	-3412.929	-3578.896	165.9667	0.4447147	1.115983	4.426153
32544	-3410.26	-3577.279	167.0186	0.4689452	1.247234	3.727347
32550	-3419.574	-3587.216	167.6425	0.4162262	1.272916	3.404732
32556	-3424.106	-3591.963	167.8575	0.3864999	1.238521	3.332257
32562	-3424.925	-3592.042	167.1162	0.3928091	1.222084	3.766111
32568	-3416.291	-3583.188	166.8967	0.477806	1.223803	3.802325
32574	-3422.097	-3589.462	167.3647	0.4559727	1.143858	3.599891
32580	-3428.274	-3595.002	166.7273	0.52275	1.189523	3.876716
32586	-3433.008	-3599.837	166.8283	0.2898974	1.178675	4.082816
32592	-3424.917	-3592.906	167.9888	0.3345066	1.339245	3.25887
32598	-3420.153	-3587.364	167.211	0.4600679	1.284814	3.603081
32604	-3419.659	-3587.324	167.665	0.4271582	1.252041	3.391828
32610	-3421.13	-3587.647	166.5167	0.3547326	1.348684	4.081167
32616	-3416.737	-3583.307	166.5701	0.4172126	1.261213	4.030142
32622	-3419.198	-3587.481	168.2834	0.4087011	1.401551	2.956494
32628	-3416.699	-3585.848	169.1494	0.3943214	1.438026	2.418641
32634	-3429.585	-3598.784	169.1991	0.4225881	1.444939	2.348855
32640	-3426.327	-3594.467	168.1397	0.4225881	1.324719	3.073025
32646	-3421.705	-3590.793	169.0887	0.4776024	1.464506	2.344387
32652	-3418.927	-3588.602	169.675	0.3936831	1.65541	1.936661
32658	-3428.677	-3598.416	169.7383	0.3590219	1.649724	1.944761
32664	-3422.399	-3592.15	169.7508	0.4040578	1.66229	1.866966
32670	-3417.822	-3587.955	170.1326	0.4009562	1.736809	1.5482
32676	-3435.897	-3605.607	169.7104	0.4148375	1.730582	1.833887
32682	-3428.902	-3598.604	169.7024	0.4103854	1.639282	1.907341
32688	-3429.247	-3599.272	170.0247	0.3941937	1.671185	1.683362
32694	-3416.969	-3586.213	169.2441	0.4357016	1.553424	2.235266
32700	-3434.773	-3604.785	170.0121	0.4208244	1.805124	1.558913
32706	-3422.936	-3592.905	169.9695	0.4472346	1.663022	1.658026
32712	-3428.14	-3596.858	168.7183	0.409948	1.483624	2.64024
32718	-3426.044	-3595.476	169.4327	0.4749357	1.48669	2.11115
32724	-3428.451	-3597.944	169.4931	0.4749357	1.633789	1.973753
32730	-3422.819	-3590.867	168.0482	0.4248088	1.38949	3.086504
32736	-3422.269	-3590.706	168.4363	0.4042772	1.333623	2.910309
32742	-3439.861	-3608.285	168.4245	0.3579567	1.45052	2.902595
32748	-3420.913	-3588.524	167.6111	0.3625433	1.282589	3.479087
32754	-3416.758	-3585.182	168.4238	0.3481749	1.390309	2.951706
32760	-3422.287	-3590.766	168.4793	0.3175711	1.366114	2.972988
32766	-3420.371	-3588.777	168.406	0.3571745	1.353865	2.972988
32772	-3423.554	-3591.365	167.811	0.4295749	1.406814	3.212005
32778	-3419.686	-3587.383	167.697	0.4327699	1.251881	3.367134
32784	-3415.683	-3583.522	167.8397	0.3625058	1.245279	3.367134
32790	-3421.184	-3590.375	169.1907	0.3862821	1.539856	2.338031
32796	-3416.929	-3586.02	169.0909	0.3712109	1.501098	2.444646
32802	-3435.902	-3602.825	166.9228	0.4157752	1.124104	3.908368
32808	-3435.164	-3603.793	168.6288	0.3455921	1.383219	2.835358
32814	-3420.159	-3589.659	169.5006	0.5045128	1.521988	2.010276
32820	-3417.382	-3585.798	168.4164	0.4627973	1.239515	2.914639
32826	-3422.807	-3591.645	168.8382	0.3775032	1.369826	2.67542
32832	-3439.987	-3608.105	168.1178	0.4939316	1.44897	2.936388
32838	-3431.364	-3599.976	168.6116	0.3369152	1.417843	2.836104
32844	-3421.766	-3591.33	169.5634	0.3775052	1.441475	2.17301
32850	-3412.62	-3581.834	169.2143	0.3318417	1.585027	2.366017
32856	-3415.576	-3584.107	168.5317	0.4084281	1.402229	2.806144
32862	-3415.392	-3584.146	168.7546	0.3782355	1.467295	2.665995
32868	-3411.941	-3580.369	168.4282	0.3417565	1.325415	2.996255
32874	-3418.669	-3587.034	168.3644	0.3263673	1.372242	3.026484
32880	-3426.797	-3595.134	168.3375	0.3827173	1.380464	2.96698
32886	-3414.381	-3582.605	168.2238	0.3827173	1.391581	3.02851
32892	-3410.53	-3578.692	168.1628	0.4738987	1.284478	3.02851
32898	-3425.848	-3594.295	168.447	0.471808	1.316084	2.840368
32904	-3423.932	-3592.9	168.9682	0.4709888	1.589312	2.348847
32910	-3417.882	-3587.165	169.2825	0.3637044	1.515982	2.32372
32916	-3418.384	-3587.232	168.8478	0.4308496	1.482552	2.536514
32922	-3417.456	-3586.955	169.4995	0.3824762	1.646148	2.074414
32928	-3418.013	-3587.529	169.5164	0.3175096	1.508399	2.242318
32934	-3415.409	-3584.953	169.5444	0.3175096	1.548364	2.198427
32940	-3411.99	-3580.858	168.8686	0.4609499	1.432937	2.520872
32946	-3416.219	-3585.402	169.1833	0.4283405	1.438748	2.356085
32952	-3419.599	-3588.07	168.4705	0.4633049	1.377578	2.797665
32958	-3424.965	-3593.916	168.9513	0.3316287	1.379417	2.658949
32964	-3421.084	-3587.959	166.8743	0.4016924	1.191803	3.9127
32970	-3413.547	-3579.434	165.8874	0.4290196	1.034705	4.532584
32976	-3427.878	-3594.695	166.8166	0.323417	1.161851	4.055146
32982	-3412.697	-3579.802	167.1049	0.4101046	1.20338	3.764224
32988	-3418.117	-3584.851	166.7342	0.4036003	1.08453	4.052081
32994	-3414.13	-3581.053	166.9232	0.4003474	1.212971	3.874009
33000	-3409.194	-3577.559	168.3645	0.4728479	1.257528	2.924563
33006	-3412.573	-3582.281	169.7084	0.3867123	1.675101	1.910058
33012	-3415.659	-3585.382	169.7224	0.4122288	1.61181	1.910058
33018	-3414.278	-3584.13	169.8523	0.4355925	1.630398	1.778489
33024	-3416.608	-3586.14	169.5312	0.4730525	1.447729	2.074155
33030	-3422.932	-3592.354	169.4218	0.4730525	1.465708	2.134101
33036	-3426.002	-3595.29	169.2877	0.4433084	1.534052	2.210786
33042	-3416.639	-3585.954	169.3153	0.3860742	1.616102	2.209549
33048	-3419.834	-3589.849	170.0142	0.4731316	1.659913	1.595275
33054	-3425.888	-3596.29	170.4011	0.3743989	1.808281	1.327384
33060	-3423.901	-3593.997	170.0954	0.4935063	1.833824	1.376805
33066	-3418.411	-3587.992	169.5803	0.3801284	1.710883	1.98094
33072	-3421.215	-3590.801	169.5858	0.3801284	1.705368	1.98094
33078	-3425.884	-3595.598	169.7141	0.3801284	1.705368	1.89451
33084	-3414.152	-3583.5	169.3478	0.441796	1.585762	2.139932
33090	-3429.156	-3598.078	168.922	0.4743711	1.481661	2.442363
33096	-3417.782	-3586.632	168.8502	0.3574641	1.477598	2.626809
33102	-3412.876	-3581.189	168.3127	0.3311121	1.433011	3.014826
33108	-3427.069	-3595.414	168.3451	0.2813887	1.240855	3.178298
33114	-3425.008	-3592.903	167.8944	0.3834192	1.370405	3.236286
33120	-3418.556	-3586.971	168.4152	0.4572646	1.399181	2.824576
33126	-3426.712	-3595.564	168.8526	0.4669396	1.439489	2.520251
33132	-3409.953	-3579.517	169.5643	0.4100742	1.52053	2.079243
33138	-3412.25	-3581.584	169.3347	0.3454112	1.604282	2.258329
33144	-3422.071	-3591.346	169.2751	0.3832776	1.689277	2.191816
33150	-3403.657	-3572.565	168.9082	0.3797248	1.452678	2.578289
33156	-3407.796	-3575.464	167.668	0.4531267	1.423753	3.261431
33162	-3420.399	-3587.677	167.2779	0.3966566	1.304035	3.620895
33168	-3415.097	-3582.442	167.3445	0.412467	1.207234	3.620895
33174	-3424.632	-3595.065	170.4332	0.4293883	2.093281	0.9473244
33180	-3430.733	-3601.276	170.5425	0.3260257	2.044484	1.09196
33186	-3415.752	-3586.187	170.4349	0.3839939	2.030937	1.09196
33192	-3417.29	-3587.578	170.2885	0.4004999	2.05752	1.170506
33198	-3420.406	-3590.595	170.1895	0.3497292	1.947143	1.424532
33204	-3418.088	-3588.26	170.1714	0.3904924	1.947143	1.374152
33210	-3419.02	-3587.188	168.1682	0.4338478	1.335075	3.037434
33216	-3422.63	-3590.651	168.0209	0.4503888	1.352078	3.097451
33222	-3432.957	-3600.263	167.3056	0.3674286	1.196039	3.701019
33228	-3427.839	-3595.726	167.8868	0.4161839	1.26253	3.267171
33234	-3412.627	-3580.37	167.7437	0.4633746	1.320308	3.267171
33240	-3415.429	-3582.694	167.2653	0.4633746	1.295349	3.562051
33246	-3416.54	-3583.726	167.1858	0.3000202	1.122986	3.896645
33252	-3408.76	-3576.371	167.611	0.4827765	1.321557	3.325003
33258	-3430.818	-3599.672	168.8542	0.3667896	1.393644	2.66427
33264	-3409.659	-3578.478	168.8191	0.3575459	1.492478	2.636739
33270	-3408.329	-3577.204	168.8751	0.3454124	1.49306	2.617509
33276	-3415.864	-3584.745	168.8807	0.3454124	1.45951	2.634798
33282	-3424.46	-3592.466	168.0061	0.3389621	1.249429	3.295967
33288	-3412.517	-3580.953	168.4361	0.3340879	1.552388	2.864636
33294	-3406.821	-3576.107	169.2856	0.4223801	1.469657	2.278134
33300	-3411.311	-3579.807	168.4959	0.54208	1.597233	2.56717
33306	-3393.145	-3562.084	168.939	0.4131371	1.47942	2.50209
33312	-3415.556	-3584.49	168.9333	0.4116899	1.38617	2.565471
33318	-3411.023	-3580.217	169.1941	0.400204	1.502367	2.342449
33324	-3414.135	-3584.019	169.8836	0.4140896	1.690185	1.742653
33330	-3412.928	-3582.979	170.0512	0.4657439	1.764342	1.500179
33336	-3421.957	-3592.031	170.0742	0.4468167	1.739311	1.526615
33342	-3417.374	-3586.689	169.3149	0.3427746	1.541921	2.314492
33348	-3409.522	-3577.997	168.4748	0.3951627	1.386966	2.865442
33354	-3420.379	-3588.65	168.2708	0.3951627	1.471098	2.937827
33360	-3408.461	-3578.065	169.6042	0.4300211	1.551906	2.007407
33366	-3413.412	-3582.587	169.1758	0.4283755	1.543733	2.293932
33372	-3418.243	-3588.139	169.8958	0.374663	1.538086	1.892107
33378	-3424	-3592.641	168.641	0.4647215	1.47043	2.634714
33384	-3407.076	-3575.878	168.8023	0.4230801	1.383904	2.634714
33390	-3409.91	-3578.039	168.129	0.3876205	1.257842	3.159068
33396	-3411.575	-3580.819	169.2435	0.412988	1.438021	2.336433
33402	-3414.949	-3583.693	168.7443	0.534808	1.42017	2.529914
33408	-3412.93	-3581.848	168.9182	0.4038089	1.395576	2.578286
33414	-3418.852	-3587.751	168.899	0.4038089	1.352486	2.616826
33420	-3420.016	-3588.82	168.8038	0.3985662	1.4937	2.594602
33426	-3405.62	-3574.865	169.2451	0.3972538	1.408636	2.373194
33432	-3405.983	-3575.712	169.7297	0.3467429	1.439525	2.107148
33438	-3408.218	-3577.758	169.5406	0.3779282	1.594766	2.087153
33444	-3440.353	-3609.184	168.8308	0.3400394	1.294329	2.77378
33450	-3432.329	-3602.191	169.8617	0.3937876	1.710612	1.770894
33456	-3417.855	-3587.548	169.6931	0.3182704	1.650473	2.033132
33462	-3421.445	-3588.978	167.5325	0.4437444	1.270188	3.441141
33468	-3414.969	-3582.524	167.5555	0.3688442	1.137816	3.588311
33474	-3418.943	-3586.589	167.6459	0.3603105	1.354475	3.419438
33480	-3414.436	-3583.396	168.9604	0.3398754	1.467879	2.587628
33486	-3421.284	-3589.781	168.4966	0.430302	1.43037	2.785536
33492	-3413.511	-3582.18	168.6696	0.4657948	1.351724	2.689031
33498	-3415.555	-3584.22	168.6642	0.4200881	1.439393	2.689031
33504	-3419.378	-3587.431	168.0533	0.4247572	1.371842	3.094085
33510	-3414.712	-3584.312	169.5996	0.3685704	1.568359	2.078186
33516	-3407.99	-3576.887	168.8969	0.3801963	1.440911	2.591968
33522	-3402.284	-3570.93	168.6457	0.4292078	1.38793	2.721589
33528	-3406.089	-3574.899	168.8099	0.4082688	1.401436	2.636404
33534	-3427.595	-3595.728	168.1329	0.3780118	1.399098	3.083947
33540	-3417.997	-3585.102	167.1052	0.4190259	1.308009	3.693974
33546	-3418.55	-3586.031	167.4819	0.2899268	1.243964	3.670033
33552	-3418.184	-3585.017	166.8332	0.6385379	1.17765	3.723167
33558	-3417.027	-3584.422	167.3947	0.4453699	1.246319	3.533795
33564	-3416.093	-3583.935	167.8424	0.3067088	1.265831	3.424598
33570	-3415.477	-3583.412	167.9346	0.3292826	1.262546	3.342693
33576	-3406.921	-3574.617	167.6953	0.4202316	1.358815	3.318836
33582	-3416.064	-3582.988	166.9236	0.3003086	1.199096	4.002763
33588	-3419.329	-3585.213	165.884	0.3838631	1.181137	4.500564
33594	-3413.184	-3580.295	167.111	0.3900048	1.267982	3.745785
33600	-3413.578	-3580.697	167.1193	0.4122255	1.216943	3.745785
33606	-3421.803	-3589.533	167.7299	0.3157058	1.248368	3.488621
33612	-3420.364	-3587.669	167.3056	0.4953629	1.326647	3.488621
33618	-3417.9	-3585.363	167.4639	0.4100213	1.23723	3.536749
33624	-3416.818	-3584.813	167.9952	0.3567538	1.37804	3.204162
33630	-3412.277	-3579.68	167.4022	0.3258512	1.278405	3.648508
33636	-3409.316	-3577.839	168.523	0.3864113	1.361953	2.861766
33642	-3415.151	-3583.729	168.5776	0.4192212	1.373265	2.783452
33648	-3416.517	-3586.415	169.898	0.4230625	1.543927	1.822672
33654	-3421.382	-3590.898	169.5162	0.388145	1.639518	2.06037
33660	-3409.283	-3578.944	169.6608	0.3458099	1.699446	1.981994
33666	-3396.933	-3566.171	169.2372	0.4577571	1.553242	2.214426
33672	-3413.164	-3582.957	169.7932	0.3774982	1.605833	1.911906
33678	-3419.264	-3588.426	169.1617	0.3774982	1.396766	2.457766
33684	-3409.384	-3577.633	168.2495	0.4246645	1.330104	3.001766
33690	-3402.668	-3571.765	169.0967	0.3761297	1.452033	2.465606
33696	-3413.678	-3582.947	169.2692	0.4221409	1.444187	2.305232
33702	-3425.966	-3594.801	168.8353	0.476116	1.369583	2.564723
33708	-3427.098	-3595.761	168.6628	0.4334312	1.401248	2.698179
33714	-3422.029	-3590.112	168.0825	0.4334312	1.415329	3.041125
33720	-3412.904	-3581.631	168.7276	0.3905715	1.475587	2.662486
33726	-3410.129	-3579.035	168.9065	0.3835176	1.501082	2.54459
33732	-3417.753	-3586.777	169.0237	0.3648726	1.453105	2.524878
33738	-3419.52	-3588.856	169.3362	0.3648726	1.470466	2.316985
33744	-3422.221	-3591.118	168.8968	0.3580556	1.469581	2.602189
33750	-3420.705	-3589.834	169.1284	0.3553675	1.550299	2.410568
33756	-3416.324	-3585.659	169.3347	0.5026975	1.521029	2.122319
33762	-3424.426	-3592.841	168.4155	0.6131396	1.498925	2.612116
33768	-3414.053	-3583.044	168.9917	0.5611319	1.422871	2.34689
33774	-3420.731	-3589.351	168.6202	0.4584461	1.369764	2.716173
33780	-3412.673	-3581.503	168.8297	0.3543353	1.395792	2.693832
33786	-3417.054	-3586.069	169.0147	0.2990043	1.453176	2.619731
33792	-3424.858	-3594.814	169.9559	0.3647007	1.785075	1.693146
33798	-3424.255	-3594.061	169.8061	0.4239012	1.668464	1.799058
33804	-3429.032	-3598.476	169.4438	0.3631169	1.668464	2.122002
33810	-3416.647	-3586.007	169.3604	0.3672975	1.550879	2.246823
33816	-3415.936	-3585.275	169.3384	0.3850824	1.478807	2.284224
33822	-3426.762	-3595.895	169.1329	0.3973489	1.563099	2.346251
33828	-3428.076	-3597.638	169.5617	0.3335455	1.449004	2.228551
33834	-3409.608	-3579.432	169.824	0.3586786	1.672276	1.871876
33840	-3410.43	-3580.045	169.6151	0.2867918	1.619038	2.152956
33846	-3417.449	-3586.988	169.5384	0.333164	1.589845	2.152956
33852	-3425.045	-3594.076	169.0307	0.3992615	1.494376	2.451876
33858	-3429.157	-3598.111	168.9532	0.388775	1.592268	2.451876
33864	-3419.284	-3588.296	169.0121	0.4181569	1.504177	2.434828
33870	-3416.519	-3585.281	168.7626	0.4181569	1.486599	2.601479
33876	-3408.051	-3576.798	168.7476	0.3984259	1.45402	2.654039
33882	-3413.197	-3581.539	168.3421	0.3993024	1.288542	2.999894
33888	-3414.562	-3583.21	168.6485	0.4158521	1.409366	2.721905
33894	-3424.772	-3593.82	169.0478	0.2966034	1.447585	2.606213
33900	-3421.415	-3591.163	169.7477	0.3365801	1.586659	2.012429
33906	-3416.102	-3585.562	169.46	0.4031804	1.566348	2.126239
33912	-3417.414	-3586.979	169.5653	0.3648462	1.589793	2.091608
33918	-3414.694	-3584.341	169.6468	0.4419506	1.589793	1.939021
33924	-3416.392	-3584.856	168.4637	0.4321478	1.350367	2.852091
33930	-3423.119	-3591.98	168.8613	0.4392744	1.441596	2.544051
33936	-3422.456	-3591.374	168.9174	0.3673667	1.466315	2.579548
33942	-3416.822	-3586.383	169.5606	0.3732582	1.579549	2.090227
33948	-3408.498	-3577.816	169.3177	0.4491583	1.593048	2.146261
33954	-3410.759	-3580.106	169.3474	0.4491583	1.548165	2.156117
33960	-3416.202	-3585.24	169.0378	0.3513648	1.340797	2.603281
33966	-3413.201	-3582.213	169.0124	0.3318536	1.394057	2.611911
33972	-3414.125	-3582.94	168.815	0.3126769	1.408636	2.750491
33978	-3412.954	-3580.557	167.6022	0.4068452	1.32834	3.406235
33984	-3427.289	-3595.327	168.0378	0.4068452	1.361895	3.12928
33990	-3425.149	-3594.8	169.6505	0.3842592	1.521296	2.054837
33996	-3421.909	-3591.628	169.7181	0.3859491	1.608398	1.949493
34002	-3428.648	-3598.384	169.7361	0.3382263	1.668751	1.96299
34008	-3420.121	-3589.852	169.7309	0.3382263	1.598	2.013713
34014	-3419.074	-3588.551	169.4777	0.4015666	1.537865	2.135257
34020	-3418.26	-3587.988	169.7283	0.3448232	1.775354	1.886667
34026	-3434.784	-3603.927	169.1428	0.2814899	1.681859	2.423202
34032	-3428.7	-3598.445	169.7448	0.4225265	1.671049	1.841233
34038	-3420.459	-3590.123	169.6641	0.4282675	1.715929	1.85857
34044	-3411.618	-3581.737	170.1189	0.3641555	1.583745	1.721078
34050	-3409.104	-3578.906	169.8017	0.3842162	1.620252	1.887288
34056	-3402.637	-3572.328	169.6908	0.3827147	1.62207	1.962993
34062	-3424.225	-3591.337	167.1115	0.4296819	1.278719	3.695827
34068	-3429.233	-3595.878	166.6442	0.4352255	1.122658	4.047952
34074	-3411.209	-3579.912	168.7032	0.393406	1.480565	2.671012
34080	-3422.757	-3589.912	167.1558	0.4630716	1.245687	3.654784
34086	-3413.241	-3580.404	167.1629	0.4042051	1.127167	3.781197
34092	-3422.496	-3591.936	169.4403	0.4305075	1.564721	2.106613
34098	-3417.303	-3586.897	169.5939	0.3396644	1.546722	2.135735
34104	-3415.714	-3585.321	169.6065	0.4379047	1.559268	1.991416
34110	-3406.983	-3576.11	169.1261	0.4379047	1.517418	2.331318
34116	-3417.239	-3586.171	168.9321	0.3956086	1.390332	2.582725
34122	-3408.875	-3578.274	169.3991	0.3411561	1.510677	2.282839
34128	-3410.547	-3579.835	169.2876	0.3880162	1.551705	2.266357
34134	-3406.786	-3576.286	169.5	0.3261866	1.597542	2.182841
34140	-3409.16	-3578.81	169.6499	0.3535384	1.529912	2.090798
34146	-3413.222	-3582.609	169.3873	0.3528533	1.583534	2.227679
34152	-3413.991	-3582.894	168.9026	0.3847648	1.571892	2.501288
34158	-3421.101	-3590.654	169.5532	0.3273437	1.613041	2.13651
34164	-3406.607	-3575.913	169.3066	0.3802403	1.503513	2.294963
34170	-3427.779	-3598.091	170.3113	0.4083457	1.899705	1.272136
34176	-3429.647	-3599.695	170.0481	0.4572795	1.827747	1.46587
34182	-3420.401	-3590.464	170.063	0.4175076	1.643809	1.643744
34188	-3438.816	-3608.897	170.0809	0.4330791	1.74699	1.534371
34194	-3423.834	-3593.694	169.8605	0.4270501	1.798014	1.665598
34200	-3432.428	-3601.511	169.0827	0.37605	1.545494	2.415733
34206	-3409.909	-3579.556	169.6466	0.4077627	1.680529	1.920588
34212	-3417.835	-3587.746	169.9112	0.3974184	1.71367	1.72912
34218	-3417.889	-3587.608	169.719	0.3204923	1.767716	1.934111
34224	-3419.804	-3589.896	170.0919	0.3489927	1.748531	1.64547
34230	-3415.33	-3584.49	169.1603	0.3825199	1.570699	2.34248
34236	-3410.739	-3580.39	169.6503	0.3939284	1.654879	1.953295
34242	-3414.647	-3584.334	169.6877	0.4081716	1.59368	1.95093
34248	-3409.084	-3578.719	169.6345	0.3949647	1.712947	1.923523
34254	-3419.219	-3589.197	169.9784	0.4006745	1.887103	1.551458
34260	-3422.233	-3590.536	168.3025	0.3746728	1.343525	3.019777
34266	-3410.767	-3579.955	169.1874	0.3217991	1.374955	2.528879
34272	-3412.32	-3581.019	168.6984	0.3383295	1.334542	2.832111
34278	-3421.56	-3589.45	167.89	0.3983871	1.357408	3.229227
34284	-3424.726	-3594.218	169.4921	0.3841711	1.53437	2.15027
34290	-3424.126	-3593.26	169.1346	0.3712802	1.646219	2.325141
34296	-3418.76	-3588.428	169.6681	0.4078642	1.581331	1.972769
34302	-3412.72	-3582.163	169.4421	0.3541954	1.54173	2.217482
34308	-3417.272	-3586.761	169.4893	0.3999052	1.572972	2.106831
34314	-3418.609	-3587.614	169.0051	0.3808084	1.594181	2.427953
34320	-3429.881	-3597.986	168.1054	0.3197263	1.406303	3.169371
34326	-3423.81	-3592.594	168.7832	0.3993031	1.454084	2.630967
34332	-3415.182	-3583.424	168.2416	0.3900209	1.41653	2.994231
34338	-3415.716	-3583.486	167.7697	0.3900209	1.2688	3.361976
34344	-3413.604	-3580.004	166.3993	0.350311	1.246386	4.211361
34350	-3422.433	-3590.056	167.623	0.3435123	1.28714	3.492759
34356	-3419.278	-3587.103	167.8252	0.3410437	1.27839	3.382698
34362	-3421.393	-3589.869	168.4763	0.4239987	1.364302	2.845101
34368	-3421.875	-3590.829	168.9538	0.4086127	1.420146	2.535204
34374	-3419.758	-3588.265	168.5071	0.3121374	1.516011	2.873191
34380	-3417.673	-3586.804	169.1313	0.350952	1.475186	2.461848
34386	-3422.174	-3591.626	169.4517	0.3497726	1.565586	2.201857
34392	-3417.28	-3586.804	169.5238	0.30937	1.582107	2.201857
34398	-3408.205	-3576.197	167.9921	0.4047172	1.371451	3.153174
34404	-3413.115	-3580.975	167.8595	0.4387295	1.337876	3.214203
34410	-3413.905	-3582.074	168.169	0.4584556	1.307038	3.027338
34416	-3417.03	-3585.37	168.3395	0.3682206	1.307038	3.027338
34422	-3424.544	-3593.726	169.1816	0.4071782	1.498374	2.34445
34428	-3416.106	-3585.477	169.3708	0.3960238	1.449224	2.26868
34434	-3409.201	-3578.566	169.3649	0.3529769	1.549073	2.264108
34440	-3413.743	-3582.782	169.0394	0.4364537	1.501317	2.398183
34446	-3415.391	-3584.581	169.1906	0.4349741	1.48553	2.313914
34452	-3414.862	-3584.464	169.6013	0.3384009	1.55152	2.129516
34458	-3420.836	-3590.491	169.655	0.49267	1.563423	1.891776
34464	-3409.474	-3579.074	169.5998	0.4225817	1.561759	2.012921
34470	-3404.714	-3573.672	168.9584	0.4153503	1.430697	2.517798
34476	-3401.656	-3571.207	169.5518	0.3816665	1.52421	2.121196
34482	-3401.732	-3571.71	169.9783	0.4030891	1.722256	1.667773
34488	-3409.272	-3579.59	170.3179	0.3426404	1.738537	1.496943
34494	-3429.036	-3599.047	170.0109	0.3426404	1.646135	1.784481
34500	-3410.601	-3580.876	170.2749	0.4463386	1.940589	1.209753
34506	-3422.797	-3593.14	170.3428	0.4233344	1.809781	1.296902
34512	-3415.5	-3585.854	170.3533	0.4134952	1.847753	1.272266
34518	-3409.996	-3580.101	170.1055	0.4134952	1.746357	1.543538
34524	-3409.551	-3579.457	169.9059	0.3777898	1.69328	1.774125
34530	-3413.245	-3582.984	169.7395	0.3777898	1.664132	1.908433
34536	-3410.187	-3580.184	169.9965	0.4335013	1.691566	1.635943
34542	-3412.779	-3582.994	170.2142	0.3909285	1.72108	1.513717
34548	-3414.646	-3584.55	169.9041	0.4693241	1.827309	1.558066
34554	-3425.74	-3595.653	169.9128	0.4693241	1.777945	1.587931
34560	-3407.246	-3577.067	169.8213	0.5176663	1.668612	1.674516
34566	-3412.413	-3582.433	170.0196	0.4751143	1.712785	1.550008
34572	-3415.892	-3585.783	169.8901	0.3969634	1.764092	1.709086
34578	-3403.209	-3573.065	169.8561	0.4681294	1.734294	1.661891
34584	-3420.878	-3590.878	169.9996	0.3163056	1.591757	1.869471
34590	-3416.583	-3586.557	169.9735	0.5189154	1.845818	1.429851
34596	-3415.892	-3585.629	169.7368	0.5118248	1.672464	1.738246
34602	-3414.279	-3583.879	169.5993	0.4367195	1.620139	1.956875
34608	-3414.724	-3584.451	169.7265	0.4630008	1.597517	1.854309
34614	-3414.177	-3583.545	169.3683	0.4534383	1.609138	2.097609
34620	-3408.823	-3578.23	169.4068	0.3934541	1.609138	2.145255
34626	-3411.247	-3580.365	169.1187	0.3615305	1.555439	2.405397
34632	-3427.245	-3595.989	168.7437	0.4669372	1.454739	2.578541
34638	-3428.327	-3597.096	168.7685	0.4821596	1.504799	2.515733
34644	-3416.765	-3586.533	169.768	0.4156818	1.568995	1.90378
34650	-3421.891	-3591.339	169.4483	0.4426371	1.458938	2.156153
34656	-3421.227	-3590.475	169.2484	0.3927467	1.576272	2.269833
34662	-3418.54	-3587.392	168.8515	0.3902554	1.387674	2.640642
34668	-3422.145	-3590.623	168.4776	0.3510535	1.394018	2.913352
34674	-3412.714	-3579.288	166.5743	0.408583	1.128042	4.112964
34680	-3407.08	-3574.575	167.4952	0.3812844	1.252816	3.541952
34686	-3415.16	-3582.634	167.4734	0.3517548	1.250924	3.590783
34692	-3411.853	-3581.012	169.1595	0.4321891	1.503306	2.325649
34698	-3411.093	-3580.294	169.2009	0.5471501	1.479826	2.189949
34704	-3413.951	-3584.068	170.1166	0.3093158	1.668555	1.746467
34710	-3414.595	-3584.223	169.628	0.3437249	1.669837	2.026523
34716	-3412.938	-3582.404	169.4659	0.4435835	1.670812	2.003908
34722	-3417.119	-3586.477	169.3577	0.3118498	1.572335	2.311256
34728	-3410.391	-3579.734	169.3432	0.3521255	1.438097	2.349912
34734	-3409.96	-3579.026	169.0651	0.4275925	1.421496	2.442468
34740	-3411.307	-3580.327	169.0201	0.4275925	1.429221	2.465875
34746	-3405.974	-3575.464	169.4902	0.4181835	1.483811	2.141866
34752	-3417.238	-3586.219	168.9814	0.4616102	1.475765	2.422631
34758	-3419.876	-3589.061	169.1857	0.5212195	1.57078	2.167403
34764	-3418.618	-3587.785	169.1668	0.3879184	1.373347	2.456299
34770	-3418.165	-3586.957	168.7915	0.4090873	1.325964	2.693185
34776	-3418.911	-3587.699	168.7879	0.5443275	1.386051	2.514658
34782	-3413.292	-3581.791	168.4988	0.3748457	1.386051	2.875765
34788	-3418.813	-3587.238	168.4247	0.413263	1.56026	2.769465
34794	-3420.04	-3588.499	168.4591	0.3955627	1.315475	2.917669
34800	-3415.62	-3585.311	169.6908	0.4003735	1.577508	1.969669
34806	-3419.239	-3588.819	169.5802	0.5012344	1.574993	1.924998
34812	-3417.555	-3587.203	169.6482	0.4015328	1.562793	2.006484
34818	-3416.694	-3585.573	168.879	0.4432304	1.370598	2.572735
34824	-3426.754	-3595.533	168.779	0.3817979	1.473876	2.642536
34830	-3416.282	-3585.173	168.8913	0.3501622	1.398683	2.65952
34836	-3416.767	-3584.672	167.9052	0.3545369	1.33741	3.2841
34842	-3425.593	-3594.19	168.597	0.463269	1.390008	2.712788
34848	-3414.923	-3583.024	168.1011	0.4031901	1.350735	3.102347
34854	-3432.188	-3601.05	168.8611	0.5272743	1.687708	2.294949
34860	-3416.057	-3584.609	168.5511	0.3892512	1.458913	2.782361
34866	-3403.625	-3572.381	168.7561	0.4240911	1.441567	2.626513
34872	-3418.859	-3585.847	166.9879	0.42669	1.227183	3.800059
34878	-3405.877	-3572.818	166.9414	0.3702417	1.10589	3.959036
34884	-3415.887	-3583.119	167.2322	0.4002197	1.207581	3.699216
34890	-3417.795	-3585.861	168.0658	0.4326911	1.208796	3.17494
34896	-3427.046	-3595.314	168.2674	0.4108678	1.278169	3.037648
34902	-3425.965	-3593.343	167.3783	0.3890328	1.303606	3.571498
34908	-3412.562	-3580.012	167.4503	0.4231833	1.264033	3.514674
34914	-3423.89	-3592.187	168.2968	0.4303756	1.476577	2.878723
34920	-3432.296	-3601.664	169.3685	0.3809789	1.502282	2.255113
34926	-3421.451	-3590.22	168.7694	0.4696035	1.484398	2.541258
34932	-3404.666	-3573.633	168.9676	0.3160621	1.390596	2.663253
34938	-3407.93	-3576.888	168.9587	0.3581997	1.389985	2.612962
34944	-3409.728	-3578.949	169.2204	0.4111122	1.586684	2.258464
34950	-3408.358	-3578.188	169.8301	0.40315	1.643088	1.826984
34956	-3429.995	-3600.316	170.3217	0.3469841	1.744179	1.482878
34962	-3421.942	-3592.167	170.2259	0.3826695	1.75804	1.48946
34968	-3420.495	-3590.474	169.9781	0.3700576	1.778785	1.674083
34974	-3423.75	-3593.528	169.7783	0.4062537	1.594286	1.891715
34980	-3410.74	-3580.151	169.4112	0.4003875	1.594397	2.143239
34986	-3427.683	-3596.92	169.2369	0.4157791	1.530708	2.278129
34992	-3419.004	-3587.861	168.8574	0.3934044	1.485628	2.572631
34998	-3417.027	-3586.737	169.71	0.2909827	1.617661	2.085215
35004	-3414.494	-3584.534	170.0394	0.295648	1.608284	1.863458
35010	-3409.147	-3578.545	169.3978	0.4265365	1.489729	2.187988
35016	-3421.131	-3590.878	169.7469	0.235238	1.564666	2.187988
35022	-3419.364	-3587.768	168.404	0.4180286	1.301405	2.933538
35028	-3418.031	-3586.831	168.8001	0.439295	1.384194	2.617548
35034	-3422.515	-3591.574	169.0594	0.4964015	1.45717	2.347491
35040	-3413.486	-3583.023	169.5365	0.3448898	1.481093	2.20838
35046	-3429.127	-3599.437	170.3096	0.3718948	1.699488	1.486775
35052	-3406.459	-3576.29	169.8307	0.3725982	1.663987	1.85348
35058	-3410.856	-3581.035	170.1794	0.3725982	1.710855	1.573959
35064	-3416.948	-3586.621	169.6725	0.4339003	1.609592	1.918098
35070	-3411.225	-3580.452	169.2269	0.3851297	1.635975	2.254871
35076	-3408.817	-3578.11	169.2923	0.4134541	1.515959	2.254871
35082	-3404.958	-3573.908	168.9502	0.4478974	1.46566	2.463804
35088	-3404.475	-3573.607	169.1327	0.4630057	1.505375	2.306326
35094	-3415.786	-3585.793	170.0067	0.3763076	1.69986	1.70086
35100	-3418.315	-3588.232	169.9171	0.3786608	1.663499	1.78585
35106	-3411.882	-3581.759	169.8773	0.387093	1.605949	1.841499
35112	-3404.204	-3574.215	170.0117	0.386799	1.741188	1.653008
35118	-3417.05	-3586.717	169.6675	0.386799	1.640297	1.960967
35124	-3405.306	-3575.16	169.8532	0.4371682	1.815509	1.645026
35130	-3406.42	-3576.041	169.6205	0.4243244	1.65102	1.937118
35136	-3431.404	-3601.127	169.723	0.3957295	1.625183	1.921963
35142	-3410.81	-3580.328	169.5187	0.4122816	1.480014	2.132942
35148	-3411.745	-3580.162	168.4169	0.3976814	1.401744	2.888587
35154	-3430.084	-3598.418	168.3331	0.3937906	1.475271	2.899335
35160	-3419.538	-3588.599	169.0612	0.3937906	1.488005	2.44337
35166	-3415.31	-3584.658	169.3482	0.350556	1.523106	2.294679
35172	-3406.487	-3576.319	169.8318	0.2817652	1.636653	2.006662
35178	-3404.403	-3573.9	169.4976	0.386388	1.681524	2.047242
35184	-3406.049	-3575.778	169.7297	0.3741999	1.584147	1.97376
35190	-3416.899	-3586.26	169.3614	0.3493317	1.607307	2.233849
35196	-3406.221	-3576.025	169.8043	0.3810958	1.607307	1.898544
35202	-3415.747	-3585.138	169.3917	0.3810958	1.651115	2.143656
35208	-3409.957	-3578.341	168.3833	0.4848012	1.321604	2.862158
35214	-3409.863	-3578.059	168.1962	0.4147442	1.379819	3.015005
35220	-3407.525	-3575.905	168.3796	0.3738043	1.379648	2.952823
35226	-3406.241	-3574.988	168.7471	0.3578862	1.389964	2.743434
35232	-3409.956	-3577.359	167.4036	0.4165456	1.275957	3.542151
35238	-3420.554	-3588.201	167.6465	0.4054653	1.275287	3.41292
35244	-3417.394	-3585.901	168.5069	0.3478738	1.285099	2.96537
35250	-3429.494	-3598.857	169.3632	0.3696418	1.485819	2.283713
35256	-3427.307	-3596.117	168.8099	0.4110828	1.509269	2.566331
35262	-3425.62	-3594.17	168.5493	0.417579	1.331115	2.828201
35268	-3429.963	-3598.665	168.7018	0.3246649	1.367396	2.828201
35274	-3434.153	-3601.636	167.483	0.4343698	1.324153	3.448456
35280	-3417.691	-3585.195	167.5036	0.4343698	1.303549	3.448456
35286	-3431.49	-3598.384	166.8938	0.4343698	1.192129	3.866248
35292	-3428.833	-3595.982	167.1486	0.3475661	1.195112	3.815909
35298	-3431.093	-3598.886	167.793	0.3783311	1.208393	3.397344
35304	-3438.55	-3607.451	168.9012	0.3267799	1.370082	2.702011
35310	-3429.292	-3598.149	168.8564	0.3796511	1.493933	2.584885
35316	-3417.533	-3586.24	168.7067	0.420727	1.508663	2.619416
35322	-3411.786	-3580.835	169.0489	0.3691454	1.480365	2.486672
35328	-3421.661	-3590.133	168.4722	0.39599	1.387255	2.865846
35334	-3427.942	-3596.303	168.3605	0.488388	1.303292	2.883411
35340	-3420.111	-3588.478	168.3673	0.4629165	1.340586	2.883128
35346	-3421.672	-3590.563	168.8909	0.3440453	1.346847	2.69962
35352	-3416.22	-3584.637	168.4167	0.4015588	1.303447	2.943483
35358	-3413.208	-3583.205	169.9973	0.3703756	1.6739	1.734218
35364	-3415.481	-3585.935	170.4536	0.3398423	1.840097	1.317406
35370	-3417.228	-3587.8	170.572	0.3398423	1.845245	1.215309
35376	-3416.02	-3586.047	170.0275	0.3891132	1.645649	1.706488
35382	-3414.131	-3583.893	169.7618	0.4183056	1.708323	1.809285
35388	-3419.917	-3589.84	169.9232	0.4482097	1.772345	1.611343
35394	-3426.848	-3595.677	168.8286	0.3660717	1.536185	2.592921
35400	-3414.41	-3583.314	168.9036	0.3599243	1.473835	2.592921
35406	-3415.761	-3584.114	168.3528	0.3368038	1.469993	2.961093
35412	-3406.742	-3575.762	169.0192	0.3638863	1.480859	2.51161
35418	-3419.629	-3588.484	168.8549	0.4040623	1.38865	2.621473
35424	-3404.672	-3573.887	169.2145	0.3745053	1.48009	2.375766
35430	-3406.579	-3576.479	169.9001	0.4062328	1.640473	1.776298
35436	-3411.685	-3580.906	169.2208	0.3951921	1.515521	2.323216
35442	-3416.915	-3585.252	168.3373	0.3246383	1.340358	3.064073
35448	-3411.881	-3580.504	168.6222	0.3707609	1.404526	2.794676
35454	-3410.766	-3580.977	170.2112	0.3476639	1.784573	1.534185
35460	-3413.491	-3583.421	169.9294	0.3643507	1.732469	1.749409
35466	-3411.28	-3581.196	169.9155	0.3703638	1.611189	1.834648
35472	-3398.205	-3567.871	169.6661	0.3104754	1.589747	2.1026
35478	-3391.766	-3560.431	168.6642	0.36506	1.403305	2.776898
35484	-3401.165	-3569.719	168.5544	0.4299776	1.420397	2.75668
35490	-3404.769	-3573.547	168.7781	0.3741193	1.493145	2.640651
35496	-3410.699	-3579.561	168.8626	0.3638737	1.425541	2.643129
35502	-3400.561	-3569.629	169.0682	0.3054819	1.527751	2.530982
35508	-3407.943	-3576.959	169.0159	0.3348084	1.46127	2.564055
35514	-3406.4	-3575.211	168.811	0.3408836	1.46127	2.682577
35520	-3403.705	-3571.881	168.1753	0.3408836	1.364943	3.124879
35526	-3404.638	-3572.897	168.2592	0.4366101	1.264165	3.022375
35532	-3402.161	-3570.735	168.5742	0.3509381	1.324849	2.896965
35538	-3406.413	-3575.143	168.7294	0.4238481	1.366665	2.689373
35544	-3405.197	-3573.968	168.7708	0.3456147	1.264549	2.821155
35550	-3407.919	-3576.293	168.374	0.3626882	1.298621	3.018481
35556	-3404.469	-3572.755	168.2861	0.3519543	1.390967	3.029181
35562	-3403.755	-3571.387	167.6317	0.4125142	1.328619	3.382486
35568	-3407.534	-3575.663	168.1295	0.4342271	1.308081	3.076262
35574	-3404.212	-3573.321	169.1091	0.436181	1.471857	2.373055
35580	-3417.236	-3586.601	169.3657	0.436181	1.501371	2.189763
35586	-3404.216	-3573.4	169.1844	0.3510477	1.434143	2.454147
35592	-3407.56	-3574.685	167.1248	0.3510477	1.112921	3.872614
35598	-3412.365	-3580.988	168.6227	0.4050901	1.270694	2.834664
35604	-3410.169	-3579.369	169.1996	0.3864747	1.402319	2.419227
35610	-3414.15	-3583.118	168.9686	0.4529161	1.385869	2.496632
35616	-3402.264	-3571.064	168.8	0.4529161	1.450807	2.561268
35622	-3406.059	-3575.254	169.1952	0.4529161	1.457711	2.308182
35628	-3408.404	-3577.952	169.5482	0.4749968	1.624967	1.942594
35634	-3414.849	-3584.427	169.578	0.4681596	1.607007	1.942594
35640	-3415.936	-3584.931	168.995	0.3326123	1.444303	2.590564
35646	-3407.826	-3575.584	167.7579	0.3393436	1.3555	3.379074
35652	-3409.628	-3578.291	168.6633	0.3319106	1.254013	2.910545
35658	-3415.534	-3583.368	167.8343	0.3319106	1.279467	3.388272
35664	-3435.98	-3605.112	169.132	0.4048306	1.507884	2.372696
35670	-3428.235	-3597.064	168.8298	0.5029194	1.414448	2.512192
35676	-3438.978	-3607.434	168.4563	0.3668738	1.450543	2.872275
35682	-3430.58	-3599.143	168.5633	0.4903369	1.373826	2.715033
35688	-3414.696	-3583.309	168.6135	0.3573229	1.373826	2.835396
35694	-3424.059	-3592.474	168.4146	0.3573229	1.361991	2.96273
35700	-3421.238	-3590.803	169.5651	0.3791976	1.600062	2.065857
35706	-3411.83	-3581.579	169.7486	0.3045661	1.704252	1.981091
35712	-3413.869	-3583.741	169.8718	0.3697404	1.689615	1.811615
35718	-3410.356	-3580.216	169.8601	0.389039	1.645242	1.823712
35724	-3422.12	-3592.415	170.295	0.3514493	1.654122	1.562785
35730	-3421.895	-3590.723	168.8279	0.4604581	1.478364	2.518478
35736	-3415.09	-3582.763	167.6732	0.4108313	1.297094	3.37852
35742	-3406.359	-3574.118	167.7592	0.3374906	1.209246	3.466284
35748	-3406.735	-3574.951	168.2166	0.4203522	1.276868	3.058149
35754	-3413.642	-3581.093	167.4514	0.3522248	1.192948	3.636638
35760	-3408.708	-3576.489	167.7806	0.3522248	1.260895	3.405211
35766	-3411.985	-3580.165	168.1799	0.3843879	1.365611	3.068304
35772	-3411.446	-3580.049	168.6025	0.3896727	1.43432	2.765532
35778	-3410.061	-3578.782	168.7205	0.3628725	1.39296	2.751557
35784	-3425.795	-3594.655	168.8597	0.2640054	1.475437	2.753489
35790	-3426.348	-3595.456	169.1083	0.369186	1.48569	2.445979
35796	-3415.037	-3584.126	169.089	0.2691217	1.415626	2.641593
35802	-3406.303	-3575.277	168.9737	0.3987226	1.639005	2.397303
35808	-3410.973	-3581.003	170.0292	0.3987226	1.755105	1.613544
35814	-3424.859	-3595.078	170.2185	0.3505189	1.732017	1.563174
35820	-3414.997	-3584.79	169.7931	0.3078082	1.622361	2.001065
35826	-3419.587	-3588.712	169.1245	0.4523954	1.644698	2.234216
35832	-3413.614	-3583.101	169.4864	0.4850655	1.618857	1.976723
35838	-3418.217	-3587.392	169.1753	0.3653604	1.479094	2.412856
35844	-3415.783	-3581.986	166.2024	0.316616	1.180341	4.401568
35850	-3402.406	-3569.683	167.2768	0.3186141	1.220068	3.764061
35856	-3401.793	-3570.106	168.3136	0.3787196	1.375039	2.98937
35862	-3406.436	-3574.789	168.3537	0.3787196	1.35566	2.976927
35868	-3422.866	-3591.732	168.8659	0.4489965	1.310242	2.611859
35874	-3414.491	-3582.472	167.9805	0.4536607	1.310152	3.14303
35880	-3424.156	-3591.55	167.3942	0.3579818	1.415518	3.533554
35886	-3427.08	-3595.262	168.1821	0.2795701	1.436796	3.161384
35892	-3415.735	-3584.595	168.8599	0.3563022	1.410504	2.66367
35898	-3425.19	-3593.751	168.5613	0.3493733	1.520611	2.788011
35904	-3422.621	-3591.833	169.2126	0.3806698	1.657859	2.255741
35910	-3411.636	-3580.91	169.2748	0.3806698	1.59576	2.255616
35916	-3420.759	-3590.225	169.4656	0.3470572	1.693838	2.113066
35922	-3408.284	-3578.109	169.8246	0.4054595	1.591429	1.863178
35928	-3406.048	-3575.243	169.1946	0.343267	1.502461	2.415134
35934	-3413.416	-3583.039	169.6228	0.343267	1.606505	2.072518
35940	-3426.021	-3595.616	169.5944	0.3699904	1.640763	2.031851
35946	-3422.063	-3591.732	169.6693	0.3244427	1.66244	2.031851
35952	-3412.187	-3582.152	169.9653	0.3775855	1.650896	1.762596
35958	-3424.282	-3593.779	169.4967	0.31034	1.596678	2.208548
35964	-3417.104	-3586.739	169.6344	0.4125772	1.627902	1.958093
35970	-3426.764	-3596.448	169.6842	0.3513063	1.674777	1.975078
35976	-3428.548	-3598.072	169.5243	0.3839478	1.626295	2.069266
35982	-3417.466	-3587.107	169.641	0.353306	1.572007	2.069266
35988	-3409.658	-3579.597	169.9383	0.3870997	1.927487	1.570739
35994	-3406.945	-3576.532	169.5873	0.3432432	1.769434	1.987985
36000	-3406.763	-3576.076	169.3129	0.3463641	1.490424	2.343637
36006	-3408.441	-3577.132	168.6906	0.3024295	1.375026	2.860919
36012	-3407.584	-3575.958	168.3744	0.3178887	1.456678	2.981171
36018	-3408.896	-3577.618	168.7216	0.3345122	1.466009	2.742919
36024	-3411.497	-3580.358	168.8612	0.2377735	1.339775	2.876714
36030	-3412.074	-3579.555	167.4811	0.4343449	1.468745	3.364885
36036	-3408.044	-3576.767	168.7239	0.3068299	1.295398	2.882836
36042	-3413.402	-3581.36	167.9574	0.3610908	1.401871	3.207102
36048	-3412.831	-3579.93	167.099	0.3610908	1.113601	3.875013
36054	-3414.645	-3582.106	167.461	0.3610908	1.219525	3.604931
36060	-3433.885	-3602.901	169.0159	0.3930881	1.504094	2.462605
36066	-3419.541	-3588.006	168.4649	0.3511822	1.416192	2.9075
36072	-3419.066	-3587.013	167.9475	0.4947239	1.274088	3.142175
36078	-3414.216	-3582.287	168.0706	0.4155537	1.269202	3.15508
36084	-3421.78	-3588.908	167.1281	0.424725	1.236432	3.715973
36090	-3413.773	-3581.82	168.0471	0.3155585	1.197364	3.332845
36096	-3408.017	-3575.762	167.7449	0.4423647	1.223119	3.345668
36102	-3409.482	-3577.801	168.3192	0.3500053	1.452803	2.974675
36108	-3413.414	-3582.829	169.4154	0.3241	1.691584	2.179697
36114	-3420.429	-3589.407	168.9777	0.3693979	1.522337	2.504615
36120	-3420.099	-3587.977	167.8775	0.3693979	1.299004	3.305007
36126	-3430.109	-3599.015	168.9059	0.3693979	1.441183	2.599726
36132	-3414.596	-3583.088	168.4923	0.4439424	1.349719	2.822184
36138	-3415.944	-3584.978	169.0339	0.5130385	1.49877	2.319894
36144	-3412.07	-3581.419	169.349	0.3205966	1.547772	2.319894
36150	-3421.058	-3590.389	169.3305	0.4001327	1.401529	2.319894
36156	-3417.924	-3586.392	168.4675	0.4001327	1.365967	2.876755
36162	-3418.939	-3586.928	167.9891	0.5184142	1.270605	3.096361
36168	-3416.645	-3584.269	167.6245	0.5049051	1.24053	3.343027
36174	-3423.154	-3590.991	167.8365	0.3374839	1.342313	3.343027
36180	-3423.076	-3592.925	169.8497	0.34878	1.652952	1.881656
36186	-3425.034	-3595.039	170.0059	0.3384067	1.716477	1.745265
36192	-3426.893	-3596.379	169.4861	0.4996716	1.508961	2.033867
36198	-3424.191	-3593.03	168.8382	0.4848979	1.374113	2.550841
36204	-3406.423	-3575.299	168.8765	0.3495678	1.402344	2.667185
36210	-3432.58	-3600.995	168.4147	0.464298	1.436536	2.79467
36216	-3431.18	-3599.55	168.37	0.408692	1.348566	2.936227
36222	-3421.006	-3588.855	167.8488	0.408692	1.337731	3.253552
36228	-3411.445	-3580.267	168.8222	0.342268	1.370276	2.729679
36234	-3416.052	-3584.729	168.6771	0.3981977	1.401763	2.729679
36240	-3415.497	-3583.598	168.1003	0.4245018	1.288207	3.11617
36246	-3412.708	-3581.293	168.5842	0.3690142	1.358095	2.848109
36252	-3416.634	-3585.368	168.734	0.4654909	1.410411	2.61353
36258	-3419.479	-3588.599	169.1197	0.3303754	1.493809	2.485088
36264	-3432.74	-3599.927	167.1863	0.4120971	1.18531	3.725505
36270	-3425.206	-3592.448	167.2422	0.4120971	1.240167	3.661485
36276	-3423.172	-3590.915	167.7422	0.4523588	1.386369	3.240513
36282	-3410.444	-3578.791	168.3463	0.4523588	1.367159	2.891
36288	-3417.518	-3585.25	167.7319	0.3248116	1.283475	3.455056
36294	-3410.849	-3578.745	167.8966	0.4302678	1.348956	3.194798
36300	-3414.586	-3582.727	168.1411	0.3725454	1.334704	3.124025
36306	-3406.482	-3574.855	168.3724	0.348709	1.534908	2.894776
36312	-3415.301	-3584.509	169.2085	0.3557686	1.52906	2.372819
36318	-3401.082	-3570.151	169.0688	0.3694973	1.640519	2.372819
36324	-3413.592	-3583.2	169.6088	0.3788562	1.641157	2.010155
36330	-3414.396	-3583.605	169.2089	0.370961	1.616401	2.297138
36336	-3408.481	-3578.061	169.5807	0.370961	1.517904	2.1205
36342	-3416.227	-3585.615	169.3875	0.5054158	1.526235	2.081288
36348	-3423.114	-3592.308	169.1941	0.4275354	1.45834	2.337721
36354	-3419.833	-3588.877	169.0436	0.5554513	1.466611	2.291445
36360	-3409.714	-3579.305	169.5907	0.422718	1.564614	2.016889
36366	-3414.326	-3583.894	169.5677	0.422718	1.564614	2.032195
36372	-3428.36	-3597.583	169.2233	0.3298717	1.63058	2.334135
36378	-3415.417	-3585.493	170.0754	0.3148493	1.678992	1.759188
36384	-3419.07	-3588.15	169.0802	0.4823062	1.3678	2.405928
36390	-3414.754	-3584.506	169.7515	0.3214059	1.634251	2.000405
36396	-3409.455	-3579.095	169.6405	0.3227915	1.659342	2.055379
36402	-3411.928	-3581.157	169.2296	0.3560905	1.50927	2.371616
36408	-3412.341	-3581.3	168.9594	0.4052735	1.524656	2.470368
36414	-3415.194	-3584.248	169.054	0.4336268	1.559583	2.355297
36420	-3424.462	-3593.582	169.1192	0.3938782	1.56925	2.355297
36426	-3422.081	-3591.214	169.1338	0.4624657	1.550162	2.277596
36432	-3425.546	-3594.663	169.1172	0.381439	1.443167	2.451633
36438	-3435.627	-3604.782	169.1549	0.4220319	1.496655	2.344741
36444	-3416.848	-3586.446	169.5985	0.305031	1.56475	2.171144
36450	-3416.34	-3583.247	166.9067	0.4734637	1.166844	3.833636
36456	-3414.534	-3582.189	167.655	0.3836231	1.290095	3.424147
36462	-3410.361	-3578.907	168.546	0.38383	1.345437	2.860935
36468	-3412.696	-3581.526	168.8298	0.4585754	1.467742	2.525972
36474	-3415.271	-3584.918	169.6467	0.3215922	1.54265	2.129689
36480	-3424.95	-3593.804	168.8543	0.330534	1.440257	2.682651
36486	-3416.732	-3585.792	169.0594	0.3774749	1.439926	2.494824
36492	-3406.423	-3575.651	169.2283	0.2708418	1.363136	2.585245
36498	-3406.125	-3573.651	167.5269	0.3347303	1.267878	3.570991
36504	-3407.242	-3574.652	167.41	0.3815004	1.287589	3.570991
36510	-3414.078	-3581.536	167.4586	0.3610922	1.263685	3.580706
36516	-3412.188	-3579.359	167.1713	0.4744657	1.283736	3.612306
36522	-3407.024	-3574.724	167.7008	0.4365914	1.164155	3.412265
36528	-3419.615	-3587.127	167.5122	0.4850714	1.187546	3.459299
36534	-3418.887	-3586.831	167.9435	0.3689201	1.348419	3.237489
36540	-3407.156	-3575.574	168.4177	0.3833693	1.324337	2.951679
36546	-3405.579	-3574.424	168.8451	0.4525558	1.437827	2.541689
36552	-3413.584	-3582.753	169.1687	0.3304911	1.420649	2.50006
36558	-3423.747	-3592.722	168.975	0.4215955	1.430844	2.50006
36564	-3422.951	-3591.762	168.8111	0.4215955	1.389822	2.627366
36570	-3419.229	-3588.254	169.025	0.3667282	1.445969	2.526136
36576	-3405.408	-3574.315	168.907	0.3865096	1.524277	2.526136
36582	-3416.891	-3585.833	168.9419	0.3865096	1.491659	2.524706
36588	-3414.294	-3583.369	169.0753	0.3888676	1.434306	2.474239
36594	-3422.052	-3590.02	167.9681	0.3401879	1.237762	3.32368
36600	-3413.629	-3581.982	168.3537	0.474994	1.29685	2.905157
36606	-3405.359	-3573.659	168.2999	0.3563297	1.306336	3.066092
36612	-3433.377	-3602.574	169.1971	0.397961	1.523087	2.330095
36618	-3421.716	-3590.891	169.1741	0.4101068	1.473189	2.361653
36624	-3409.426	-3578.826	169.3992	0.4678071	1.500082	2.132325
36630	-3404.445	-3573.6	169.1552	0.3622984	1.536407	2.393364
36636	-3417.141	-3586.324	169.1827	0.3622984	1.581485	2.347377
36642	-3417.204	-3583.8	166.5961	0.3790918	1.177664	4.105017
36648	-3410.214	-3576.778	166.5631	0.4043699	1.161222	4.105017
36654	-3404.058	-3571.468	167.41	0.4218757	1.162113	3.598811
36660	-3408.74	-3576.585	167.8455	0.4458477	1.28051	3.248834
36666	-3404.105	-3571.782	167.6767	0.4196218	1.283792	3.37455
36672	-3415.449	-3582.583	167.1341	0.4831905	1.116296	3.722182
36678	-3423.707	-3591.133	167.4263	0.3658365	1.206742	3.626825
36684	-3419.22	-3588.279	169.0596	0.3645879	1.497113	2.475312
36690	-3410.471	-3579.112	168.6408	0.4126308	1.355548	2.763229
36696	-3410.72	-3579.857	169.1376	0.3977999	1.520464	2.369767
36702	-3428.555	-3597.811	169.2565	0.3977145	1.505972	2.303452
36708	-3424.153	-3593.344	169.1914	0.3977145	1.455727	2.376788
36714	-3429.244	-3598.74	169.4964	0.4704677	1.452805	2.096613
36720	-3416.469	-3586.432	169.963	0.4704677	1.613872	1.66868
36726	-3413.276	-3582.858	169.5817	0.4820671	1.591706	1.934335
36732	-3411.322	-3580.898	169.5762	0.4011775	1.595727	2.03288
36738	-3407.509	-3576.32	168.8113	0.3742258	1.487751	2.623382
36744	-3408.161	-3575.453	167.292	0.4339427	1.300413	3.574103
36750	-3407.558	-3574.779	167.2207	0.4822407	1.286818	3.574103
36756	-3423.378	-3591.388	168.0092	0.3376546	1.418771	3.195731
36762	-3411.221	-3579.255	168.0347	0.3794538	1.343221	3.173967
36768	-3414.375	-3583.202	168.8265	0.3436643	1.449964	2.676355
36774	-3411.678	-3580.183	168.5049	0.4174311	1.410023	2.807373
36780	-3425.122	-3593.74	168.6184	0.4301073	1.308784	2.785608
36786	-3424.892	-3593.178	168.2855	0.4416937	1.367415	2.939007
36792	-3420.281	-3588.814	168.5332	0.3925668	1.354932	2.852541
36798	-3414.694	-3582.463	167.7687	0.3957654	1.429574	3.261296
36804	-3412.679	-3579.763	167.084	0.372492	1.27194	3.779223
36810	-3428.171	-3595.212	167.0409	0.4129376	1.137513	3.835935
36816	-3427.45	-3594.967	167.5167	0.4945242	1.174734	3.454846
36822	-3436.586	-3605.206	168.6204	0.3581411	1.277355	2.888621
36828	-3437.563	-3606.216	168.6524	0.5127178	1.2101	2.738096
36834	-3422.173	-3590.097	167.9241	0.4318135	1.337017	3.183906
36840	-3414.181	-3583.043	168.8622	0.4394358	1.451746	2.537017
36846	-3419.366	-3587.558	168.1924	0.3437394	1.291905	3.154504
36852	-3417.767	-3586.732	168.9656	0.3032753	1.504627	2.612181
36858	-3426.886	-3596.074	169.1873	0.3733771	1.431266	2.425185
36864	-3422.415	-3590.678	168.2624	0.4859126	1.397253	2.888467
36870	-3425.908	-3595.657	169.7488	0.3194747	1.557307	2.056121
36876	-3428.295	-3597.912	169.6169	0.4822682	1.53063	1.951502
36882	-3414.577	-3583.345	168.768	0.3740217	1.342695	2.739364
36888	-3418.523	-3586.866	168.3432	0.4416296	1.413211	2.876564
36894	-3419.643	-3587.483	167.84	0.4335412	1.22306	3.299143
36900	-3413.537	-3581.604	168.0666	0.3741379	1.341386	3.16245
36906	-3409.835	-3578.435	168.6001	0.3402289	1.395362	2.85238
36912	-3412.901	-3581.137	168.2358	0.4480417	1.374716	2.957713
36918	-3409.853	-3577.662	167.8099	0.4196674	1.330867	3.268403
36924	-3413.697	-3582.386	168.6893	0.4196674	1.478983	2.649705
36930	-3417.085	-3586.09	169.0052	0.4122361	1.377794	2.525254
36936	-3412.174	-3581.429	169.2554	0.3249344	1.382866	2.477094
36942	-3420.845	-3589.685	168.8404	0.3605013	1.284646	2.747472
36948	-3407.066	-3574.379	167.3135	0.4092846	1.166032	3.666227
36954	-3414.569	-3582.859	168.2901	0.3653932	1.284719	3.073664
36960	-3416.922	-3587.285	170.3627	0.3714641	1.864127	1.318133
36966	-3408.756	-3578.91	170.1539	0.4059472	1.771049	1.499762
36972	-3404.724	-3574.828	170.1038	0.3686049	1.715288	1.631585
36978	-3409.862	-3580.092	170.2296	0.3006384	1.73723	1.631585
36984	-3420.736	-3590.493	169.7575	0.3545415	1.704292	1.901241
36990	-3415.786	-3585.667	169.8811	0.3711884	1.6642	1.820703
36996	-3404.681	-3574.353	169.6729	0.41379	1.614095	1.939992
37002	-3409.388	-3577.844	168.4561	0.2962377	1.319986	3.04389
37008	-3420.692	-3589.102	168.4094	0.3920043	1.29876	2.961853
37014	-3437.709	-3605.194	167.4855	0.4276081	1.099898	3.58493
37020	-3433.722	-3600.004	166.282	0.454398	1.039051	4.28176
37026	-3426.129	-3591.934	165.8048	0.4548581	1.091249	4.521018
37032	-3415.97	-3584.774	168.8043	0.3256146	1.450966	2.713383
37038	-3419.156	-3588.162	169.0064	0.3330819	1.416305	2.600203
37044	-3415.896	-3584.846	168.9502	0.3671749	1.548886	2.508029
37050	-3414.237	-3583.269	169.0321	0.3827353	1.49436	2.471276
37056	-3416.729	-3584.601	167.872	0.3507467	1.363093	3.293219
37062	-3432.168	-3601.087	168.9192	0.4193673	1.370902	2.574715
37068	-3431.302	-3598.971	167.6689	0.4889654	1.364297	3.259547
37074	-3428.899	-3596.701	167.8028	0.3441518	1.145305	3.469805
37080	-3423.264	-3591.172	167.9076	0.3704981	1.258645	3.30973
37086	-3419.457	-3585.683	166.2263	0.3704981	1.12306	4.35547
37092	-3426.99	-3594.57	167.58	0.4215244	1.162957	3.499781
37098	-3423.884	-3591.672	167.7881	0.4136878	1.218606	3.353946
37104	-3415.064	-3582.776	167.7111	0.3830088	1.174827	3.459501
37110	-3411.656	-3578.588	166.9325	0.5354738	1.021668	3.843644
37116	-3413.355	-3581.475	168.1192	0.3164862	1.315656	3.219275
37122	-3409.019	-3577.144	168.1251	0.4800769	1.320994	3.022935
37128	-3421.411	-3589.554	168.143	0.487768	1.298249	3.01803
37134	-3428.771	-3596.331	167.5609	0.3729318	1.119478	3.591017
37140	-3423.565	-3592.359	168.7938	0.3179698	1.43312	2.741175
37146	-3422.701	-3591.932	169.2312	0.3570591	1.525578	2.358959
37152	-3410.46	-3578.953	168.4931	0.3570591	1.393532	2.896716
37158	-3419.714	-3588.621	168.9075	0.3489277	1.497883	2.589878
37164	-3414.058	-3583.367	169.3087	0.4439848	1.529357	2.199483
37170	-3416.927	-3585.93	169.0032	0.4330059	1.568446	2.382555
37176	-3416.832	-3586.076	169.2442	0.3745766	1.439471	2.382555
37182	-3417.72	-3586.73	169.0099	0.432369	1.406153	2.481267
37188	-3411.97	-3580.547	168.5775	0.3648277	1.387595	2.839465
37194	-3414.528	-3582.999	168.4712	0.4154166	1.394741	2.839465
37200	-3410.481	-3578.216	167.7353	0.4154166	1.35091	3.305282
37206	-3411.679	-3579.503	167.8248	0.3940212	1.31046	3.300482
37212	-3408.783	-3576.136	167.3533	0.3965486	1.24284	3.612765
37218	-3417.003	-3584.807	167.8045	0.4528742	1.302086	3.252934
37224	-3412.808	-3582.242	169.4338	0.3785391	1.466079	2.239537
37230	-3416.274	-3584.777	168.5035	0.4126587	1.28787	2.887737
37236	-3427.709	-3597.006	169.2962	0.4437962	1.56294	2.186016
37242	-3426.91	-3596.346	169.4362	0.3853867	1.532952	2.186016
37248	-3426.742	-3595.448	168.706	0.3310277	1.367884	2.816872
37254	-3423.593	-3592.151	168.5577	0.3485672	1.349275	2.8952
37260	-3423.947	-3593.074	169.1266	0.3644862	1.407927	2.48931
37266	-3417.607	-3586.258	168.6515	0.3588488	1.390224	2.800397
37272	-3419.67	-3588.168	168.4982	0.4317366	1.334353	2.841348
37278	-3417.513	-3585.954	168.4404	0.3741426	1.359575	2.927888
37284	-3408.02	-3575.996	167.9763	0.4179783	1.287678	3.197353
37290	-3411.815	-3580.7	168.8851	0.4426672	1.383599	2.561534
37296	-3417.219	-3585.566	168.347	0.3192641	1.400451	3.029457
37302	-3423.155	-3591.082	167.9268	0.3726293	1.478223	3.165988
37308	-3425.502	-3593.362	167.8603	0.3233635	1.235572	3.409825
37314	-3419.499	-3588.397	168.898	0.284093	1.371295	2.763447
37320	-3398.036	-3567.033	168.9963	0.4043995	1.377812	2.540102
37326	-3409.256	-3577.698	168.4415	0.3139351	1.361151	3.003573
37332	-3415.493	-3583.546	168.0531	0.3139351	1.311437	3.264236
37338	-3418.93	-3586.274	167.3437	0.4283197	1.263881	3.571291
37344	-3419.146	-3587.054	167.9081	0.4694562	1.23409	3.214718
37350	-3431.634	-3599.616	167.9821	0.3891712	1.496901	3.102358
37356	-3418.722	-3587.168	168.4465	0.4019604	1.335279	2.905849
37362	-3416.267	-3583.76	167.4932	0.3946894	1.196405	3.560542
37368	-3412.447	-3580.362	167.915	0.4332984	1.259741	3.233441
37374	-3423.589	-3593.078	169.489	0.4935384	1.632138	1.956494
37380	-3424.016	-3593.475	169.4589	0.5015336	1.523163	2.040437
37386	-3427.206	-3597.365	170.1593	0.4376846	1.721267	1.488713
37392	-3422.519	-3592.47	169.9517	0.4682003	1.694524	1.621673
37398	-3418.649	-3588.572	169.9231	0.4243036	1.688133	1.702828
37404	-3426.927	-3596.688	169.7613	0.4202894	1.820996	1.728511
37410	-3425.618	-3593.8	168.1816	0.3538528	1.328615	3.126413
37416	-3422.833	-3590.422	167.5887	0.4452778	1.364592	3.351227
37422	-3412.066	-3580.605	168.5387	0.4452778	1.277951	2.836125
37428	-3419.51	-3587.77	168.2602	0.4452778	1.349051	2.961435
37434	-3419.18	-3586.987	167.8075	0.4991599	1.323443	3.191648
37440	-3411.823	-3580.852	169.0288	0.3701878	1.360361	2.572628
37446	-3421.149	-3591.113	169.9632	0.3781788	1.506612	1.862865
37452	-3415.497	-3585.412	169.9148	0.3884452	1.659458	1.776783
37458	-3422.438	-3592.69	170.2522	0.3927091	1.79016	1.429995
37464	-3417.892	-3588.238	170.3467	0.3665131	1.79016	1.397339
37470	-3410.717	-3580.69	169.9732	0.3965251	1.684353	1.707289
37476	-3415.886	-3586.079	170.1925	0.2700358	1.741929	1.707289
37482	-3416.842	-3586.483	169.641	0.4604273	1.766462	1.799959
37488	-3416.959	-3586.551	169.5919	0.4169847	1.62872	1.980505
37494	-3416.01	-3585.855	169.8452	0.3677008	1.674925	1.842879
37500	-3427.728	-3597.286	169.5585	0.3394558	1.59301	2.12888
37506	-3413.214	-3582.267	169.0532	0.4412254	1.496294	2.387187
37512	-3418.641	-3588.188	169.5479	0.3460642	1.53453	2.164743
37518	-3424.446	-3593.189	168.7428	0.4125325	1.434763	2.65225
37524	-3438.057	-3606.773	168.7158	0.4269825	1.434763	2.65225
37530	-3425.773	-3594.888	169.1154	0.3583066	1.440543	2.483853
37536	-3411.554	-3580.657	169.1033	0.3440528	1.482689	2.483853
37542	-3407.671	-3577.081	169.4099	0.3650288	1.512741	2.242487
37548	-3406.862	-3575.949	169.0876	0.4711608	1.435865	2.370271
37554	-3416.808	-3585.463	168.6549	0.255894	1.395787	2.938628
37560	-3427.454	-3597.365	169.9108	0.4881421	1.778585	1.565389
37566	-3419.369	-3589.369	170.0001	0.3759189	1.742163	1.67605
37572	-3417.196	-3587.08	169.884	0.3436342	1.735921	1.80871
37578	-3425.516	-3595.583	170.0674	0.3481492	1.610824	1.761547
37584	-3423.445	-3592.76	169.315	0.4546585	1.534919	2.179479
37590	-3415.519	-3584.043	168.5243	0.4017723	1.488774	2.765665
37596	-3419.471	-3587.273	167.802	0.4017723	1.42594	3.236898
37602	-3434.01	-3602.211	168.2004	0.4986305	1.355566	2.938177
37608	-3423.004	-3591.315	168.3118	0.3556378	1.247241	3.095133
37614	-3416.401	-3585.55	169.1496	0.365496	1.505977	2.411965
37620	-3432.981	-3600.367	167.3863	0.4383581	1.277681	3.52779
37626	-3435.649	-3603.364	167.7152	0.3834559	1.246458	3.414625
37632	-3417.111	-3585.513	168.402	0.4311517	1.280334	2.932807
37638	-3420.273	-3589.277	169.0044	0.3922228	1.382715	2.546641
37644	-3434.156	-3601.835	167.6788	0.554992	1.228423	3.271336
37650	-3434.781	-3602.224	167.4438	0.3887099	1.339306	3.51293
37656	-3433.598	-3600.769	167.1716	0.4114198	1.207911	3.721733
37662	-3420.585	-3588.002	167.4174	0.4114198	1.23085	3.565951
37668	-3410.91	-3578.844	167.9347	0.4340006	1.159523	3.280264
37674	-3418.434	-3585.771	167.3377	0.4525867	1.220253	3.57465
37680	-3417.796	-3585.326	167.5306	0.3236771	1.282164	3.57465
37686	-3414.614	-3582.673	168.059	0.3372354	1.238514	3.273415
37692	-3415.942	-3583.611	167.6687	0.3691544	1.25766	3.452104
37698	-3417.733	-3584.195	166.4627	0.4020684	1.097661	4.200752
37704	-3408.442	-3577.047	168.6048	0.3095591	1.286383	2.956379
37710	-3417.813	-3585.708	167.8953	0.4382666	1.311278	3.209279
37716	-3422.721	-3591.474	168.7528	0.3528985	1.281574	2.812414
37722	-3418.89	-3586.872	167.9826	0.3979434	1.249204	3.238955
37728	-3419.273	-3587.201	167.9275	0.4062499	1.28839	3.238955
37734	-3415.465	-3582.482	167.0163	0.3479458	1.188717	3.89516
37740	-3416.146	-3584.464	168.3181	0.4002509	1.227781	3.049587
37746	-3421.301	-3590.049	168.748	0.4382591	1.309678	2.696742
37752	-3415.098	-3582.203	167.1044	0.4382591	1.089701	3.799999
37758	-3418.089	-3585.076	166.9872	0.3822439	1.175787	3.878938
37764	-3413.409	-3581.167	167.7576	0.4342305	1.241051	3.336329
37770	-3420.463	-3588.664	168.2012	0.3850886	1.310345	3.087759
37776	-3413.795	-3581.774	167.9791	0.4338071	1.320485	3.158923
37782	-3408.961	-3576.907	167.946	0.3653101	1.268892	3.28733
37788	-3408.028	-3576.648	168.62	0.3965502	1.480069	2.718664
37794	-3419.405	-3587.826	168.4209	0.4402082	1.371571	2.856319
37800	-3424.099	-3591.131	167.0327	0.3509906	1.264508	3.838533
37806	-3425.546	-3593.52	167.9737	0.4191395	1.317136	3.180137
37812	-3407.735	-3576.261	168.5259	0.4825422	1.378824	2.742911
37818	-3420.515	-3589.605	169.09	0.3496148	1.489617	2.480413
37824	-3417.715	-3587.421	169.7069	0.4210152	1.636658	1.892558
37830	-3419.019	-3588.556	169.5375	0.4210152	1.631176	2.010115
37836	-3431.842	-3601.534	169.6922	0.3244872	1.67215	2.010115
37842	-3417.245	-3587.312	170.0665	0.5126138	1.84392	1.366845
37848	-3425.511	-3596.077	170.5663	0.3627964	2.058602	0.9794573
37854	-3414.624	-3584.973	170.3487	0.452401	2.08692	0.9981525
37860	-3419.399	-3589.66	170.2604	0.4581983	1.983102	1.167409
37866	-3412.748	-3583.298	170.5498	0.3772311	1.845423	1.167409
37872	-3420.497	-3591.022	170.5255	0.3086781	1.906882	1.260517
37878	-3412.334	-3582.198	169.8636	0.4100437	1.674529	1.77291
37884	-3409.239	-3579.039	169.7996	0.4888319	1.698755	1.702253
37890	-3414.575	-3583.819	169.2438	0.3628639	1.580573	2.308306
37896	-3417.798	-3587.266	169.4687	0.4490779	1.40977	2.167306
37902	-3413.619	-3583.077	169.4573	0.4705178	1.545246	2.061477
37908	-3419.396	-3588.254	168.8583	0.3377877	1.445286	2.667422
37914	-3421.652	-3589.144	167.4925	0.3720742	1.415125	3.459608
37920	-3424.022	-3591.724	167.7026	0.2940296	1.298382	3.504544
37926	-3421.855	-3588.77	166.9148	0.4398914	1.193877	3.847425
37932	-3426.223	-3595.284	169.0609	0.4399259	1.478322	2.395118
37938	-3425.365	-3594.466	169.1011	0.4399259	1.468713	2.375779
37944	-3422.316	-3590.548	168.2322	0.3677517	1.323256	3.082359
37950	-3423.346	-3590.727	167.3802	0.3523416	1.340989	3.5919
37956	-3424.71	-3592.903	168.1932	0.2836993	1.373789	3.186226
37962	-3419.164	-3588.514	169.3508	0.4481611	1.442582	2.223496
37968	-3416.443	-3585.222	168.7785	0.3165008	1.387863	2.780167
37974	-3411.591	-3580.928	169.3369	0.2775598	1.380602	2.496474
37980	-3411.665	-3580.994	169.329	0.376102	1.519213	2.275839
37986	-3416.803	-3586.176	169.3726	0.3832183	1.627517	2.168706
37992	-3429.064	-3598.618	169.5542	0.4874139	1.515956	1.997519
37998	-3428.776	-3597.669	168.8934	0.3917669	1.344621	2.63957
38004	-3425.894	-3594.011	168.1162	0.4285227	1.262009	3.117925
38010	-3431.683	-3600.634	168.9512	0.337293	1.327	2.683683
38016	-3434.223	-3601.523	167.3002	0.4182229	1.307297	3.582238
38022	-3423.067	-3589.773	166.7069	0.3612715	1.134407	4.087153
38028	-3419.1	-3585.74	166.6407	0.4243667	1.077325	4.087153
38034	-3427.868	-3595.073	167.2051	0.4410806	1.108116	3.728385
38040	-3411.252	-3580.575	169.3227	0.4027574	1.548177	2.227665
38046	-3420.413	-3590.304	169.8908	0.3762015	1.532703	1.897088
38052	-3421.796	-3590.817	169.0216	0.462325	1.32069	2.49395
38058	-3420.659	-3589.519	168.8602	0.3560354	1.327943	2.71457
38064	-3417.883	-3586.381	168.4976	0.4182161	1.423766	2.802589
38070	-3415.12	-3584.171	169.0511	0.4616035	1.455545	2.391358
38076	-3419.408	-3588.516	169.1086	0.4470728	1.550378	2.310952
38082	-3412.161	-3581.799	169.6379	0.3220559	1.530758	2.142528
38088	-3424.392	-3593.908	169.5156	0.424124	1.569768	2.061504
38094	-3416.559	-3585.55	168.9905	0.4246893	1.380437	2.518272
38100	-3408.735	-3577.044	168.3089	0.4230388	1.378371	2.938885
38106	-3422.968	-3591.726	168.7576	0.3596606	1.361248	2.752333
38112	-3431.543	-3600.026	168.4829	0.4287665	1.342056	2.849231
38118	-3412.442	-3581.077	168.6344	0.3910988	1.261978	2.849231
38124	-3424.039	-3592.628	168.5889	0.4457587	1.320871	2.778943
38130	-3412.395	-3579.635	167.2405	0.3920705	1.167336	3.726833
38136	-3424.322	-3592.026	167.7045	0.4134127	1.281869	3.366214
38142	-3419.532	-3587.29	167.759	0.4183744	1.21431	3.368418
38148	-3415.148	-3581.537	166.389	0.4183744	1.167417	4.185444
38154	-3428.846	-3595.574	166.7274	0.292409	1.086654	4.189143
38160	-3418.436	-3585.194	166.7583	0.3766967	1.258126	3.969242
38166	-3419.239	-3586.209	166.9705	0.3241059	1.163641	3.965313
38172	-3410.777	-3577.513	166.7359	0.4043937	1.163641	4.005053
38178	-3418.159	-3585.676	167.5167	0.3973283	1.252497	3.511223
38184	-3419.968	-3588.018	168.0506	0.3173353	1.454873	3.176268
38190	-3408.389	-3576.921	168.5324	0.4235501	1.428274	2.772566
38196	-3415.713	-3584.56	168.8467	0.3477411	1.344643	2.72323
38202	-3431.182	-3599.922	168.7404	0.4071939	1.422101	2.667748
38208	-3438.043	-3606.222	168.1793	0.4200159	1.360226	3.030957
38214	-3428.233	-3596.877	168.644	0.4526966	1.311452	2.743524
38220	-3420.717	-3587.876	167.1591	0.3700411	1.252757	3.749841
38226	-3421.871	-3588.979	167.1075	0.4505918	1.151444	3.749841
38232	-3422.694	-3589.605	166.9113	0.3884588	1.08719	3.966178
38238	-3410.929	-3577.234	166.3051	0.3466181	1.117157	4.34225
38244	-3422.829	-3590.7	167.8712	0.3466181	1.282814	3.346065
38250	-3420.392	-3587.38	166.9887	0.4268625	1.245583	3.788863
38256	-3420.688	-3588.785	168.0974	0.3762613	1.218801	3.214333
38262	-3417.483	-3585.379	167.8956	0.4095498	1.358993	3.21235
38268	-3418.111	-3587.051	168.9394	0.2977698	1.436595	2.67819
38274	-3420.348	-3589.458	169.1092	0.3949558	1.53951	2.379194
38280	-3418.05	-3586.261	168.2105	0.4364226	1.325443	3.015033
38286	-3412.718	-3581.04	168.3223	0.4363467	1.271122	2.980632
38292	-3419.268	-3588.315	169.0473	0.5130714	1.486781	2.318922
38298	-3412.527	-3581.67	169.1426	0.4309453	1.438258	2.379112
38304	-3417.206	-3586.04	168.8337	0.3951497	1.558697	2.539818
38310	-3412.333	-3581.719	169.386	0.4231341	1.499629	2.19326
38316	-3409.49	-3578.467	168.9766	0.4231341	1.540309	2.428594
38322	-3405.333	-3573.788	168.4556	0.406436	1.379396	2.868476
38328	-3413.193	-3581.361	168.168	0.4138451	1.361795	3.043701
38334	-3420.03	-3588.263	168.2332	0.4338369	1.259571	3.043701
38340	-3421.367	-3589.14	167.7736	0.4338369	1.287337	3.300084
38346	-3416.076	-3583.427	167.3508	0.4030657	1.245801	3.605205
38352	-3420.993	-3588.644	167.651	0.3196872	1.368387	3.459367
38358	-3428.121	-3595.767	167.6461	0.4281203	1.197565	3.433819
38364	-3428.213	-3596.58	168.3667	0.3702015	1.337469	2.990344
38370	-3419.032	-3586.992	167.9598	0.3501482	1.353936	3.247569
38376	-3407.703	-3574.324	166.6205	0.3581807	1.19309	4.106593
38382	-3425.623	-3592.114	166.4911	0.3789703	1.215689	4.143278
38388	-3420.385	-3587.379	166.9933	0.5064595	1.280967	3.685932
38394	-3419.87	-3586.367	166.4969	0.4415413	1.106512	4.134537
38400	-3413.372	-3580.323	166.9506	0.387236	1.178786	3.892525
38406	-3428.111	-3594.904	166.7928	0.2702746	1.167635	4.136454
38412	-3436.068	-3604.539	168.4713	0.4650379	1.358897	2.806665
38418	-3437.015	-3605.394	168.3786	0.3212014	1.447603	2.979651
38424	-3422.646	-3591.104	168.4582	0.333425	1.387765	2.951565
38430	-3420.042	-3587.301	167.2587	0.3880225	1.303394	3.642176
38436	-3419.108	-3585.949	166.841	0.349129	1.198484	3.988517
38442	-3410.659	-3578.361	167.702	0.3509683	1.392832	3.375477
38448	-3412.891	-3582.058	169.1665	0.488503	1.481846	2.271854
38454	-3418.479	-3587.895	169.4164	0.4156284	1.55844	2.144389
38460	-3421.896	-3590.708	168.8121	0.3987967	1.402986	2.645263
38466	-3420.729	-3588.987	168.2572	0.41187	1.336923	3.007422
38472	-3423.19	-3592.224	169.0343	0.4591376	1.433523	2.418608
38478	-3420.585	-3589.799	169.214	0.3845673	1.507085	2.346202
38484	-3413.86	-3582.853	168.9931	0.4594759	1.430545	2.446042
38490	-3421.201	-3589.69	168.4897	0.4021185	1.335853	2.879241
38496	-3421.186	-3588.869	167.6836	0.3796188	1.332068	3.387451
38502	-3409.623	-3577.444	167.8205	0.3404237	1.276304	3.387451
38508	-3429.631	-3597.651	168.0205	0.5233267	1.407099	2.991222
38514	-3419.022	-3586.081	167.0583	0.4104544	1.260809	3.757595
38520	-3420.108	-3588.126	168.0183	0.3678595	1.380271	3.175575
38526	-3415.847	-3584.733	168.886	0.445286	1.481321	2.497115
38532	-3416.53	-3584.613	168.0825	0.3123494	1.397269	3.19819
38538	-3425.781	-3593.841	168.0598	0.4146585	1.36037	3.108242
38544	-3412.769	-3582.486	169.7177	0.3066673	1.485683	2.142611
38550	-3419.415	-3586.599	167.1846	0.5609425	1.18692	3.579674
38556	-3424.44	-3592.753	168.3131	0.5609425	1.357051	2.809119
38562	-3405.015	-3574.696	169.6817	0.4209204	1.617973	1.922436
38568	-3410.732	-3580.222	169.4901	0.4209204	1.61231	2.054163
38574	-3418.3	-3586.952	168.6525	0.366694	1.379096	2.796717
38580	-3428.906	-3597.518	168.6112	0.3714297	1.374516	2.818802
38586	-3433.987	-3603.014	169.0269	0.3714297	1.467761	2.505399
38592	-3432.473	-3601.019	168.5454	0.3735184	1.454844	2.807372
38598	-3434.373	-3602.962	168.589	0.4559131	1.496699	2.660125
38604	-3420.926	-3589.617	168.6912	0.4219002	1.410465	2.688109
38610	-3419.491	-3588.265	168.7733	0.3627728	1.443967	2.688109
38616	-3417.987	-3587.091	169.1041	0.3627728	1.615459	2.375033
38622	-3415.67	-3584.234	168.5644	0.3518629	1.493468	2.79945
38628	-3423.213	-3593.028	169.8142	0.285434	1.511626	2.095123
38634	-3409.181	-3578.148	168.9677	0.379861	1.426622	2.557353
38640	-3424.767	-3593.906	169.1389	0.3086222	1.350025	2.59296
38646	-3424.4	-3592.176	167.7753	0.3960066	1.355131	3.301014
38652	-3429.283	-3597.759	168.4765	0.2833485	1.29019	3.067904
38658	-3433.006	-3601.277	168.2716	0.4104018	1.224206	3.067904
38664	-3418.163	-3585.81	167.6467	0.3673902	1.344709	3.41616
38670	-3418.77	-3586.746	167.9758	0.3673902	1.335337	3.227926
38676	-3420.297	-3588.241	167.9447	0.3436515	1.415986	3.227926
38682	-3420.415	-3589.212	168.7962	0.3103858	1.42196	2.756996
38688	-3425.21	-3593.779	168.5684	0.2943552	1.408073	2.926227
38694	-3420.527	-3587.098	166.5705	0.3279165	1.242785	4.143547
38700	-3419.915	-3587.926	168.0108	0.3279165	1.28703	3.285192
38706	-3411.472	-3578.508	167.0362	0.4337028	1.116526	3.828588
38712	-3411.356	-3579.07	167.7148	0.4337028	1.187645	3.393374
38718	-3407.122	-3574.723	167.6003	0.4337028	1.27111	3.411587
38724	-3422.824	-3593.274	170.4507	0.3771961	1.959491	1.154338
38730	-3424.849	-3594.706	169.8569	0.4860553	1.813566	1.581824
38736	-3417.349	-3587.37	170.0208	0.3969216	1.810643	1.581824
38742	-3417.364	-3587.594	170.2292	0.4293749	1.823518	1.367953
38748	-3411.293	-3581.247	169.9537	0.4673702	1.676554	1.634218
38754	-3421.929	-3591.906	169.9777	0.4379679	1.740131	1.608544
38760	-3419.759	-3589.711	169.9516	0.3712369	1.693598	1.751255
38766	-3416.314	-3586.286	169.9717	0.3712369	1.673484	1.751255
38772	-3403.512	-3573.497	169.9854	0.3970785	1.694879	1.690456
38778	-3416.413	-3586.396	169.9826	0.3748832	1.74383	1.688811
38784	-3429.345	-3599.45	170.1048	0.4041295	1.751383	1.55348
38790	-3414.962	-3584.82	169.8588	0.4037531	1.676572	1.783164
38796	-3416.515	-3586.46	169.9452	0.4156166	1.672785	1.709531
38802	-3419.817	-3589.626	169.8091	0.4566063	1.734415	1.709531
38808	-3412.888	-3583.031	170.1432	0.3654888	1.731739	1.595736
38814	-3412.38	-3582.657	170.2763	0.3654888	1.750019	1.483624
38820	-3415.406	-3585.145	169.7389	0.4193026	1.546695	1.933978
38826	-3416.059	-3585.259	169.1994	0.3486996	1.546695	2.376816
38832	-3431.063	-3598.839	167.7761	0.3613683	1.259744	3.397376
38838	-3420.922	-3588.14	167.2178	0.2784876	1.150436	3.891997
38844	-3415.612	-3584.662	169.0503	0.4417328	1.482142	2.397378
38850	-3421.43	-3590.341	168.9107	0.4221844	1.453958	2.52511
38856	-3429.594	-3598.618	169.0242	0.4482753	1.424029	2.443019
38862	-3422.804	-3590.897	168.0935	0.4146289	1.446649	3.036645
38868	-3427.586	-3596.092	168.5055	0.4008428	1.367189	2.85217
38874	-3421.516	-3590.58	169.0645	0.4008428	1.595551	2.364774
38880	-3414.431	-3583.64	169.2091	0.3460064	1.482817	2.414657
38886	-3415.983	-3585.104	169.1211	0.3891382	1.482817	2.414657
38892	-3404.931	-3573.739	168.8076	0.3514442	1.449124	2.678332
38898	-3413.573	-3582.106	168.5327	0.4152008	1.419405	2.787277
38904	-3414.426	-3583.238	168.8119	0.2902655	1.465024	2.749762
38910	-3429.11	-3597.09	167.9803	0.354181	1.3454	3.23548
38916	-3427.113	-3595.857	168.7435	0.3925907	1.355104	2.724278
38922	-3428.36	-3596.778	168.4179	0.4888071	1.506654	2.724278
38928	-3423.097	-3592.358	169.261	0.3733086	1.423899	2.383378
38934	-3424.279	-3593.712	169.433	0.333447	1.488396	2.286074
38940	-3413.057	-3582.898	169.8406	0.4084124	1.656262	1.803727
38946	-3415.051	-3584.548	169.4964	0.4453053	1.658457	1.989794
38952	-3419.598	-3589.323	169.725	0.3291997	1.640817	2.002204
38958	-3409.213	-3578.823	169.6093	0.3620724	1.632425	2.038231
38964	-3417.102	-3586.685	169.5835	0.4691407	1.633853	1.919635
38970	-3428.931	-3595.416	166.4847	0.3277283	1.14012	4.250765
38976	-3440.58	-3606.447	165.8676	0.36255	1.346185	4.441126
38982	-3432.017	-3598.308	166.291	0.36255	1.082693	4.350913
38988	-3427.644	-3593.976	166.3328	0.4283539	1.144594	4.219792
38994	-3426.473	-3592.194	165.7213	0.3759111	0.9445209	4.733365
39000	-3425.91	-3593.852	167.9416	0.3542527	1.267752	3.304079
39006	-3427.629	-3596.709	169.0796	0.3589822	1.358889	2.556268
39012	-3414.58	-3584.886	170.3055	0.3327499	1.772218	1.496953
39018	-3422.39	-3592.512	170.1222	0.4364192	1.749762	1.496953
39024	-3422.703	-3592.544	169.8411	0.4364192	1.774959	1.683653
39030	-3419.479	-3588.934	169.4545	0.4333199	1.655774	2.033863
39036	-3415.827	-3585.502	169.6748	0.4751274	1.603424	1.871261
39042	-3407.92	-3577.47	169.5501	0.5173265	1.631661	1.889205
39048	-3402.033	-3571.911	169.8776	0.369735	1.570558	1.889205
39054	-3415.21	-3584.845	169.6351	0.4430971	1.673034	1.889205
39060	-3415.935	-3585.703	169.7688	0.3546034	1.645961	1.932953
39066	-3425.07	-3594.667	169.5978	0.6112242	1.576785	1.796117
39072	-3418.966	-3588.506	169.5402	0.5421409	1.584991	1.900836
39078	-3420.287	-3589.613	169.3259	0.5947688	1.422693	2.098967
39084	-3421.872	-3591.45	169.5777	0.4099831	1.501352	2.083133
39090	-3422.3	-3591.602	169.3025	0.5309346	1.577803	2.076253
39096	-3409.742	-3578.973	169.2309	0.4909172	1.506262	2.212092
39102	-3419.71	-3589.438	169.7281	0.4490079	1.521602	1.921611
39108	-3415.998	-3585.748	169.7496	0.3429155	1.484607	2.069739
39114	-3424.392	-3594.041	169.6486	0.3671849	1.484607	2.102846
39120	-3407.599	-3577.263	169.6636	0.3514494	1.510269	2.097567
39126	-3417.851	-3587.258	169.4063	0.3738411	1.639879	2.150925
39132	-3419.232	-3588.548	169.3159	0.4328703	1.533779	2.204928
39138	-3416.581	-3585.828	169.247	0.3481944	1.521918	2.363026
39144	-3414.355	-3583	168.6446	0.4722236	1.344167	2.702198
39150	-3408.221	-3576.697	168.4752	0.4109155	1.335024	2.878357
39156	-3408.983	-3577.48	168.4967	0.4150949	1.26667	2.901894
39162	-3415.274	-3583.385	168.1116	0.4682335	1.310557	3.049419
39168	-3419.236	-3587.655	168.419	0.3950177	1.295879	2.954285
39174	-3402.962	-3571.498	168.5361	0.3283292	1.418715	2.892595
39180	-3417.289	-3586.62	169.3314	0.3836596	1.561494	2.237487
39186	-3410.341	-3579.685	169.3442	0.3836596	1.548693	2.237487
39192	-3412.248	-3581.25	169.0021	0.4012087	1.438085	2.502716
39198	-3414.918	-3584.151	169.2331	0.4012087	1.478442	2.331615
39204	-3424.831	-3594.269	169.4377	0.380937	1.520274	2.198937
39210	-3416.287	-3585.889	169.6019	0.3698234	1.482315	2.131376
39216	-3420.326	-3590.101	169.7749	0.3698234	1.513768	1.996453
39222	-3427.714	-3597.235	169.5204	0.4276965	1.610114	2.027278
39228	-3429.336	-3598.251	168.9147	0.4427938	1.603274	2.405323
39234	-3423.978	-3592.638	168.6599	0.4511403	1.314363	2.733671
39240	-3427.967	-3596.054	168.0869	0.3601758	1.308116	3.187071
39246	-3422.611	-3590.924	168.3135	0.3601758	1.292188	3.061648
39252	-3422.694	-3590.508	167.8136	0.388948	1.215333	3.368829
39258	-3419.717	-3587.756	168.0395	0.3567338	1.301915	3.223043
39264	-3417.368	-3586.13	168.7615	0.3791974	1.379523	2.714474
39270	-3427.553	-3596.34	168.7866	0.3734991	1.228158	2.798547
39276	-3412.028	-3580.441	168.4128	0.4699699	1.259475	2.897234
39282	-3426.533	-3595.107	168.5742	0.2512412	1.414067	2.983418
39288	-3420.216	-3587.242	167.0255	0.3949456	1.236563	3.807614
39294	-3422.807	-3589.728	166.9214	0.3562362	1.313961	3.867724
39300	-3421.51	-3588.938	167.4281	0.4043531	1.249514	3.556695
39306	-3422.411	-3590.1	167.6893	0.3694468	1.267474	3.43399
39312	-3413.929	-3581.583	167.6531	0.419624	1.29958	3.379111
39318	-3408.573	-3576.829	168.256	0.3238968	1.289398	3.143868
39324	-3415.024	-3582.613	167.5889	0.4077049	1.226882	3.472447
39330	-3407.504	-3575.173	167.6685	0.3211376	1.395806	3.431224
39336	-3421.095	-3590.079	168.9838	0.3058497	1.499662	2.600287
39342	-3414.48	-3582.721	168.2412	0.3286746	1.385786	3.088972
39348	-3418.214	-3586.34	168.1252	0.3212946	1.518169	3.088972
39354	-3413.275	-3582.048	168.7729	0.5357423	1.40283	2.521961
39360	-3408.597	-3577.639	169.0428	0.3819455	1.443918	2.497143
39366	-3401.146	-3570.206	169.06	0.2763199	1.489306	2.602949
39372	-3411.969	-3581.111	169.1422	0.3524674	1.406702	2.495907
39378	-3421.261	-3591.099	169.8379	0.4260682	1.481778	1.902438
39384	-3409.496	-3578.068	168.5726	0.3705749	1.360038	2.852031
39390	-3420.032	-3589.244	169.2114	0.2884468	1.544908	2.45568
39396	-3416.934	-3586.403	169.4693	0.3203309	1.507443	2.269114
39402	-3414.515	-3583.587	169.0721	0.3860953	1.438034	2.477367
39408	-3421.02	-3589.477	168.4573	0.4884809	1.444526	2.738528
39414	-3415.13	-3584.33	169.2005	0.3429204	1.474645	2.429375
39420	-3416.102	-3585.045	168.9431	0.4226974	1.426628	2.521334
39426	-3428.745	-3598.14	169.3954	0.2754397	1.533889	2.366433
39432	-3418.62	-3587.963	169.3436	0.3917561	1.571837	2.212616
39438	-3419.632	-3588.861	169.2282	0.4348187	1.60603	2.212616
39444	-3418.813	-3587.824	169.0104	0.3793654	1.650667	2.390797
39450	-3423.564	-3593.017	169.4524	0.3793654	1.716053	2.063494
39456	-3433.098	-3602.663	169.5652	0.316659	1.670516	2.106627
39462	-3424.678	-3591.209	166.5313	0.3907799	1.193179	4.119925
39468	-3433.843	-3600.915	167.0719	0.3923858	1.185037	3.813464
39474	-3417.197	-3587.097	169.9005	0.3833174	1.709721	1.758783
39480	-3416.044	-3585.623	169.5792	0.3676736	1.655175	2.035484
39486	-3419.26	-3588.734	169.4737	0.4787051	1.676486	1.953833
39492	-3432.548	-3601.05	168.5027	0.2511765	1.323776	3.08039
39498	-3431.337	-3599.495	168.1586	0.3045443	1.29865	3.222139
39504	-3427.902	-3595.867	167.9653	0.4180488	1.24258	3.23053
39510	-3440.15	-3607.71	167.5602	0.4893859	1.202406	3.418261
39516	-3421.966	-3588.833	166.8666	0.3539142	1.208355	3.962492
39522	-3410.945	-3578.285	167.3404	0.3622252	1.229194	3.667877
39528	-3411.61	-3579.304	167.6944	0.391624	1.223702	3.430758
39534	-3420.123	-3587.506	167.3835	0.4355511	1.273958	3.534556
39540	-3426.133	-3594.904	168.7707	0.3928866	1.38004	2.691927
39546	-3423.284	-3592.212	168.9276	0.4584273	1.460736	2.469371
39552	-3416.697	-3585.808	169.1115	0.4908014	1.498954	2.293632
39558	-3406.926	-3575.918	168.9921	0.4450202	1.468681	2.438831
39564	-3405.027	-3574.819	169.7915	0.4453295	1.576345	1.845649
39570	-3411.956	-3582.149	170.1931	0.4453295	1.849792	1.352833
39576	-3410.598	-3581.003	170.4053	0.3456152	1.784308	1.390177
39582	-3414.025	-3584.086	170.061	0.3499582	1.72864	1.680382
39588	-3426.973	-3596.652	169.6789	0.3081983	1.645616	2.060806
39594	-3409.164	-3578.673	169.5085	0.4087134	1.471071	2.149818
39600	-3409.691	-3578.835	169.1446	0.4931781	1.443254	2.305522
39606	-3415.163	-3584.713	169.5507	0.4125748	1.561842	2.057851
39612	-3427.55	-3594.92	167.3703	0.4089212	1.291161	3.561022
39618	-3424.192	-3591.82	167.6281	0.3130364	1.231914	3.561022
39624	-3425.158	-3593.561	168.4037	0.3611967	1.22257	3.04807
39630	-3417.354	-3585.548	168.1937	0.4405769	1.297805	3.037153
39636	-3431.776	-3599.141	167.3656	0.3885412	1.334295	3.561557
39642	-3433.422	-3600.225	166.8025	0.3372607	1.166376	4.043306
39648	-3419.532	-3587.577	168.0444	0.3372607	1.292245	3.250257
39654	-3430.816	-3598.855	168.0398	0.2808332	1.272202	3.340892
39660	-3428.822	-3596.161	167.3397	0.3553025	1.324328	3.621506
39666	-3418.988	-3584.229	165.2414	0.3107111	1.081409	5.002174
39672	-3422.233	-3588.024	165.7912	0.3891102	1.229363	4.51982
39678	-3422.438	-3589.576	167.1384	0.3840747	1.286472	3.726092
39684	-3411.049	-3578.197	167.148	0.3840747	1.233576	3.751039
39690	-3440.589	-3606.902	166.313	0.4074942	1.101898	4.277306
39696	-3430.022	-3598.338	168.3162	0.380176	1.38144	2.982214
39702	-3418.62	-3587.924	169.3031	0.380176	1.476367	2.314558
39708	-3409.553	-3578.084	168.5305	0.3747586	1.354929	2.875521
39714	-3418.776	-3587.278	168.5012	0.2976452	1.420095	2.954792
39720	-3413.22	-3581.67	168.4504	0.4217399	1.310887	2.895661
39726	-3411.529	-3580.398	168.8693	0.3828137	1.321635	2.679411
39732	-3403.865	-3572.346	168.4806	0.3837286	1.263711	2.949921
39738	-3413.534	-3581.704	168.1704	0.3837286	1.207729	3.168794
39744	-3419.285	-3587.959	168.6735	0.3243376	1.328805	2.869222
39750	-3419.646	-3588.131	168.4849	0.387932	1.375168	2.874991
39756	-3411.178	-3579.841	168.6632	0.310517	1.311374	2.904742
39762	-3420.404	-3587.555	167.1514	0.3193263	1.255629	3.814889
39768	-3420.655	-3588.667	168.0122	0.3705699	1.19036	3.288262
39774	-3415.893	-3583.368	167.475	0.3044885	1.306095	3.618207
39780	-3419.076	-3586.359	167.2825	0.3955881	1.233482	3.66035
39786	-3431.083	-3599.361	168.2783	0.4259869	1.316081	2.991444
39792	-3428.905	-3596.053	167.1477	0.4838814	1.224674	3.650912
39798	-3427.636	-3596.815	169.1793	0.4286768	1.446673	2.353197
